type,doi,title,journal,year
OA(可免费),10.1111/jipb.70272,"Single-cell insights into plant growth, adaptation, and evolution.",,
OA(可免费),10.1146/annurev-arplant-081720-010120,Advances and Opportunities in Single-Cell Transcriptomics for Plant Research.,,
OA(可免费),10.1016/j.molp.2020.06.010,Global Dynamic Molecular Profiling of Stomatal Lineage Cell Development by Singl,,
OA(可免费),10.1038/s41587-023-01767-y,"Dictionary learning for integrative, multimodal and scalable single-cell analysi",,
OA(可免费),10.1016/j.plaphy.2026.111365,Nano-biochar regulates soil enzymatic activities and nitric oxide signaling to i,,
OA(可免费),10.1016/j.plaphy.2026.111422,"Rice cold tolerance: Physiological responses, molecular regulatory networks, and",,
OA(可免费),10.1111/pce.70640,Endophyte Bacillus sp. RE35 Enhances Cd Trap in Rice Roots Via Root Cell Wall Re,,
OA(可免费),10.1111/pce.70638,A Plasmodiophora Brassicae Effector PbCBM1 Promotes Clubroot Susceptibility by C,,
OA(可免费),10.1016/j.xplc.2026.101938,GhOFP1-GhTALE-GhXTHB transcriptional cascade regulates cotton stem vascular camb,,
OA(可免费),10.1111/pbi.70690,Staurosporine Targets Mitochondrial Regulator VdAtuA3 to Disrupt Mitochondrial H,,
OA(可免费),10.1002/1878-0261.70310,Spatial biology in cancer epigenetics,,
OA(可免费),10.1002/advs.202523088,Harnessing MDM2‐Mediated Targeted Degradation of Transcriptional and Epigenetic,,
OA(可免费),10.1002/advs.76152,A Single‐Cell Transcriptomic Atlas of the Ovine Rumen Microbiome Characterizes L,,
OA(可免费),10.1002/advs.76165,Targeting the HSPA8‐CMA‐ATP6V1A Axis Triggers Lysosomal Hyperacidification and C,,
OA(可免费),10.1002/advs.76615,An Artificially Selected Cytokinin‐Pathway Transcription Factor Balances Soybean,,
OA(可免费),10.1002/anie.8155133,Intracellular Proton Enrichment Drives Unified Dual‐Cofactor Regeneration for Bi,,
OA(可免费),10.1002/mco2.70884,Pathogenesis of Tuberculosis: Interplay Between Host Antituberculosis Immunity a,,
OA(可免费),10.1007/jhep06(2026)063,ψ(2S) production in jets using NRQCD,,
OA(可免费),10.1007/s00203-026-05001-6,Transcriptome and metabolome analyses reveal insights into the response of Morch,,
OA(可免费),10.1007/s00262-026-04478-w,Mechanistic insights on mogrosides as bifunctional regulators of metabolic repro,,
OA(可免费),10.1007/s00432-026-06535-4,The transcription factor ZNF217 drives hepatocellular carcinoma progression by a,,
OA(可免费),10.1007/s00468-026-02790-7,The effect of exogenous sucrose on the anatomical structure of secondary tissues,,
OA(可免费),10.1007/s10238-026-02181-9,PYCR1 promotes glutamine metabolism and the progression of lung adenocarcinoma b,,
OA(可免费),10.1007/s10238-026-02211-6,Identifying PLAU as a shared pathogenic gene in type 2 diabetes and bladder urot,,
OA(可免费),10.1007/s10725-026-01472-1,The ‘stemness’ trait in recalcitrant seeds of Garcinia xanthochymus is modulated,,
OA(可免费),10.1007/s11033-026-12203-0,Small nucleolar RNA host genes in hepatocellular carcinoma: an evidence-weighted,,
OA(可免费),10.1007/s12015-026-11172-y,Next-Generation Hepatocyte Expansion: Bridging Molecular Reprogramming with Mult,,
OA(可免费),10.1007/s12672-026-05287-4,A prognostic model for breast cancer based on mitochondria-associated endoplasmi,,
OA(可免费),10.1007/s12672-026-05289-2,Single cell and spatial atlas of macrophage and astrocyte interactions in gliobl,,
OA(可免费),10.1007/s12672-026-05313-5,Integrative pan-cancer analysis of transferrin reveals context-dependent prognos,,
OA(可免费),10.1007/s12672-026-05322-4,AGPAT family members act as potential predictive biomarkers and therapeutic targ,,
OA(可免费),10.1007/s12672-026-05342-0,GFPT2 upregulation predicts poor prognosis and is associated with TGF-β/Smad act,,
OA(可免费),10.1007/s12672-026-05372-8,EGFL6 predicts unfavorable prognosis and serves as a potential indicator in esop,,
OA(可免费),10.1007/s12672-026-05374-6,A systematic scoping review of the molecular pathogenesis of digestive system ca,,
OA(可免费),10.1007/s12672-026-05380-8,Hypomethylation of FAM83A in lung adenocarcinoma mirrors an epigenetic signature,,
OA(可免费),10.1007/s12672-026-05437-8,Integrative analysis of the roles and prognostic value of RNA-binding proteins i,,
OA(可免费),10.1007/s12672-026-05454-7,Multi-omics analysis identifies GINS1 as a prognostic biomarker in lung adenocar,,
OA(可免费),10.1007/s13205-026-04911-y,Integrated bioinformatics analysis and experimental validation reveal circFoxO1,,
OA(可免费),10.1007/s44499-026-00008-5,Sex-stratified evaluation of immune and cell cycle transcriptional programs in l,,
OA(可免费),10.1016/j.abst.2026.06.003,miRNA-mRNA multi-omics integration in breast cancer staging,,
OA(可免费),10.1016/j.acthis.2026.152348,Developmental stage-specific localization of CK1α protein in the mouse ovary,,
OA(可免费),10.1016/j.actpsy.2026.107138,Numerical precision or inhibitory control? Exploring latent profiles in preschoo,,
OA(可免费),10.1016/j.adna.2026.03.003,Composite materials for interfacial engineering of organic solar cells,,
OA(可免费),10.1016/j.afres.2026.102336,Identification of microorganisms present in a novo biopolymer based on nanocellu,,
OA(可免费),10.1016/j.agee.2026.110475,Spatial scale dependence of plant functional diversity and its response to land-,,
OA(可免费),10.1016/j.amolm.2026.100111,Integrative multi-omics analysis for diagnosis and molecular profiling of multip,,
OA(可免费),10.1016/j.apcatb.2026.126992,Scalable one-step preparation of supported ultrasmall CeO2 with optimized Lewis,,
OA(可免费),10.1016/j.apcatb.2026.127003,Entropy-engineered 2D layered double hydroxides as efficient single-component vi,,
OA(可免费),10.1016/j.apergo.2026.104859,Ergonomic enhancement of a light-guided vocal fold injection device: Addressing,,
OA(可免费),10.1016/j.aqrep.2026.103701,Regulation of growth and biomineralization by transcription factor PmRunt in Pin,,
OA(可免费),10.1016/j.asej.2026.104354,An API recommendation method fusing context and semantic,,
OA(可免费),10.1016/j.bbrep.2026.102649,"Pan-cancer expression, methylation, and prognostic significance of α7 nicotinic",,
OA(可免费),10.1016/j.bbrep.2026.102721,Vibrio parahaemolyticusAHPND infection altered eicosanoid biosynthesis in the ga,,
OA(可免费),10.1016/j.biombioe.2026.109675,Inert-gas-free thermochemical conversion of banana pseudostem under oxygen-limit,,
OA(可免费),10.1016/j.biopha.2026.119764,Carnosic acid and carnosol promote lipid mediator class-switching toward inflamm,,
OA(可免费),10.1016/j.biortech.2026.134965,Simulation of a pyrolysis plant for tropical agricultural residues: biochar yiel,,
OA(可免费),10.1016/j.biortech.2026.135029,"De novo gamma-decalactone bioproduction from Ashbya gossypii: Process design, te",,
OA(可免费),10.1016/j.bios.2026.118973,"GLASS-seq: a gel-anchored, ligation-assisted, scalable biosensing platform for l",,
OA(可免费),10.1016/j.breast.2026.104806,From CDK4/6 to CDK2 and KAT: Evolving therapeutic approaches in HR+/HER2– breast,,
OA(可免费),10.1016/j.bse.2026.105283,Chemical profile of the essential oil from leaves and fruit of Croton blanchetia,,
OA(可免费),10.1016/j.cca.2026.121206,Multiplex methylation marker analysis for ctDNA detection in liquid biopsies fro,,
OA(可免费),10.1016/j.cca.2026.121213,Performance of Free Light Chain reagents in the Dutch External Quality Assessmen,,
OA(可免费),10.1016/j.cca.2026.121232,"Integrating lung microbiome, amino acid metabolism, and host immune response in",,
OA(可免费),10.1016/j.ces.2026.124171,Multi-objective optimization of fluidized bed hydrodynamics via spatial modulati,,
OA(可免费),10.1016/j.ces.2026.124663,Robust surrogate-assisted batch-to-batch optimization of consolidated bioprocess,,
OA(可免费),10.1016/j.cnt.2026.100028,Construction of K-doped g-C3N4-based heterojunctions for efficient light-driven,,
OA(可免费),10.1016/j.compchemeng.2026.109746,Accelerated robust spatial Branch-and-Bound algorithm via multi-parametric progr,,
OA(可免费),10.1016/j.displa.2026.103562,Two-dimensional liquid crystal lens array for light field 3D displays,,
OA(可免费),10.1016/j.dsvis.2025.100002,Spatial semantic information model (SSIM): A review for a multi-dimensional data,,
OA(可免费),10.1016/j.ecoenv.2026.120529,Effects of the co-application of biochar and trace elements on cadmium passivati,,
OA(可免费),10.1016/j.eist.2026.101177,Socio-technical pathways of automotive decarbonization: evidence from patent net,,
OA(可免费),10.1016/j.eja.2026.128200,Genetic gains in wheat spike fertility and associated floret development attribu,,
OA(可免费),10.1016/j.ejcped.2026.100532,A phase II trial of intrathecal liposomal cytarabine and chemoimmunotherapy with,,
OA(可免费),10.1016/j.epsr.2026.113149,A novel multi-source spatial-temporal forecasting network for power prediction o,,
OA(可免费),10.1016/j.epsr.2026.113677,Exploratory data analysis of lightning location and return-stroke parameters at,,
OA(可免费),10.1016/j.epsr.2026.113877,A method for quantifying availability losses caused by PV inverter start-up dela,,
OA(可免费),10.1016/j.epsr.2026.113973,"Multispectral correlation of infrared, ultraviolet, and leakage current attribut",,
OA(可免费),10.1016/j.eswa.2026.133087,Neural fusion and rendering of multidimensional light field for holographic ster,,
OA(可免费),10.1016/j.fm.2026.105151,Microbial succession and spoilage dynamics revealed by multi-omics in Norway lob,,
OA(可免费),10.1016/j.fm.2026.105163,Cross-feeding and stress response are the basis of increased fruitiness and leav,,
OA(可免费),10.1016/j.fochms.2026.100438,Microbial-associated lipid oxidation drives flavor deterioration of Zanba during,,
OA(可免费),10.1016/j.foodcont.2026.112465,An integrated multi-omics framework reveals ecological and metabolic drivers of,,
OA(可免费),10.1016/j.foodhyd.2026.113011,"Current overview, challenges, and future prospects in the encapsulation of bioac",,
OA(可免费),10.1016/j.foohum.2026.101356,Towards the establishment of a comprehensive food inspection system: An approach,,
OA(可免费),10.1016/j.fsigen.2026.103582,Small decisions about nothing can have a large effect on DNA transfer modelling,,
OA(可免费),10.1016/j.fsisyn.2026.100719,"Interpol review of gunshot residue, 2022 to 2024.",,
OA(可免费),10.1016/j.fuel.2026.139671,Stability and catalytic performance of Single-Atom catalysts supported on BN-ixe,,
OA(可免费),10.1016/j.fuel.2026.139871,Transformation and modes of occurrence of rare earth elements in coal fly ash fr,,
OA(可免费),10.1016/j.fuel.2026.139925,Tailoring iron-based catalysts via support variation and metal loading for effic,,
OA(可免费),10.1016/j.fuel.2026.141056,Effects of water-soluble amino acid promoters on the formation kinetics of liqui,,
OA(可免费),10.1016/j.geomat.2026.100122,A spatio-temporal model for wildfire spread prediction in Thailand using multi-s,,
OA(可免费),10.1016/j.idm.2026.06.001,Stochastic threshold dynamics of an HIV model with latent cell activation under,,
OA(可免费),10.1016/j.indcrop.2026.123709,O-methylated catechins in tea plant (Camellia sinensis): From biological activit,,
OA(可免费),10.1016/j.indcrop.2026.123712,"NtPNRF1, a novel gene regulating photosynthesis and flavonoid biosynthesis in Ni",,
OA(可免费),10.1016/j.indcrop.2026.123963,CsPPR203 regulates plastid RNA editing to mediate yellowish/albino leaf phenotyp,,
OA(可免费),10.1016/j.inffus.2026.104518,A brain-inspired low-light and infrared multimodal remote sensing detection netw,,
OA(可免费),10.1016/j.isci.2026.115885,Unbiased CRISPR synthetic lethal screening for genetic vulnerabilities in a succ,,
OA(可免费),10.1016/j.isci.2026.116452,Tandem single-cell epigenetic and transcriptomic analysis reveals spatiotemporal,,
OA(可免费),10.1016/j.isci.2026.116870,A single-cell transcriptomic atlas of peripheral blood immune cells spanning pro,,
OA(可免费),10.1016/j.jenvman.2026.130244,Lipid biosynthesis from HTC-AP of sewage sludge using engineered Yarrowia lipoly,,
OA(可免费),10.1016/j.jep.2026.121856,Integrated multi-omics analysis unveils biochemical mechanism of a triterpenoid-,,
OA(可免费),10.1016/j.jep.2026.121953,Systemic and topical use of herbal drugs vary by plant organ and chemosensory pr,,
OA(可免费),10.1016/j.jep.2026.121993,Corrigendum to “Integrated multi-omics analysis unveils biochemical mechanism of,,
OA(可免费),10.1016/j.jep.2026.122197,Guizhi Wuling Decoction alleviates myocardial fibrosis by restoring mitochondria,,
OA(可免费),10.1016/j.jevs.2026.106054,Molecular detection of Toxoplasma gondii in an aborted equine fetus and serologi,,
OA(可免费),10.1016/j.jfoodeng.2026.113149,Tribo-electrostatic separation of rice bran protein at distinctive pH: Where sur,,
OA(可免费),10.1016/j.jfutfo.2024.11.021,Light-stable carboxymethyl cellulose-based smart packaging film for real-time vi,,
OA(可免费),10.1016/j.jfutfo.2024.11.022,Multi-omics analysis reveals the anti-obesity and hepatoprotective properties of,,
OA(可免费),10.1016/j.jfutfo.2024.11.024,"Biological functions, synthetic biology strategies, and application prospects of",,
OA(可免费),10.1016/j.jfutfo.2025.02.011,Discovery of novel key non-volatile metabolites linked to Lactiplantibacillus pl,,
OA(可免费),10.1016/j.jfutfo.2025.07.011,Improving physicochemical and sensory properties of plant-based meat patties wit,,
OA(可免费),10.1016/j.jfutfo.2025.08.007,New insights into the improvement of static magnetic field on α-amylase activity,,
OA(可免费),10.1016/j.jia.2026.06.001,Unraveling the molecular and metabolic mechanisms of 6-benzylaminopurine-mediate,,
OA(可免费),10.1016/j.jshs.2025.101098,Human development and gender inequality are associated with cardiorespiratory fi,,
OA(可免费),10.1016/j.jshs.2025.101099,Associations of accelerometer-measured light-intensity physical activity with mo,,
OA(可免费),10.1016/j.jxh.2026.100008,Modulating terpenoid biosynthesis in mint (Mentha spicata L.) through the applic,,
OA(可免费),10.1016/j.marpolbul.2026.119965,In situ experimental evidence of the effects of commercial sunscreens and their,,
OA(可免费),10.1016/j.mec.2026.e00286,"Reconstituting a two-step pathway for N,N-dimethyltryptamine (DMT) biosynthesis",,
OA(可免费),10.1016/j.micres.2026.128562,Mutualistic interaction between Herbaspirillum seropedicae and Trichoderma longi,,
OA(可免费),10.1016/j.mores.2026.100003,Recent research progress of plant-derived chlorogenic acid in cancer therapy: An,,
OA(可免费),10.1016/j.napere.2026.100212,Seed biopriming with Trichoderma-secondary metabolites promotes plant growth and,,
OA(可免费),10.1016/j.ncrops.2025.100089,Establishment and optimization of CUT&amp;Tag for identifying transcription fact,,
OA(可免费),10.1016/j.nonrwa.2026.104700,The role of dormancy in survival under periodic stress: A delayed chemostat mode,,
OA(可免费),10.1016/j.nxnano.2026.100562,Engineering cellulose nanocrystals from plant waste biomass as next-generation f,,
OA(可免费),10.1016/j.pce.2026.104578,Analysis of the standardized precipitation index and its impact on drought hydro,,
OA(可免费),10.1016/j.phage.2026.100005,"Enhanced suppression of Pseudomonas coronafaciens pv. garcae, the etiological ag",,
OA(可免费),10.1016/j.phrs.2026.108350,Oleoylethanolamide attenuates early skeletal muscle metabolic remodeling induced,,
OA(可免费),10.1016/j.plantsci.2026.113157,Effects of loss of CO<sub>2</sub>-Responsive CCT Protein interaction with 14-3-3,,
OA(可免费),10.1016/j.plantsci.2026.113196,Predictive models for phenotyping and classification of wheat cultivar viability,,
OA(可免费),10.1016/j.plantsci.2026.113214,Physiological and agronomic responses of cucurbit crops to drought and combined,,
OA(可免费),10.1016/j.plantsci.2026.113266,"Role of plant nutritional balance under combined abiotic stress conditions, and",,
OA(可免费),10.1016/j.plaphy.2026.111412,"PmTCP18, a class I TCP transcription factor from Prunus mume, regulates plant he",,
OA(可免费),10.1016/j.plaphy.2026.111468,The pentose phosphate pathway coordinates cytokinin homeostasis and CpG island m,,
OA(可免费),10.1016/j.plaphy.2026.111567,The auxin response factor PgARF19 directly activates PgFLP and PgPIN3 to regulat,,
OA(可免费),10.1016/j.precisioneng.2026.06.011,Photometrically robust Fourier light field microscopy measuring method using spa,,
OA(可免费),10.1016/j.psychres.2026.117277,Multi-omics integration identifies cell-type-specific CISD1 and QDPR as druggabl,,
OA(可免费),10.1016/j.pvmrsr.2026.100016,"Presence and diversity of Leptospira species and serogroups in domestic animals,",,
OA(可免费),10.1016/j.rama.2026.01.006,A Case for Vegetative Restoration via Sprigging as an Effective Restoration Tool,,
OA(可免费),10.1016/j.rama.2026.06.010,Evaluating Herbicide Combinations and Application Rates on Texas Pricklypear,,
OA(可免费),10.1016/j.ress.2026.112987,A Petri Net-based asset management model for polymer electrolyte membrane electr,,
OA(可免费),10.1016/j.rineng.2026.111675,Tracking microfibres along the sludge line of a full-scale wastewater treatment,,
OA(可免费),10.1016/j.semcdb.2026.103686,Multiscale biophysical control of epithelial shape transitions during animal dev,,
OA(可免费),10.1016/j.supmat.2025.100121,Light-triggered one-pot synthesis of covalent-supramolecular double network elas,,
OA(可免费),10.1016/j.supmat.2026.100139,Single-molecule studies reveal that the Ca2+ ions form maximum bridges with poly,,
OA(可免费),10.1016/j.synbio.2026.04.010,Metabolic engineering of Saccharomyces cerevisiae for co-production of ergothion,,
OA(可免费),10.1016/j.synbio.2026.04.021,High-level amyrin production in Yarrowia lipolytica via metabolic and enzyme eng,,
OA(可免费),10.1016/j.synbio.2026.04.023,Unconditional de novo generation and functional validation of synthetic promoter,,
OA(可免费),10.1016/j.synbio.2026.04.031,The acetylation mechanism and engineering strategy of isocitrate lyase for optim,,
OA(可免费),10.1016/j.synbio.2026.04.041,Metabolic engineering of Vibrio natriegens for the efficient biosynthesis of erg,,
OA(可免费),10.1016/j.synbio.2026.05.002,"De novo production of (−)-limonene, (−)-carveol and (−)-carvone via engineering",,
OA(可免费),10.1016/j.synbio.2026.05.011,Metabolic engineering of Escherichia coli based on adaptive evolution and omics,,
OA(可免费),10.1016/j.synbio.2026.05.012,Systematic enzyme and cofactor engineering for efficient ursolic acid biosynthes,,
OA(可免费),10.1016/j.synbio.2026.05.015,Improved catalytic efficiency of P450 OleP for converting lithocholic acid into,,
OA(可免费),10.1016/j.synbio.2026.06.006,"Characterization of OsNrx3i1, the first intron of rice OsNrx3 gene, as a candida",,
OA(可免费),10.1016/j.synbio.2026.06.007,Engineering short-sequence elements for condensate-like assemblies by de novo de,,
OA(可免费),10.1016/j.talanta.2026.130276,MgFe2O4/graphene nanocomposites for bifunctional wastewater remediation: A criti,,
OA(可免费),10.1016/j.tbs.2026.101299,From anxiety to advantage: a multi-year longitudinal evidence of behavioral and,,
OA(可免费),10.1016/j.tourman.2026.105498,Going beyond a stress reliever: A human-supported mindfulness intervention enhan,,
OA(可免费),10.1016/j.toxrep.2026.102308,Multi-omics integration deciphers arsenic-induced multi-organ toxicity and the n,,
OA(可免费),10.1016/j.tranon.2026.102850,The PI3K/AKT signaling networks in cancer glucose metabolism: mechanisms and the,,
OA(可免费),10.1016/j.tranon.2026.102853,Integrative single-cell and spatial transcriptomics analysis reveals a baicalein,,
OA(可免费),10.1016/j.uncres.2026.100457,Nanoparticle-assisted enzymatic pretreatment enhances biomethane recovery and te,,
OA(可免费),10.1016/j.watbs.2025.100529,Temporal hedonic regulation of feeding behavior in rainbow trout: a role for the,,
OA(可免费),10.1021/acs.jcim.6c00859,AI-Enforced Ultra-Large Virtual Screening Discovers Potent CD28 Binders,,
OA(可免费),10.1021/acs.jmedchem.5c03448,Mechanistic Exploration of Half-Sandwich Iridium(III) Anticancer Compounds throu,,
OA(可免费),10.1021/acs.jmedchem.6c01988,Drug Discovery of Allosteric Molecular Glue Degraders (aMGDs): Expanding the Lan,,
OA(可免费),10.1021/acs.jpclett.6c01344,Mapping the Binding Landscape of Allosteric Inhibitor G6PDi-1 on Human G6PD,,
OA(可免费),10.1021/acsapm.6c01102,Solution Blow Spinning of Programmable Biofunctionalized Polymer Fibers,,
OA(可免费),10.1021/acsinfecdis.6c00340,Synthesis of 4-Aminoindole-Containing Cephalosporin Prodrugs and Their Biologica,,
OA(可免费),10.1021/acsomega.5c13275,Plant-Microbe-Assisted Approaches for Remediating Heavy Metals and Organic Pollu,,
OA(可免费),10.1021/acsomega.6c00213,Effects of Water Deficit and GABA-Containing Biostimulant on Maize Plants: Nonde,,
OA(可免费),10.1021/jacsau.6c00381,<i>cis</i> -Selective Direct Halocyclopropanation of Alkenes Mediated by Nucleop,,
OA(可免费),10.1038/d41586-026-02240-x,Fly neurons carry a molecular ‘timestamp’ that encodes their birth order,,
OA(可免费),10.1038/s41388-026-03899-2,KLF12-mediated suppression of androgen receptor accelerates metastasis in endome,,
OA(可免费),10.1038/s41419-026-09011-6,AARS1-catalyzed H4K12 lactylation promotes HCC resistance to targeted therapy by,,
OA(可免费),10.1038/s41467-026-73996-z,Genetic architecture of white matter microstructure captured by unsupervised dee,,
OA(可免费),10.1038/s41467-026-74048-2,Chromobox 3 assembles an epigenetic complex contributing to cystathionine γ-lyas,,
OA(可免费),10.1038/s41467-026-74446-6,Epigenetic compartmentalization of mitotic chromosomes by phase-separation-drive,,
OA(可免费),10.1038/s41467-026-75623-3,Dysregulated differentiation kinetics underlie the essential role of DNA damage,,
OA(可免费),10.1038/s41522-026-01100-w,Vaginal resistome redundancy is associated with microbial metabolic potential an,,
OA(可免费),10.1038/s41556-026-02027-2,Mapping mesenchymal diversity in the human small intestine and organoids,,
OA(可免费),10.1038/s41586-026-10797-w,A global molecular code for birth order and neuronal identity in Drosophila,,
OA(可免费),10.1038/s41598-026-54083-1,Stable state of hepatocyte chromatin during hepatitis B virus infection,,
OA(可免费),10.1038/s42003-026-10432-4,Neofunctionalization of H1 linker histones drives divergent gene expression and,,
OA(可免费),10.1042/ebc20250050,Plant defence priming and memory mechanisms under climate change,,
OA(可免费),10.1051/bioconf/202624600006/pdf,Preliminary assessment: Colchicine-induced mutants of wild,,
OA(可免费),10.1055/s-0046-1824454,Congenital Sideroblastic Anemia with Persistent Neutropenia in a Female Infant:,,
OA(可免费),10.1061/jccee5.cpeng-6877,Data-Driven Look-Ahead Planning: Automating Task Completion Rate Estimation in C,,
OA(可免费),10.1073/pnas.2522063123,Growth under pressure: The pros and cons of polyploidy induced by stress,,
OA(可免费),10.1073/pnas.2537088123,"Terephthalate, a plastic monomer, triggers phosphate metabolism rewiring in yeas",,
OA(可免费),10.1080/07853890.2026.2680845,Efficacy of atopic dermatitis alleviation through transcutaneous auricular vagus,,
OA(可免费),10.1080/10242694.2026.2714097,The Northern Ethiopia War and the persistence of internal displacement: subnatio,,
OA(可免费),10.1080/14756366.2026.2678755,Lidocaine enhances antitumor effects of sorafenib and GW5074 in colorectal cance,,
OA(可免费),10.1080/15592324.2026.2684157,Postharvest preservation of fruits and vegetables by light-emitting diodes,,
OA(可免费),10.1080/15592324.2026.2684389,Active ROP2 triggers leaf senescence and orchestrates the growth-senescence trad,,
OA(可免费),10.1080/17501911.2026.2685054,Epigenetic regulation of nuclear mechanics,,
OA(可免费),10.1080/19490976.2026.2679497,Diet and microbiome shape small-molecule cytokinin pools in mammals,,
OA(可免费),10.1080/21670811.2026.2686381,Who Checks the Fact-Checkers? Studying the Work of External Assessors Behind Fac,,
OA(可免费),10.1080/23311983.2026.2697670,An ecophenomenological dendrochronology: Shlain’s <i>Dendrofemonology</i> throug,,
OA(可免费),10.1080/27694127.2026.2687045,Seeing is believing: visualizing spatiotemporal lipophagic flux in vivo with the,,
OA(可免费),10.1088/1741-4326/ae78e5,Summary of the theory and modelling contributions at the 30th IAEA Fusion Energy,,
OA(可免费),10.1088/2976-601x/ae7a76,Characterization of plastic contamination entering food waste management and imp,,
OA(可免费),10.1091/mbc.e26-03-0116,A spatial and temporal atlas of tubulin isotype gene expression during vertebrat,,
OA(可免费),10.1093/eep/dvag024,Silent Regulators of Trauma: The microRNA Blueprint Underlying Post-traumatic St,,
OA(可免费),10.1093/femsyr/foag024,Overexpression of the MAPK Transcription Factor Gene <i>MSS11</i> Enhances Ethan,,
OA(可免费),10.1093/glycob/cwag044,Mapping ST3GAL Transferase Specificities in the Glycosylation Landscape of N/TER,,
OA(可免费),10.1093/hr/uhag354,The BpZAT10-BpWRKY31 module enhances the drought tolerance and herbivore resista,,
OA(可免费),10.1093/ijfood/vvag178,"Thermal, Structural, and Functional Interactions of Date Seed Powder-Sucrose Com",,
OA(可免费),10.1093/insilicoplants/diag022,Secondary Growth and Exodermal Barriers Shape Local Root Hydraulics: Modeling In,,
OA(可免费),10.1093/jbmrpl/ziag142,Inhibition of EED Enhances osteogenic differentiation and Bone Formation: A Pote,,
OA(可免费),10.1093/jeb/voag053,"Plant hormone manipulation impacts salt spray tolerance, which preempts herbivor",,
OA(可免费),10.1093/jhered/esag035,A Chromosome-Level Assembly of the Pine Processionary Moth (Thaumetopoea pityoca,,
OA(可免费),10.1093/jxb/erag375,Emerging applications of single cell and spatial transcriptomics under abiotic s,,
OA(可免费),10.1093/jxb/erag406,Reframing Pathogenesis-Related proteins: from plant immune drivers to stress res,,
OA(可免费),10.1093/jxb/erag408,Positive pressure does not efficiently repair xylem embolism after drought,,
OA(可免费),10.1093/nargab/lqag084,Predictive models of the genetic bases underlying budding yeast fitness in multi,,
OA(可免费),10.1093/plphys/kiag358,Far-red perception by vegetative organs and not fruits drives fruit growth respo,,
OA(可免费),10.1093/pnasnexus/pgag270,Measuring narrative polarization in online discourse,,
OA(可免费),10.1097/hep.0000000000001808,H4K12 lactylation drives TREM2 high macrophages differentiation in liver fibrosi,,
OA(可免费),10.1097/js9.0000000000005405,Comprehensive multi-omics and single-cell analysis reveals a ferroptosis signatu,,
OA(可免费),10.1097/md.0000000000049943,"TACC3, correlated with immune cell infiltrates, is a novel prognostic biomarker",,
OA(可免费),10.1097/ms9.0000000000005221,CRISPR-based epigenetic modulation of endothelial dysfunction in sepsis-induced,,
OA(可免费),10.1098/rsos.252196,Immune suppression and metabolic reprogramming in <i>Bactrocera dorsalis</i> par,,
OA(可免费),10.1099/ijsem.0.007187,"Legionella stuttgartensis sp. nov. and Legionella nigrisilvae sp. nov., two new",,
OA(可免费),10.1108/qmr-10-2025-0223,Buyer–seller relationships in live shopping marketplaces,,
OA(可免费),10.1111/iej.70190,Association Between the Root Canal Microbiome and Apical Lesion Size: An Observa,,
OA(可免费),10.1111/jipb.70300,A CLE–RLK–LBD signaling module promotes <i>de novo</i> shoot regeneration in pla,,
OA(可免费),10.1111/jipb.70313,Genome editing precisely boosts salt‐tolerant <i>japonica</i> rice yield,,
OA(可免费),10.1111/mec.70394,Contrasting Genomic Signatures of Climate Adaptation and Adaptive Plasticity Acr,,
OA(可免费),10.1111/nph.71228,COCHLEATA controls spatial regulation of cytokinin and auxin during nodule devel,,
OA(可免费),10.1111/nph.71323,Organized peripheral vascular strand development in nodules is controlled by a <,,
OA(可免费),10.1111/pce.70676,Knockout of <i>TaCKX2.2</i> in Wheat Improved Grain Yield by Increasing Grain Nu,,
OA(可免费),10.1111/pce.70752,"Trichomes in Plant Defence, Development and Metabolic Integration Under Environm",,
OA(可免费),10.1126/sciadv.adw9707,Single-cell and high-resolution spatial profiling of podocytopathies reveals cor,,
OA(可免费),10.1126/sciadv.ady7139,Decoupled carbon assimilation and growth responses to aridity in temperate decid,,
OA(可免费),10.1126/sciadv.adz6836,Synaptic vesicles that store monoamines and glutamate differ in protein composit,,
OA(可免费),10.1126/sciadv.aeb0060,Single-cell chromatin state transitions during epigenetic memory formation,,
OA(可免费),10.1126/sciadv.aec2424,Dose-dependent hormone actions at estrogen receptor enhancers specify distinct m,,
OA(可免费),10.1126/sciadv.aec7965,Scalable multiplexed machine learning gas sensor chips for food classification,,
OA(可免费),10.1126/sciadv.aed0666,Ultrasound priming gated by solid tumor hallmarks to guide CAR-T therapy,,
OA(可免费),10.1126/sciadv.aee2172,Natural variation in <i>PtoCPK3</i> governs drought tolerance by orchestrating x,,
OA(可免费),10.1126/sciadv.aeg2614,Life-span–dependent transcriptional dynamics of the human heart,,
OA(可免费),10.1126/sciimmunol.ady8948,Atlas of human gut-associated lymphoid tissue reveals immunomodulatory interacti,,
OA(可免费),10.1128/aem.00094-26,Optimizing rhamnolipid biosynthesis: evaluating predictive methods using <i>Pseu,,
OA(可免费),10.1128/aem.02535-25,"Characterization and therapeutic potential of DepZ57, a stable depolymerase targ",,
OA(可免费),10.1128/jb.00373-25,Integrating multi-omics data with network modeling to characterize <i>Pseudomona,,
OA(可免费),10.1128/jvi.00376-26,DNA damage responses in HCMV infection: emerging mechanisms and outstanding ques,,
OA(可免费),10.1128/mbio.00661-26,An epigenetic mechanism of azole tolerance facilitates acquired antifungal resis,,
OA(可免费),10.1128/mbio.00933-26,Arginine metabolism supports <i>de novo</i> pyrimidine biosynthesis to block DNA,,
OA(可免费),10.1128/msphere.00021-26,The bromodomain protein Bdf3 is sufficient to activate expression of a procyclin,,
OA(可免费),10.1128/msphere.00191-26,Sorbose metabolism promotes fitness and virulence in <i>Escherichia coli</i>,,
OA(可免费),10.1128/msphere.00256-26,Kiss and spit metabolomics highlight the role of host purine metabolism during p,,
OA(可免费),10.1128/spectrum.00359-26,Targeting the stringent response alters gene expression and extracellular vesicl,,
OA(可免费),10.1128/spectrum.01363-26,Cobamide excretion allows <i>Salmonella</i> to transition from its anaerobic to,,
OA(可免费),10.1152/ajpcell.00145.2026,Deciphering LonP1’s Role in Glioblastoma: An Alternative Mechanism of Treatment,,
OA(可免费),10.1158/0008-5472.32530494,Supplementary Figure 4 from The Hippo Pathway Is Dysregulated in Cancer-Associat,,
OA(可免费),10.1158/0008-5472.32675118,Figure S1 from DPY30 Is an Epigenetic Decoupler Linking Replication Stress to Im,,
OA(可免费),10.1158/0008-5472.32697539,Supplementary Figure 1 from Epigenetic Inactivation of the Groucho Homologue Gen,,
OA(可免费),10.1158/0008-5472.32700857,Table S3 from H4K20me3-Mediated Repression of Inflammatory Genes Is a Characteri,,
OA(可免费),10.1158/0008-5472.32700860,Table S2 from H4K20me3-Mediated Repression of Inflammatory Genes Is a Characteri,,
OA(可免费),10.1158/0008-5472.32711659,Supp Fig S11 from Single-Cell and Spatial Transcriptomic Profiling Reveals Epith,,
OA(可免费),10.1158/0008-5472.32712202,Figure S9 from SAICAR Drives T Regulatory Cell Differentiation and FOXP3 Mainten,,
OA(可免费),10.1158/0008-5472.32712253,Figure S1 from SAICAR Drives T Regulatory Cell Differentiation and FOXP3 Mainten,,
OA(可免费),10.1158/0008-5472.32713158,Figure S9 from TENT5A Maintains MYC mRNA Stability to Enhance Osteosarcoma Stemn,,
OA(可免费),10.1158/0008-5472.c.8536802,Data from Mitochondrial-Localized Keratin 17 Promotes Chemoresistance in Basal-l,,
OA(可免费),10.1158/0008-5472.c.8542484,Data from Spatial Multiomics Analyses Reveal That Diabetes Promotes Pancreatic C,,
OA(可免费),10.1158/1078-0432.c.8536790,Data from Computationally Derived Spatial Immune Signature Identifies Trastuzuma,,
OA(可免费),10.1158/1541-7786.32712853,Supplementary Figure S10 from Contrasting Features of Papillary and Chromophobe,,
OA(可免费),10.1158/1541-7786.32713524,Supplementary Table S2 from USP44 Overexpression Drives a MYC-Like Gene Expressi,,
OA(可免费),10.1158/1541-7786.32714647,Supplementary Figure S5 from Loss of PI5P4Kα Slows the Progression of a &lt;i&gt,,
OA(可免费),10.1158/1541-7786.32742579,Supplementary Figure 5 from Nrf2 Drives Hepatocellular Carcinoma Progression thr,,
OA(可免费),10.1158/1541-7786.32742582,Supplementary Figure 4 from Nrf2 Drives Hepatocellular Carcinoma Progression thr,,
OA(可免费),10.1158/1541-7786.32743059,Supplementary Table S10 from Epigenetic Atlas of Bladder Cancer Reveals Master T,,
OA(可免费),10.1158/1541-7786.32743074,Supplementary Figure S6 from Epigenetic Atlas of Bladder Cancer Reveals Master T,,
OA(可免费),10.1158/1541-7786.c.8547651,Data from &lt;i&gt;LINC01235&lt;/i&gt; Is an Upstream Regulator of the &lt;i&gt;,,
OA(可免费),10.1158/2159-8290.32530725,Supplementary Tables S1-S18 from Single-Cell Spatial Atlas of High-Grade Serous,,
OA(可免费),10.1158/2159-8290.32698353,Supplementary Figures S1-S8 from Phosphocreatine Promotes Epigenetic Reprogrammi,,
OA(可免费),10.1158/2159-8290.32699950,Supplementary Figure S7 from Mechanisms of Response and Tolerance to Active RAS,,
OA(可免费),10.1158/2159-8290.32701450,Supplementary Table 8 from Stratified Medicine Pediatrics: Cell-Free DNA and Ser,,
OA(可免费),10.1158/2159-8290.32701456,Supplementary Table 7 from Stratified Medicine Pediatrics: Cell-Free DNA and Ser,,
OA(可免费),10.1158/2159-8290.c.8509389,Data from A Tumor-Promoting Inflammatory &lt;i&gt;SPP1&lt;/i&gt;&lt;sup&gt;+&lt;,,
OA(可免费),10.1158/2326-6066.c.8541944,Data from The Presence of CD11c&lt;sup&gt;+&lt;/sup&gt; B Cells with Potent Effe,,
OA(可免费),10.1158/2767-9764.c.8542095,Data from Genomic and Transcriptomic Analysis of High-Grade Endometrial Carcinom,,
OA(可免费),10.1167/iovs.67.6.9,Stress Responsive bZIP Transcription Factors ATF4 and BACH1 Cooperate With MAF-F,,
OA(可免费),10.1182/blood.2026034529,Epigenetic toggling between multipotency and differentiation,,
OA(可免费),10.1186/s11671-026-04628-0,Biosynthesis of silver nanoparticles using Musca domestica extract as a novel bi,,
OA(可免费),10.1186/s12711-026-01058-5,Integrative multi-omics analysis identifies GNAZ and SLC5A4 as critical regulato,,
OA(可免费),10.1186/s12863-026-01453-3,Muscle-specific CUT&amp;Tag profiling dataset of UNC-130 in Caenorhabditis elega,,
OA(可免费),10.1186/s12863-026-01465-z,Complete genome sequence of psychrotolerant Lacisediminihabitans sp. FW035 isola,,
OA(可免费),10.1186/s12870-026-09060-1,Dynamic response of growth and organ nutrient allocation in Ochroma lagopus plan,,
OA(可免费),10.1186/s12870-026-09062-z,Transcriptome analysis and hormone metabolic profiling provide molecular insight,,
OA(可免费),10.1186/s12870-026-09136-y,Agrobacterium rhizogenes-mediated stable and transient transformation systems en,,
OA(可免费),10.1186/s12870-026-09153-x,Expression dynamics of starch and proanthocyanidin biosynthesis genes during Que,,
OA(可免费),10.1186/s12870-026-09192-4,Dynamics of H3K4me3 and H3K36me3 histone modifications in response to powdery mi,,
OA(可免费),10.1186/s12870-026-09199-x,Effects of extraction solvents on the recovery of bioactive compounds from Platy,,
OA(可免费),10.1186/s12870-026-09220-3,Genome-wide identification and expression profiling of the HMGR gene family in B,,
OA(可免费),10.1186/s12870-026-09254-7,Melatonin activates the ZjERF34-ZjMYB1 regulatory pathway to promote flavonoid b,,
OA(可免费),10.1186/s12870-026-09267-2,HAM1 negatively regulates drought tolerance in Brassica juncea,,
OA(可免费),10.1186/s12870-026-09301-3,Biochar and melatonin alleviate microplastic–cadmium (MP-Cd) stress in rice by e,,
OA(可免费),10.1186/s12870-026-09500-y,Genomic early growth mechanisms of two endangered Mexican spruces,,
OA(可免费),10.1186/s12870-026-09522-6,"Ectopic expression of the flavonoid 3′,5′-hydroxylase gene in Ipomoea nil induce",,
OA(可免费),10.1186/s12870-026-09673-6,Full-length transcriptome atlas of Panax vietnamensis var. fuscidiscus reveals n,,
OA(可免费),10.1186/s12885-026-16327-1,Sex differences in gastric cancer mutational burden reflect MLH1-associated epig,,
OA(可免费),10.1186/s12885-026-16329-z,Bioinformatics mining and clinical validation of CD274 as a prognostic indicator,,
OA(可免费),10.1186/s12916-026-04954-1,A large-scale single-nucleus resource reveals a cardiomyocyte-like fibroblast an,,
OA(可免费),10.1186/s12934-026-03047-1,Exploring the metabolic burden of surfactin biosynthesis and the metabolic costs,,
OA(可免费),10.1186/s12935-026-04364-6,Multi-dimensional profiling of lactylation-related signatures for prognostic and,,
OA(可免费),10.1186/s12935-026-04377-1,BRD4 regulation of PIM1 identifies a novel therapeutic vulnerability in acute me,,
OA(可免费),10.1186/s12943-026-02703-9,MiR-494-5p suppresses colorectal cancer metastasis by multi-level targeting of K,,
OA(可免费),10.1186/s12943-026-02741-3,Single-cell profiling defines cellular ecosystems and malignant cell state coupl,,
OA(可免费),10.1186/s12951-026-04687-6,Runx1-Snx9 axis drives the pathological secretion of mitochondrial-derived vesic,,
OA(可免费),10.1186/s12957-026-04549-3,DNA methylation age deceleration is correlated with a poor survival in triple-ne,,
OA(可免费),10.1186/s12964-026-02985-y,Multi-omics and experimental evidence in human chondrocytes identify caspase-8 a,,
OA(可免费),10.1186/s12967-026-08363-z,Proteomics in bone malignancies: from bulk profiling to single-cell and ultra-lo,,
OA(可免费),10.1186/s12967-026-08396-4,Long-read sequencing technologies and bioinformatics: a new perspective for deco,,
OA(可免费),10.1186/s12967-026-08681-2,A bladder cancer–associated gene signature for exploratory qPCR-based survival s,,
OA(可免费),10.1186/s12967-026-08836-1,FSTL1 promotes M2 polarization of macrophages via the DIP2A–Smad2/3 Axis in gast,,
OA(可免费),10.1186/s12984-026-02048-w,Functional reorganization of the contralesional precentral gyrus following acute,,
OA(可免费),10.1186/s13046-026-03747-x,Targeting the lipid desaturation network in cancer: from metabolic plasticity to,,
OA(可免费),10.1186/s13046-026-03758-8,Inhibition of 5’-tiRNAGly restores anti-PD-1 immunotherapy efficacy via DLST-med,,
OA(可免费),10.1186/s13048-026-02150-6,Ferroptosis and chemotherapy resistance in ovarian cancer: molecular mechanisms,,
OA(可免费),10.1186/s13048-026-02165-z,From cytoreduction to precision oncology: evolution of ovarian cancer therapy,,
OA(可免费),10.1186/s13059-026-04215-7,The evolutionary processes of bacterial aromatic polyketide ketosynthases,,
OA(可免费),10.1186/s13062-026-00852-x,USP20 as a key regulator of immunosuppression and a novel predictor of poor prog,,
OA(可免费),10.1186/s13062-026-00946-6,Triphenyl phosphate promotes gastric cancer progression via LDHA deubiquitinatio,,
OA(可免费),10.1186/s13068-026-02780-4,Biosynthesis of medium-chain length polyhydroxyalkanoates from pre-treated food,,
OA(可免费),10.1186/s13072-026-00690-1,ASH2L-mediated H3K4me3 methylation governs palatal development by regulating WNT,,
OA(可免费),10.1186/s13073-026-01720-z,Cumulative cgMLST provides increased discrimination of nested phylogenetic group,,
OA(可免费),10.1186/s13073-026-01730-x,Mapping fibroblast plasticity across non-cancer lung diseases at single-cell res,,
OA(可免费),10.1186/s13148-026-02174-1,New perspective on epigenetic modification and immunotherapy in endometrial canc,,
OA(可免费),10.1186/s13287-026-05089-z,Integrated single cell and spatial transcriptomics reveals the cellular and mole,,
OA(可免费),10.1186/s13293-026-00939-0,"Functional and transcriptomic insights into 46,XY disorders of sex development a",,
OA(可免费),10.1186/s13578-026-01613-z,Unveiling a unique microglial phenotype promoting oxidation in the iBRB: insight,,
OA(可免费),10.1186/s40001-026-04552-0,"Atherosclerosis revisited: integrating cellular plasticity, inflammatory circuit",,
OA(可免费),10.1186/s40001-026-04666-5,HBO1-mediated epigenetic regulation of LAMB1 in pancreatic ductal injury during,,
OA(可免费),10.1186/s40793-026-00917-4,A cooperative cobalamide biosynthesis guild in the endosphere of the edible aqua,,
OA(可免费),10.1186/s42483-026-00418-9,Mechanism of tea infusion as a novel control agent against Fusarium graminearum,,
OA(可免费),10.1186/s42523-026-00584-3,The price of survival: comparative adaptation to high altitudes between yaks and,,
OA(可免费),10.1210/jendso/bvag164,Functional Assessment of a Constitutively Activating <i>CASR</i> Variant Causing,,
OA(可免费),10.1261/rna.081083.126,EF-P Inhibits Ribosomal α-Hydroxy Acid Incorporation: Strategic tRNA Body Select,,
OA(可免费),10.1302/2046-3758.156.bjr-2025-0474.r1,"The transcriptional atlas, intercellular communication, and metabolic reprogramm",,
OA(可免费),10.13189/app.2026.140312,Aloe vera for Health and Industry: A Comprehensive Review of Bioactivity and App,,
OA(可免费),10.1360/csb-2026-0468,Progress in multi-omics and molecular breeding of Chrysanthemum,,
OA(可免费),10.14288/1.0451800,"Biological age is a concept, not a construct : assessments of healthy aging usin",,
OA(可免费),10.14288/1.0451935,Novel gene discovery in the salicylic acid biosynthesis pathway in Nicotiana ben,,
OA(可免费),10.14288/1.0452540,Spatially resolved proteomic profiling of recurrent triple-negative breast cance,,
OA(可免费),10.14309/ctg.0000000000001052,Pathogenesis of Eosinophilic Esophagitis: A PRISMA-based systematic review of Ge,,
OA(可免费),10.14670/hh-25-037,Lonp1 expression and correlation with mitophagy and immune infiltration markers,,
OA(可免费),10.14719/pst.15069,Direct regeneration pathway for the mass propagation of commercial banana cv. Ne,,
OA(可免费),10.1504/ijesdf.2027.10070133,Enhancing fake news detection using light gradient boosting machine and term fre,,
OA(可免费),10.15120/gsi-2026-00822,Spin dynamics and ortho–para conversion in $H_{2}O$ during the phase transition,,
OA(可免费),10.15283/ijsc25144,Rejuvenation Potential of Developmental Genes Downregulated in Aging,,
OA(可免费),10.1530/erc-25-0529,Molecular determinants of AR-enhancer interaction and cistrome reprogramming in,,
OA(可免费),10.15575/biodjati.v11i1.53999,Effect of PGRs and Immersion Time on the Growth of Green Jordan Fig Cuttings (Fi,,
OA(可免费),10.1595/205651327x17703026459384,Lanthanide Tantalum Perovskite Oxynitrides for Photocatalytic Water Splitting: E,,
OA(可免费),10.1649/0010-065x-80.2.209,Checklist of the Bark and Ambrosia Beetle Species (Coleoptera: Curculionidae: Pl,,
OA(可免费),10.17129/botsci.3804,In vitro induction of microrhizomes and microtubers as a propagation strategy fo,,
OA(可免费),10.17474/artvinofd.1932665,Doğal Yaşlı Kızılçam Meşceresinde Kontrollü Yakmaların Ağaçların Hayatta Kalma O,,
OA(可免费),10.17613/6rq5n-5tm04,Construction of an Automated Quality Control Model for Industrial Waste Gas Onli,,
OA(可免费),10.17613/ewm0r-am417,Educational Management Resilience under Low Fertility: Theoretical Construction,,
OA(可免费),10.17613/sb76m-v2e23,From Embedded Finance to Embedded Obligation: A Law-and-Economics Theory of Cons,,
OA(可免费),10.17613/vpe2q-5qg42,Research on Attention Guidance and User Autonomy in AI-Powered Immersive Environ,,
OA(可免费),10.17615/72c3-7v95,Atlas-guided discovery of transcription factors for T cell programming.,,
OA(可免费),10.17615/81hm-r837,Histone decrotonylation plays a distinct role in HIV latency,,
OA(可免费),10.17638/03195029,Dynamic Mitochondrial Protein Succinylation Induced by Nutritional Intervention,,
OA(可免费),10.17638/03195330,From Sparse to Dense: Label-Efficient Weakly Supervised Segmentation for Images,,
OA(可免费),10.18282/po5678,Nutrigenetic modulators of COMT and MAO pathways: relevance of green tea and cur,,
OA(可免费),10.18290/rpsych.2017.20.4-3en,Grandparental social support and communication with peers as predictores of resi,,
OA(可免费),10.18671/scifor.v54.06,Activated charcoal mitigating the effects of indaziflam on the germination of re,,
OA(可免费),10.20429/tag.2026.130104,The Connected Vertex Cover in Graphs,,
OA(可免费),10.20935/acadmolbiogen8336,Molecular mechanisms and RNA biomarkers in cardiomyopathy diagnosis,,
OA(可免费),10.2139/ssrn.2389355,Not Only are Protectionist Measures Harmful for Economic Development but the Rec,,
OA(可免费),10.21597/jist.1704888,Antimicrobial Activity of Microorganisms Isolated from Probiotic Products and Pr,,
OA(可免费),10.21597/jist.1746285,Changes in the Antioxidant Enzyme Activities and Physiological Responses of Sea,,
OA(可免费),10.21597/jist.1781471,"Avokado Kabuğu Tozu ile Zenginleştirilmiş Bisküvilerin Besinsel, Teknolojik ve D",,
OA(可免费),10.21606/drs.2026.1724,Frame excavation: Revealing and critiquing existing problem frames to improve mi,,
OA(可免费),10.21606/drs.2026.1993,Re-voicing Identity: Care Ethics and the Politics of Unsilencing After Total Lar,,
OA(可免费),10.21608/eajbsf.2017.145562,Efficac of Some Plant Extracts on Lucilia Sericata (Meigen) (Diptera: Calliphori,,
OA(可免费),10.2196/89173,A Locally Executable AI System for Improving Preoperative Patient Communication:,,
OA(可免费),10.22194/jgias/26.1817,Marker-Assisted Pyramiding of Multiple Disease Resistance Genes in Market-Class,,
OA(可免费),10.22194/jgias/27.2188,Antagonistic Activity of Endophytic Fungi from the Medicinal Plant Strychnos luc,,
OA(可免费),10.22409/5xd66f73,&lt;b&gt;LESÃO PERIFÉRICAS DE CÉLULAS GIGANTES EM PACIENTE PEDIÁTRICO: RELATO DE,,
OA(可免费),10.22409/8qwkfh70,POLIMORFISMOS DE NUCLEOTÍDEOS ÚNICOS NOS GENES XPD E XPF E SUA ASSOCIAÇÃO COM A,,
OA(可免费),10.23880/cclsj-16000132,Water Lily or Camelotte Sign in Pulmonary Hydatid Cyst – An Orphan Disease,,
OA(可免费),10.24821/dkv.v19i1.18244,Perancangan Kampanye Digital tentang Sustainable Fashion melalui Konsep Capsule,,
OA(可免费),10.24931/2413-9432-2026-15-2-18-26,Investigation of lipofuscin photooxidation extent using visible spectroscopy and,,
OA(可免费),10.24976/discov.med.202638209.141,"HEATR1 Promotes Glioblastoma Cell Proliferation, Migration, and Invasion Through",,
OA(可免费),10.25225/jvb.26002,Amphibian decline in focus: population dynamics and life history of the Near Eas,,
OA(可免费),10.25225/jvb.26042,Wing morphology correlates and functional consequences of alternative reproducti,,
OA(可免费),10.25259/jqus_1_2026,"Eucalyptus Essential Oils: Composition, Bioactivity, and Extraction Trends",,
OA(可免费),10.25259/stn_12_2026,Decoding the Gut Microbiome–Metabolome Interface in Colorectal Cancer using Adva,,
OA(可免费),10.25772/m417-tt81,Ontological Runtime Monitoring for Mission Engineering,,
OA(可免费),10.25772/nbet-j565,TMS PHANTOMS FOR INVESTIGATING MULTIMODAL NEUROMODULATION PROCEDURES,,
OA(可免费),10.25772/ty81-d967,LOCAL LUNG DELIVERY OF GINKGETIN FOR THERAPEUTIC INTERVENTION IN LUNG FIBROSIS,,
OA(可免费),10.26076/bjec-6598,Pesticide Dissipation in Agroecosystems – Exploring Pesticide Fate and Transport,,
OA(可免费),10.26076/ejma-xz30,The Impact of AI on the Landscape Design Process,,
OA(可免费),10.28921/vigyaksha/46,Microbial Fermentation Technology for the Production of Functional Food and Beve,,
OA(可免费),10.29133/yyutbd.1804815,Efficient in vitro Micropropagation of Hemp (Cannabis sativa) genotype,,
OA(可免费),10.29244/jji.v11i4.535,"LC-HRMS Metabolite Profiling, Antioxidant, and α-Glucosidase Inhibitory Activiti",,
OA(可免费),10.31015/jaefs.2026.2.5,"Effects of micronized calcite, hoagland solution and Ascophyllum nodosum extract",,
OA(可免费),10.31108/1.2026.12.2.3,STRESS RESILIENCE AS AN INTEGRAL CHARACTERISTIC AND ITS PROTECTIVE FUNCTION IN T,,
OA(可免费),10.3120/0024-9637-260016,"DEER MICE AND LOW PRECIPITATION LIMIT SEEDLING RECRUITMENT IN A RARE, ENDEMIC IS",,
OA(可免费),10.3168/jds.2025-27965,Effects of different milk allowances on the behavior and liveweight of Holstein-,,
OA(可免费),10.31989/ffhd.v16i7.2051,Piceatannol intake reduces wake after sleep onset in healthy adults: A randomize,,
OA(可免费),10.33158/asb.r264.v12.2026,"Fungal endophytes as multifunctional agents in crop protection: mechanisms, appl",,
OA(可免费),10.33865/wjb.002.02.0086,"EFFECT OF FERTILIZER FACTORY WASTES ON SEED GERMINATION, PLANT GROWTH AND ROOT-K",,
OA(可免费),10.33899/magrj.2022.133497.1169,EFFECT OF SPRAYING WITH SALICYLIC ACID AND CALCIUM CHLORIDE ON THE YIELD CHARACT,,
OA(可免费),10.3389/fcell.2026.1803566,"Double jeopardy: how BRCA2, TP53, and DNMT3A redefine the link between infertili",,
OA(可免费),10.3389/fendo.2026.1838666,miR-30d-5p promotes beta cell recovery and immunomodulation in type 1 diabetes,,
OA(可免费),10.3389/fimmu.2026.1810894,A proteome-wide atlas of humoral immunity to Mycobacterium tuberculosis across t,,
OA(可免费),10.3389/fimmu.2026.1817573,The CSF1+ tumor cell–SPP1+ macrophage axis drives gastric cancer progression and,,
OA(可免费),10.3389/fimmu.2026.1835156,Multi-omics identification and functional validation of signal regulatory protei,,
OA(可免费),10.3389/fmed.2026.1872028,The evolving landscape of gene editing therapies for human genetic diseases: a t,,
OA(可免费),10.3389/fmicb.2026.1847172,Sugarcane smut fungus hijacks the host meristem: phytohormone-mediated sorus mor,,
OA(可免费),10.3389/fonc.2026.1856788,POC1A promotes malignant phenotypes in non-triple-negative breast cancer cell mo,,
OA(可免费),10.3389/fpls.2026.1852363,A plastidic starch biosynthetic pathway defines columella-specific carbon metabo,,
OA(可免费),10.3389/fpls.2026.1853789,Untargeted metabolomics reveals the metabolic basis of sugar–acid balance and qu,,
OA(可免费),10.3390/agriculture16141515,Foliar Application of Protein Hydrolysates to Soybean [Glycine max (L.) Merr.] P,,
OA(可免费),10.3390/agriculture16141553,Strip Tillage and No Tillage with Integrated Agronomic Practices Improve Maize Y,,
OA(可免费),10.3390/agronomy16121175,Differential Phenotypic and Ion–Hormone Homeostatic Responses of Two Thinopyrum,,
OA(可免费),10.3390/agronomy16141377,Effects of an Ascophyllum nodosum-Based Biofertilizer Applied Through Different,,
OA(可免费),10.3390/ani16152296,"Estimating Survival, Growth, and Morphometric Relationships of Blue Crab (Callin",,
OA(可免费),10.3390/antiox15060763,"Comparative Evaluation of Antioxidant Potential in Natural Plants, In Vitro Rege",,
OA(可免费),10.3390/antiox15080919,"From Oxidative Stress to Fibrotic Remodeling: Integrating Redox Biology, Galecti",,
OA(可免费),10.3390/biom16071065,Plasticity of Non-Apoptotic Residual Tumor Cells After Neoadjuvant Immunochemoth,,
OA(可免费),10.3390/biom16081076,MAFB in Pancreatic β-Cell Development and Dysfunction: Implications for Diabetes,,
OA(可免费),10.3390/biomedicines14061295,"HCV-Induced Hepatocarcinogenesis: Molecular Mechanisms, Persistent Cancer Risk,",,
OA(可免费),10.3390/buildings16122391,Public Value Perception and Conservation Strategies for Urban Industrial Heritag,,
OA(可免费),10.3390/cancers18121933,Extracellular Vesicles in Diffuse Midline Glioma: Emerging Mediators of Radiatio,,
OA(可免费),10.3390/cancers18121945,Multi-Omics Analysis Reveals Chronic Cisplatin Exposure Is Associated with Metab,,
OA(可免费),10.3390/cancers18121948,Microbial Influence on Immune Checkpoint Inhibitor Therapy in Non-Small Cell Car,,
OA(可免费),10.3390/cancers18142348,Dissecting Immune Determinants in Lesional Skin of Cutaneous T-Cell Lymphoma Dur,,
OA(可免费),10.3390/cancers18152386,NLRP7 in Hydatidiform Mole and Gestational Trophoblastic Neoplasia: From Materna,,
OA(可免费),10.3390/cancers18162713,Transcriptomic Profiling Identifies a Subset of Renal Tumors with Overlapping Fe,,
OA(可免费),10.3390/cells15141295,Rewiring Tumor Lifelines: Translating Hypoxia- and Pseudohypoxia-Driven Angiogen,,
OA(可免费),10.3390/cimb48060596,Time-Resolved Secondary Metabolite Profiling of Seeded and Seedless Ougan at Com,,
OA(可免费),10.3390/cimb48070742,Integrative Analysis Uncovers SETD5 as an Epigenetic Regulator of Transcriptiona,,
OA(可免费),10.3390/cryptography10040052,Dipper: A Lightweight Hybrid SPN–ARX Block Cipher,,
OA(可免费),10.3390/d18060374,Functional Stability of the Common Bean (Phaseolus vulgaris L.) Nodule Microbiom,,
OA(可免费),10.3390/d18070427,Early Changes in Soil Organic Carbon Following Ecological Restoration in Mangrov,,
OA(可免费),10.3390/drones10070520,UAV-Based Estimation of Fuel Structure and Dynamics in a California Canyon Fire,,
OA(可免费),10.3390/epigenomes10030049,"GPX Knockdown Is Associated with Altered Redox Homeostasis, Plant Development, a",,
OA(可免费),10.3390/f17070860,Interactive Effects of Litter and Understory Removal on Soil Nematodes Community,,
OA(可免费),10.3390/fi18070377,"Trigger, Not Root Cause: Re-Examining GitHub’s 2024 to 2026 Availability Decline",,
OA(可免费),10.3390/foods15111996,Optimization of Fermentation and Transcriptomic Analysis of a High-Protein-Produ,,
OA(可免费),10.3390/foods15122061,Drying-Induced Changes in Metabolite Profiles and Antioxidant Activity of Cordyc,,
OA(可免费),10.3390/foods15122181,Integrated Metaproteomics and Untargeted Metabolomics Reveal Season-Specific Enz,,
OA(可免费),10.3390/greenhealth2020017,Mechanistic Insights into Biogenic Multifunctional Metal-Based Nanoparticles: Bi,,
OA(可免费),10.3390/horticulturae12060694,Melatonin-Induced Leaf Growth in Lithocarpus litseifolius: A Synergistic Interpl,,
OA(可免费),10.3390/horticulturae12060741,The Gshdz4-GsNAC019-GsEXPA8 Multi-Component Module Enhances Alkaline Stress Tole,,
OA(可免费),10.3390/horticulturae12070858,Effects of IBA Combined with NAA/Melatonin/Citric Acid on Rooting Characteristic,,
OA(可免费),10.3390/horticulturae12070860,Piriformospora indica in Improving Stress Resistance in Horticultural Plants: Fu,,
OA(可免费),10.3390/horticulturae12070886,"Dynamic Analysis of Sugar, Organic Acid, Phytohormones, and Enzyme Activities in",,
OA(可免费),10.3390/horticulturae12070888,Integrated Transcriptomic and Metabolomic Analysis Reveals Multi-Hormone Regulat,,
OA(可免费),10.3390/horticulturae12080908,Monochromatic Light Orchestrates Integrated Transcriptomic and Metabolic Reprogr,,
OA(可免费),10.3390/horticulturae12081045,Nutrient Solution Flow Influences Cell Atlas and Root Morphogenesis in Hydroponi,,
OA(可免费),10.3390/ijms27125274,Silver Nanoparticles Produced by Rooibos Kombucha Suppress Bacterial Biofilms an,,
OA(可免费),10.3390/ijms27125393,Searching for Amaranthin—A Multipotential Betacyanin from Natural Sources and In,,
OA(可免费),10.3390/ijms27125402,"Biomarkers for Treatment Response in Orthodontics: Molecular Mechanisms, Clinica",,
OA(可免费),10.3390/ijms27125494,The Influence of Humic Substances and Auxin-Producing Bacteria on Acer saccharin,,
OA(可免费),10.3390/ijms27146259,"Plant Regeneration: Influencing Factors, Regulatory Networks, and Epigenetic Mec",,
OA(可免费),10.3390/ijms27146426,Screening of Reference Gene for RT-qPCR in Leymus chinensis During Environmental,,
OA(可免费),10.3390/ijms27146523,Effects of Perfluorotetradecanoic Acid (PFTeDA) and Biostimulants on Soil Bacter,,
OA(可免费),10.3390/ijms27156554,"Metainflammation, Mitochondrial Dysfunction, and Organokine Crosstalk: A Central",,
OA(可免费),10.3390/ijms27156583,Combined Short-Chain Fatty Acids Induce an Anti-Inflammatory and Anti-Chemotacti,,
OA(可免费),10.3390/ijms27156599,Poly(ADP-Ribose) polymerase1 Has Potential to Facilitate the Nucleosome Disassem,,
OA(可免费),10.3390/insects17070730,Carrying Regiella insecticola Does Not Impose Detectable Life-History Costs on D,,
OA(可免费),10.3390/microorganisms14061296,Coral Mucus Microbial Community Change and Resistant Strategy Under UV Radiation,,
OA(可免费),10.3390/microorganisms14061317,Integrated Microbiomics and Metabolomics Reveal That Moisture Content and Lactip,,
OA(可免费),10.3390/microplastics5030141,Plastic in the Galleries: Conceptual Micro- and Nanoplastic Particle Exposure Du,,
OA(可免费),10.3390/molecules31121995,Comparative Structural Modeling Suggests Distinct Signatures of Conformational P,,
OA(可免费),10.3390/molecules31121999,Mitochondrial Targeting of MVA Pathway Triggers Severe Inhibition of Post-Squale,,
OA(可免费),10.3390/molecules31122140,Insights into the Cytochrome P450 Monooxygenase Superfamily in Kadsura heterocli,,
OA(可免费),10.3390/onco6020027,Tumor Immune Infiltration and Its Association with Immune-Active Tumor Phenotype,,
OA(可免费),10.3390/pathogens15070746,"Toxoplasma gondii in Wild Cervids and Wild Canids: Feeding Ecology, Environmenta",,
OA(可免费),10.3390/plants15111732,Jasmonoyl-L-Isoleucine Induces Systemic Photosynthetic Responses to Local Heat S,,
OA(可免费),10.3390/plants15111752,Correlative Changes in Endogenous Polyamines and Hormones Associated with Aging,,
OA(可免费),10.3390/plants15121795,BnaA01.BRC1 Negatively Regulates Branch Number and Responds to Gibberellin Signa,,
OA(可免费),10.3390/plants15121814,ZmNAC17 Integrates Transcriptional and Protein Interaction Networks to Regulate,,
OA(可免费),10.3390/plants15121826,The Kelch-Repeat Superfamily Gene SiNL4 Regulates the Leaf Width in Foxtail Mill,,
OA(可免费),10.3390/plants15121828,Enhanced Yield of GmJAG1-Edited Soybeans Accompanied by Improved Function of the,,
OA(可免费),10.3390/plants15121834,"Decoding Bacillus spp.: Antimicrobial Diversity, Biocontrol Mechanisms, and Safe",,
OA(可免费),10.3390/plants15121839,Provenance-Specific Photosynthetic Regulation and Recovery Mechanisms of Phoebe,,
OA(可免费),10.3390/plants15121850,"Genotype, Vernalization Duration and Nutrition Interactions in Sugar Beet Speed",,
OA(可免费),10.3390/plants15121855,"Strigolactones in Plant Abiotic Stress Resilience: Hormonal Crosstalk, Mechanist",,
OA(可免费),10.3390/plants15142205,Genome-Wide Identification of Melon Single-Nucleotide Polymorphisms and Structur,,
OA(可免费),10.3390/plants15142226,Early Dynamics of Zinc-Based Nanofertilizer Absorption in Plants of Glycine max,,
OA(可免费),10.3390/plants15152246,"Small Anther, a C2H2-Type Zinc Finger Transcription Repressor, Controls Rice Ant",,
OA(可免费),10.3390/psychiatryint7030139,Is Social Media Use Disorder a Thing?,,
OA(可免费),10.3390/rs18121982,"High-Resolution Mapping, Attribution, and Carbon Loss Assessment of Forest Distu",,
OA(可免费),10.3390/stresses6030052,Investigating the Effects of Conventional and No-Tillage Cultivation Methods on,,
OA(可免费),10.35791/jat.v7i2.67813,Concentration Level Test of Antagonistic Bacteria from Oil Palm Rhizosphere on V,,
OA(可免费),10.36899/japs.2026.2.0043,IDENTIFICATION OF THREATENED AND ENDEMIC ANGELICA GLAUCA: INSIGHT FROM DNA BARCO,,
OA(可免费),10.36899/japs.2026.2.0045,"GROWTH PERFORMANCE, TIBIAL BONE MORPHOMETRICS, COPPER AND ZINC STATUS IN ASEEL C",,
OA(可免费),10.37394/232013.2026.21.3,Laboratory Evaluation of Local Albanian Clays for Water-Based Drilling Fluids: A,,
OA(可免费),10.3748/wjg.v32.i23.118199,Gallbladder cancer: Is significant attention to this pathology justified?,,
OA(可免费),10.38042/biotechstudies.1969727,Scale-up production of Vigna caracalla meristematic nodules in a pneumatically a,,
OA(可免费),10.3847/1538-4357/ae8b97,Rigorous Use of Light-curve Inversion and Stellar Occultation Techniques for Der,,
OA(可免费),10.3998/sdi.3753,Title Pending 3753,,
OA(可免费),10.3998/tia.5821,Title Pending 5821,,
OA(可免费),10.3998/tia.6951,Title Pending 6951,,
OA(可免费),10.3998/tia.7151,Title Pending 7151,,
OA(可免费),10.3998/tia.7246,Title Pending 7246,,
OA(可免费),10.3998/tia.7813,Title Pending 7813,,
OA(可免费),10.3998/tia.7983,Title Pending 7983,,
OA(可免费),10.3998/tia.8087,Title Pending 8087,,
OA(可免费),10.3998/tia.8172,Title Pending 8172,,
OA(可免费),10.3998/tia.8661,Title Pending 8661,,
OA(可免费),10.3998/tia.8888,Title Pending 8888,,
OA(可免费),10.3998/tia.9011,Title Pending 9011,,
OA(可免费),10.3998/tia.9281,Title Pending 9281,,
OA(可免费),10.4251/wjgo.v18.i6.117110,Letter to the Editor: Exosomal miR-191 activates the NF-κB pathway to drive M2 m,,
OA(可免费),10.46309/biodicon.2026.1853170,In vitro propagation of Alhagi maurorum (Fabaceae),,
OA(可免费),10.46309/biodicon.2026.1920583,Some anatomical and palynological characteristics of Onobrychis paucijuga Bornm.,,
OA(可免费),10.46889/aed.2026.2201,Association Between Non-Nutritive and Nutritive Sweetener Intake and Gastrointes,,
OA(可免费),10.48175/ijarsct-36557,Extended-Spectrum Beta-Lactamase (ESBL)-Producing Klebsiella pneumoniae in Urina,,
OA(可免费),10.48321/d189f17b4c,PP55α-Directed PP2A in Cellular Senescence,,
OA(可免费),10.48620/97160,The duodenal microbiota is compartmentalized and clinically stable yet rapidly r,,
OA(可免费),10.51470/er.2026.8.1.20,Relationship between Haematology and environmental Stress Influence on Uda rams,,
OA(可免费),10.51532/meyve.1922109,Effect of Different Auxins on Root and Vegetative Development of Aronia melanoca,,
OA(可免费),10.52058/2786-6165-2026-4(46)-2555-2565,ОСОБЛИВОСТІ ПЕРЕКЛАДУ СУЧАСНОЇ НІМЕЦЬКОЇ ПРОЗИ АНГЛІЙСЬКОЮ МОВОЮ (НА ПРИКЛАДІ ТВ,,
OA(可免费),10.52152/fh9183,BATF/RORgt/IL-17 Axis as a Therapeutic Target in Systemic Lupus Erythematosus: I,,
OA(可免费),10.5281/zenodo.17751215,The Architecture of Limitation: Manuscript I — Metaphysical Expression,,
OA(可免费),10.5281/zenodo.17960403,"Optimal storage temperature for fresh fruits: physiological responses, quality r",,
OA(可免费),10.5281/zenodo.17960404,"Optimal storage temperature for fresh fruits: physiological responses, quality r",,
OA(可免费),10.5281/zenodo.18150174,"Interference RNA and microRNA in Rheumatoid Arthritis: Diagnostic Biomarkers, Ep",,
OA(可免费),10.5281/zenodo.18150175,"Interference RNA and microRNA in Rheumatoid Arthritis: Diagnostic Biomarkers, Ep",,
OA(可免费),10.5281/zenodo.18382569,expanded theories,,
OA(可免费),10.5281/zenodo.18662160,Free – White Genes,,
OA(可免费),10.5281/zenodo.18681631,The Decoupling Mechanism as a Boundary Condition: Geometric Resolution to the Da,,
OA(可免费),10.5281/zenodo.18683466,The Decoupling Mechanism as a Boundary Condition: Geometric Resolution to the Da,,
OA(可免费),10.5281/zenodo.18683680,The Decoupling Mechanism as a Boundary Condition: Geometric Resolution to the Da,,
OA(可免费),10.5281/zenodo.18842827,AI Topics Module 2: Education,,
OA(可免费),10.5281/zenodo.18842863,AI for Epigenetics,,
OA(可免费),10.5281/zenodo.19468376,Role of Plant Growth Regulators in Vegetative Propagation,,
OA(可免费),10.5281/zenodo.19468377,Role of Plant Growth Regulators in Vegetative Propagation,,
OA(可免费),10.5281/zenodo.20453404,Two families of dyadic–extremal cubic vertex–transitive graphs of girth six: a p,,
OA(可免费),10.5281/zenodo.20455760,MODERN ASPECTS OF ENDOCRINE FACTORS AND CELL PHYSIOLOGY,,
OA(可免费),10.5281/zenodo.20464721,Two families of dyadic–extremal cubic vertex–transitive graphs of girth six: a p,,
OA(可免费),10.5281/zenodo.20470687,DRUG RESISTANCE MECHANISMS IN CANCER: GENETIC AND EPIGENETIC DRIVERS,,
OA(可免费),10.5281/zenodo.20488554,Integrated Hybrid Renewable Power Plant with Hydrogen Energy Storage for Continu,,
OA(可免费),10.5281/zenodo.20488555,Integrated Hybrid Renewable Power Plant with Hydrogen Energy Storage for Continu,,
OA(可免费),10.5281/zenodo.20501748,Dermatophytes and the Rising Threat of Antifungal Resistance: Exploring Herbal C,,
OA(可免费),10.5281/zenodo.20553302,Processed single-cell RNA-seq and BCR (VDJ) data for wild-type vs Pax5-mutant mo,,
OA(可免费),10.5281/zenodo.20553303,Processed single-cell RNA-seq and BCR (VDJ) data for wild-type vs Pax5-mutant mo,,
OA(可免费),10.5281/zenodo.20573941,The Genetics of Consciousness: 5 Things DNA and Darshan Both Say About Who We Ar,,
OA(可免费),10.5281/zenodo.20573942,The Genetics of Consciousness: 5 Things DNA and Darshan Both Say About Who We Ar,,
OA(可免费),10.5281/zenodo.20578238,Effects of Kinetin Applications on Growth and Morphological Damage in Cucumber (,,
OA(可免费),10.5281/zenodo.20578239,Effects of Kinetin Applications on Growth and Morphological Damage in Cucumber (,,
OA(可免费),10.5281/zenodo.20579697,"Topology, Autocatalysis, and Epigenetic Control: How Network Architecture Shapes",,
OA(可免费),10.5281/zenodo.20593820,Somatic Embryogenesis Induction Using Varying Auxin-Cytokinin Ratio By Using Bac,,
OA(可免费),10.5281/zenodo.20593821,Somatic Embryogenesis Induction Using Varying Auxin-Cytokinin Ratio By Using Bac,,
OA(可免费),10.5281/zenodo.20605184,"A Research Program for Theoretical Life Science: High-Dimensional Life States, L",,
OA(可免费),10.5281/zenodo.20618159,What Lies Between: Transition Cost as the Missing Mechanism in Identity Theory,,
OA(可免费),10.5281/zenodo.20648929,Estudio:«Frei – weiße Gene» (1988): El arte como arquitectura informativa de la,,
OA(可免费),10.5281/zenodo.20657142,Impact of High Sugar Intake on KRAS-Mediated Pancreatic Carcinogenesis in Diabet,,
OA(可免费),10.5281/zenodo.20657143,Impact of High Sugar Intake on KRAS-Mediated Pancreatic Carcinogenesis in Diabet,,
OA(可免费),10.5281/zenodo.20679438,PRODUCTION OF NATURAL FOOD COLORANTS BY MICROORGANISMS,,
OA(可免费),10.5281/zenodo.20679439,PRODUCTION OF NATURAL FOOD COLORANTS BY MICROORGANISMS,,
OA(可免费),10.5281/zenodo.20681707,Agent Concretization: An Evolutionary Framework for Persistent Agent Personas in,,
OA(可免费),10.5281/zenodo.20683554,SCADA Command Custody Through A Pre-Binary Sign Net Gate,,
OA(可免费),10.5281/zenodo.20683555,SCADA Command Custody Through A Pre-Binary Sign Net Gate,,
OA(可免费),10.5281/zenodo.20704099,What are the genetic causes of gender dysphoria?,,
OA(可免费),10.5281/zenodo.20719493,"Maternal Obesity and Pregnancy: A Comprehensive Review of Epidemiology, Pathophy",,
OA(可免费),10.5281/zenodo.21457626,Transient CB2R Modulation Durably Restricts Breast Cancer Plasticity by Stabiliz,,
OA(可免费),10.5281/zenodo.21471590,BİOSYNTHESİS OF PLANT ALKALOİDS,,
OA(可免费),10.5281/zenodo.21479041,expanded theories,,
OA(可免费),10.5281/zenodo.21492387,KSR2 is a novel oncogene in TAL1 subtype of T-cell acute lymphoblastic leukemia,,
OA(可免费),10.5281/zenodo.21492388,KSR2 is a novel oncogene in TAL1 subtype of T-cell acute lymphoblastic leukemia,,
OA(可免费),10.5281/zenodo.21494541,Ptochoryctis simbleuta Meyrick 1907,,
OA(可免费),10.5281/zenodo.21494542,Ptochoryctis simbleuta Meyrick 1907,,
OA(可免费),10.5281/zenodo.21498946,Ptochoryctis Meyrick 1894,,
OA(可免费),10.5281/zenodo.21498947,Ptochoryctis Meyrick 1894,,
OA(可免费),10.5281/zenodo.21523720,Lunar Regolith Cement Mixer (LRCM) A Governed ISRU Construction-Material Process,,
OA(可免费),10.5281/zenodo.21538663,NEW ZEALAND DAIRY INDUSTRY INWARD INVESTMENT & MACROECONOMIC TRANSFORMATION PROS,,
OA(可免费),10.5281/zenodo.21538664,NEW ZEALAND DAIRY INDUSTRY INWARD INVESTMENT & MACROECONOMIC TRANSFORMATION PROS,,
OA(可免费),10.5281/zenodo.21543579,The Model Is a Dependency: Testing the Audit Case for Open Weights in Finance,,
OA(可免费),10.5281/zenodo.21543580,The Model Is a Dependency: Testing the Audit Case for Open Weights in Finance,,
OA(可免费),10.5281/zenodo.21737603,Gimme a rainy week life more: a computational study on the signal-to-noise ratio,,
OA(可免费),10.5281/zenodo.21737604,Gimme a rainy week life more: a computational study on the signal-to-noise ratio,,
OA(可免费),10.5281/zenodo.21797986,Traffic governance and regulatory compliance among commercial motorists in Niger,,
OA(可免费),10.5281/zenodo.21797987,Traffic governance and regulatory compliance among commercial motorists in Niger,,
OA(可免费),10.5281/zenodo.22036524,Science and Medicine Reinterpretation Under Host Absolute Authorship Framework (,,
OA(可免费),10.5281/zenodo.22036525,Science and Medicine Reinterpretation Under Host Absolute Authorship Framework (,,
OA(可免费),10.5281/zenodo.7368979,Journal of GIS based Historical Studies,,
OA(可免费),10.5304/jafscd.2013.041.001,Peri-Urban Food Futures: Opportunities and Challenges to Reconfiguring Sustainab,,
OA(可免费),10.53388/tmr2027003,"Xiao-Ke-Shen-An formula alleviates inflammation, oxidative stress and fibrosis i",,
OA(可免费),10.53523/ijoirvol13i1id646,Current Status and Future Prospects in Sustainable Wireless Energy Transfer: A C,,
OA(可免费),10.54055/ejtr.v43i.4127,Modelling Destination Loyalty in Wellness Tourism: Evidence from Portugal,,
OA(可免费),10.5559/di.34.4.04,Minority Stress and Mental Health: The Role of Self-Compassion,,
OA(可免费),10.55640/ijmsdh-12-05-11,Association Between Neopterin And Oxidative Stress in Patients with Psoriasis,,
OA(可免费),10.55665/troiamedj.1930193,Yaşlanma karşıtı yeni bir ufuk: karaciğerde klotho ve moleküler hedefler,,
OA(可免费),10.55677/ijcsmr/v6i6-08/2026,Impact of High Sugar Intake on KRAS-Mediated Pancreatic Carcinogenesis in Diabet,,
OA(可免费),10.56557/jogae/2026/v18i310651,Morphological and Anatomical Studies on Ipomoea aquatica,,
OA(可免费),10.5705/ss.202024.0104,A Semiparametric Quantile Single-Index Model for Zero-Inflated and Overdispersed,,
OA(可免费),10.5705/ss.202025.0456,Locally Efficient Estimators for Partially Linear Single Index Quantile Regressi,,
OA(可免费),10.5829/ije.2027.40.02b.02,Thermal and Economic Assessment of Cooling Technologies in a Combined Cycle Powe,,
OA(可免费),10.6084/m9.figshare.32604792.v1,expression gene and different gene in different stages in grafting-growth,,
OA(可免费),10.6084/m9.figshare.32604792,expression gene and different gene in different stages in grafting-growth,,
OA(可免费),10.6084/m9.figshare.32664708.v1,Additional file 1 of Premeiotic chromatin states orchestrate gene expression dur,,
OA(可免费),10.6084/m9.figshare.32664708,Additional file 1 of Premeiotic chromatin states orchestrate gene expression dur,,
OA(可免费),10.6084/m9.figshare.32664711.v1,Additional file 2 of Premeiotic chromatin states orchestrate gene expression dur,,
OA(可免费),10.6084/m9.figshare.32677454,Supplementary tables and figures from Inferences from epigenetic information in,,
OA(可免费),10.61189/030332bzapdu,Advances in endoscopic closure devices for postoperative gastrointestinal defect,,
OA(可免费),10.62273/awxk7246,Teaching Tip: A Data Preparation and Enrichment Exercise for Location-Aware Anal,,
OA(可免费),10.64784/200,Las dos Polaridades del Desequilibrio de la Homeostasis Energética Estudio de Bi,,
OA(可免费),10.64823/ijter.2605025,An AI-Powered Career Readiness Ecosystem for Campus Placements,,
OA(可免费),10.64898/2026.05.27.727026,S-nitrosylation of protein kinase A is required for its activation by GPCRs,,
OA(可免费),10.64898/2026.05.27.728152,Top-down and bottom-up landscape processes influence the formation of microbial,,
OA(可免费),10.64898/2026.05.27.728164,Engineering xylose metabolism for diverse polyhydroxyalkanoates synthesis in Hal,,
OA(可免费),10.64898/2026.05.27.728175,SCD-dependent lipid metabolism licenses alternative macrophage activation and ma,,
OA(可免费),10.64898/2026.05.28.726140,Ultra-efficient High Resolution 3D Reconstruction of Spatial Omics Data with Neu,,
OA(可免费),10.64898/2026.05.29.728167,Histone succinylation directly inhibits Jumonji domain demethylases and stabiliz,,
OA(可免费),10.64898/2026.05.29.728846,Carbamylome analysis reveals regulatory roles for lysine carbamylation in β-cell,,
OA(可免费),10.64898/2026.05.30.729020,CpG Atlas: A centralized multi-layer database and AI interface for DNA methylati,,
OA(可免费),10.64898/2026.05.31.727005,A tonoplast cytokinin riboside transporter gates intracellular hormone availabil,,
OA(可免费),10.64898/2026.05.31.729161,Single-cell multimodal profiling of pan-cancer cell lines uncovers gene regulato,,
OA(可免费),10.64898/2026.06.01.728087,A multimodal perturbation atlas defines the phenotypic resolution of cellular mo,,
OA(可免费),10.64898/2026.06.01.729035,A Non-Viral CRISPR/Cas9 HDR Platform for Stable Engineering of Solid Tumor Model,,
OA(可免费),10.64898/2026.06.01.729058,Multiome Profiling Reveals Astrocyte and Neuroendocrine Targets of Prenatal Acou,,
OA(可免费),10.64898/2026.06.01.729395,Vermeer: Autoregressive generative modeling of microscopy predicts protein local,,
OA(可免费),10.64898/2026.06.02.729566,Cellpin enables reference-based imputation and denoising of spatial transcriptom,,
OA(可免费),10.64898/2026.06.03.724713,ATML1-GIR1-TPL/TPR transcriptional repression module controls glucosinolates and,,
OA(可免费),10.64898/2026.06.03.724934,USP7 sustains PAX3::FOXO1 enhancer reprogramming and represents a therapeutic vu,,
OA(可免费),10.64898/2026.06.03.729557,STITCH: Spatial Transcriptomics Imputation via Flow Matching with Internal Learn,,
OA(可免费),10.64898/2026.06.03.729916,"MLL3 adaptor function, not methyltransferase catalytic activity, is essential fo",,
OA(可免费),10.64898/2026.06.04.729731,Fasting Status and Epigenetic Clock Stability: Implications for Aging Research,,
OA(可免费),10.64898/2026.06.04.729929,Somatic cells non-autonomously control germline incomplete cytokinesis through F,,
OA(可免费),10.64898/2026.06.05.729520,Multimodal physical evidence uncovers interpretable gene regulatory networks for,,
OA(可免费),10.64898/2026.06.05.730084,scFAIR Consortium: a decentralized hub for single-cell RNA-Seq data standardizat,,
OA(可免费),10.64898/2026.06.05.730350,Reduced parenteral glucose supply in preterm neonatal infection ameliorates the,,
OA(可免费),10.64898/2026.06.05.730472,Astrocyte subtype-specific expression of the sodium-coupled citrate transporter,,
OA(可免费),10.64898/2026.06.05.730478,Hippocampal CA2 modulates trace fear conditioning through circuit-specific contr,,
OA(可免费),10.64898/2026.06.05.730538,M6A-modified circEZH2 Protects Endothelial Cells from Senescence and Suppresses,,
OA(可免费),10.64898/2026.06.07.730766,A complete-genome view of phylum Omnitrophota and a multi-order capacity for ver,,
OA(可免费),10.64898/2026.06.08.726441,Cellular Complexity and Systemic Immune Profiles across Ancestral Diversity in T,,
OA(可免费),10.64898/2026.06.08.730950,Two SID-1-dependent genes sensitive to heritable epigenetic changes can also imp,,
OA(可免费),10.64898/2026.06.09.26355168,Hormonal Contraceptives Drive Genital Lipid Metabolism Reprogramming and Suscept,,
OA(可免费),10.64898/2026.06.09.731212,Epigenetic de-repression of basal cell metaplasia in aging AT2 cells is a risk f,,
OA(可免费),10.64898/2026.06.09.731222,SCD1 inhibition synergizes with TMZ to improve IDH1MUT glioma survival of mice v,,
OA(可免费),10.64898/2026.06.09.731259,A Computational Framework for Domain Insertion into Type IV Pili for Bacterial D,,
OA(可免费),10.64898/2026.06.10.730433,Internal decay in living trees: a quantitative tomography framework and its appl,,
OA(可免费),10.64898/2026.06.10.731275,Regulatory landscape of widespread stop codon readthrough in Drosophila,,
OA(可免费),10.64898/2026.06.11.731395,Unraveling candidate genomic regions responsible for delayed post-harvest deteri,,
OA(可免费),10.64898/2026.06.11.731538,"The ENIGMA-PD-WML Pipeline: A Containerized, User-Friendly Approach for Accurate",,
OA(可免费),10.64898/2026.06.11.731719,<i>Xist</i> expression in male <i>Peromyscus leucopus</i> is associated with res,,
OA(可免费),10.64898/2026.06.11.731752,Deep Cellular and Spatial Profiling of the Mouse Spinal Cord Reveals Sex-Specifi,,
OA(可免费),10.64898/2026.06.12.731621,Extracranial lymphatic-venous anastomosis remodels the choroid plexus-vascular a,,
OA(可免费),10.64898/2026.06.12.732001,DNA 6mA marks transcriptionally active chromatin in malaria parasites,,
OA(可免费),10.64898/2026.06.13.727340,Mtf2 Safeguards Naive Pluripotency by Restricting Trophectoderm Competence,,
OA(可免费),10.64898/2026.06.15.731445,Benchmarking gene expression reconstruction from single-cell latent representati,,
OA(可免费),10.64898/2026.06.15.732404,FORGE-KI: A Modular Framework for Endogenous Knock-In Engineering Across HDR and,,
OA(可免费),10.64898/2026.06.16.732047,An in vitro regeneration system with efficient rooting in sweet orange (Citrus s,,
OA(可免费),10.64898/2026.06.16.732522,Single-cell chromatin tracing reveals multimodal molecular programs during memor,,
OA(可免费),10.64898/2026.06.16.732612,Identification and molecular characterization of a novel TYLCV isolate breaking,,
OA(可免费),10.64898/2026.06.16.732617,Multimodal Hypersampling of the adult human heart resolves tissue-specific cell,,
OA(可免费),10.64898/2026.06.16.732632,Phytoplasma mediated transcriptional changes in poinsettia buds suggest MAF3 and,,
OA(可免费),10.64898/2026.06.16.732687,"RNA virus-mediated metabolic reprogramming in a bloom-forming, marine diatom",,
OA(可免费),10.66606/ieti2025v1n103,Bio-Hybrid Plant-Inspired Soft Robot with Self-Healing and Growth-Like Motion fo,,
OA(可免费),10.70609/g-tech.v10i3.10300,Germination of Expired Spinach (Amaranthus hybridus L.) Seeds with Various Cocon,,
OA(可免费),10.71005/458kdy25,Integrated Bioinformatics and Machine Learning Analysis Identifies MT1F as a Pot,,
OA(可免费),10.71454/pa.004.06.0309,Antileishmanial and Antibacterial Activities of Aminobenzothiazole Sulfonamides,,
OA(可免费),10.71454/pa.004.06.0309a,Integrated Ecological Strategies for the Management of Fruit Flies (&lt;i&gt;Bac,,
OA(可免费),10.71454/pa.004.06.0311,Correlation and Regression Analysis for Yield and its Associated Traits in Hexap,,
OA(可免费),10.7554/elife.109886.2,A systematic interactome of SET1C expands its functional landscape and identifie,,
OA(可免费),10.7717/peerj.21508,Decoding aging clocks from a metabolomic perspective,,
OA(可免费),10.9734/ajess/2026/v52i73218,"Self-reported Digital Literacy among Female Service-sector Workers in Semarang,",,
OA(可免费),10.9734/aprj/2026/v14i3377,Efficient Micropropagation System for Tuberose (Polianthes tuberosa L.) from Cor,,
OA(可免费),10.9787/pbb.2026.14.152,Beyond Productivity: CRISPR-Based Genome Editing for High-Value and Well-being T,,
OA(可免费),10.1111/nph.70232,Single-cell transcriptomes reveal spatiotemporal heat stress response in pearl m,,
OA(可免费),10.1080/15592324.2015.1011949,Cortex proliferation in the root is a protective mechanism against abiotic stres,,
OA(可免费),10.1016/S0014-5793(00)01675-6,化学抑制剂：植物细胞周期研究的工具,,
OA(可免费),10.1016/S0092-8674(00)80115-4,稻草人基因调节不对称的细胞分裂，这对于产生桡骨,,
OA(可免费),10.1016/S0092-8674(00)81536-6,狼人是拟南芥中的MYB相关蛋白，是表皮细胞的位置依赖性调节因子,,
OA(可免费),10.1016/S0960-9822(98)70176-9,根表皮中的位置信息在胚胎发育过程中定义，并在,,
OA(可免费),10.1093/plcell/koac047,玉米单核转录组全面描述了控制moveme的信号网络,,
OA(可免费),10.1146/annurev-arplant-042817-040549,分生组织大小的控制。,,
OA(可免费),10.4028/b-XDTcg5,第十二届国际材料科学与工程年会（ ICMSE ）,,
OA(可免费),10.1093/bib/bbz096,单细胞RNA测序数据集的单细胞分类器的评估。,,
OA(可免费),10.1093/bioinformatics/btp324,使用Burrows-Wheeler变换进行快速准确的短读对齐。,,
OA(可免费),10.1093/bioinformatics/btp352,序列对齐/映射格式和SAMtools。,,
OA(可免费),10.1093/bioinformatics/btq033,BEDTools ：用于比较基因组特征的灵活实用程序套件。,,
OA(可免费),10.1093/bioinformatics/btr330,变体调用格式和VCFtools。,,
OA(可免费),10.1093/bioinformatics/btw354,MultiQC ：在单个报告中汇总多个工具和样品的分析结果。,,
OA(可免费),10.1093/bioinformatics/btx194,SCODE ：一种来自单细胞RNA-Seq的有效调控网络推断算法，在不同的,,
OA(可免费),10.1093/bioinformatics/btz701,scDAPA ：从单细胞RNA-seq检测和可视化动态替代多聚腺苷酸化,,
OA(可免费),10.1242/dev.01186,拟南芥的不对称叶片发育和叶片扩张由KANADI和YABBY ACTI介导,,
OA(可免费),10.1242/dev.019349,ACAULIS5通过预防细胞过早死亡来控制拟南芥木质部规格。,,
OA(可免费),10.1242/dev.136283,拟南芥侧根的出现依赖于生长素的转录因子LBD29调节,,
OA(可免费),10.1242/dev.198614,Developmental single-cell transcriptomics in the Lytechinus variegatus sea urchi,,
OA(可免费),10.1002/dvdy.10239,Regeneration or scarring: an immunologic perspective.,,
OA(可免费),10.7554/eLife.03271,Irreversible fate commitment in the Arabidopsis stomatal lineage requires a FAMA,,
OA(可免费),10.7554/eLife.26792.024,created: 2026-05-28,,
OA(可免费),10.1093/jxb/erm335,Roles of the bundle sheath cells in leaves of C3 plants.,,
OA(可免费),10.3389/fpls.2022.914635,Deciphering the Multi-Chromosomal Mitochondrial Genome of <i>Populus simonii</i>,,
OA(可免费),10.1101/gad.1819909,Signals and prepatterns: new insights into organ polarity in plants.,,
OA(可免费),10.1101/gad.305504,Mosaic analyses using marked activation and deletion clones dissect Arabidopsis,,
OA(可免费),10.1186/gb-2008-9-9-r137,Model-based analysis of ChIP-Seq (MACS).,,
OA(可免费),10.1534/genetics.104.033142,"Reversible histone acetylation and deacetylation mediate genome-wide, promoter-d",,
OA(可免费),10.1534/genetics.114.164350,fastSTRUCTURE: variational inference of population structure in large SNP data s,,
OA(可免费),10.1093/gigascience/giab008,Twelve years of SAMtools and BCFtools.,,
OA(可免费),10.1093/nar/gkad521,Spatially resolved transcriptomic analysis of the germinating barley grain.,,
OA(可免费),10.1093/nar/gkh340,MUSCLE: multiple sequence alignment with high accuracy and high throughput.,,
OA(可免费),10.1093/nar/gkr591,Measuring cell identity in noisy biological systems.,,
OA(可免费),10.1093/nar/gku555,Single-cell RNA-seq: advances and future challenges.,,
OA(可免费),10.1093/nar/gkx382,"agriGO v2.0: a GO analysis toolkit for the agricultural community, 2017 update.",,
OA(可免费),10.1093/nar/gkz781,Cell-type-specific analysis of alternative polyadenylation using single-cell tra,,
OA(可免费),10.1101/gr.210757.116,Genome-wide dynamics of alternative polyadenylation in rice.,,
OA(可免费),10.1101/gr.271346.120,Analysis of alternative polyadenylation from single-cell RNA-seq using scDaPars,,
OA(可免费),10.3390/ijms25147668,Genome-Wide Analysis of the WOX Family and Its Expression Pattern in Root Develo,,
OA(可免费),10.1111/j.1365-313X.2008.03641.x,The DOF transcription factor OBP1 is involved in cell cycle regulation in Arabid,,
OA(可免费),10.1111/j.1365-313X.2009.04086.x,The development of Arabidopsis as a model plant.,,
OA(可免费),10.1016/j.ccell.2020.06.012,Emergence of a High-Plasticity Cell State during Lung Cancer Evolution.,,
OA(可免费),10.1016/j.cell.2008.02.001,Plant stem cell niches: standing the test of time.,,
OA(可免费),10.1016/j.cell.2009.04.018,BASL controls asymmetric cell division in Arabidopsis.,,
OA(可免费),10.1016/j.cell.2014.01.020,Nonstochastic reprogramming from a privileged somatic cell state.,,
OA(可免费),10.1016/j.cell.2015.05.002,Highly Parallel Genome-wide Expression Profiling of Individual Cells Using Nanol,,
OA(可免费),10.1016/j.cell.2016.04.038,Cistrome and Epicistrome Features Shape the Regulatory DNA Landscape.,,
OA(可免费),10.1016/j.cell.2016.04.046,Root Regeneration Triggers an Embryo-like Sequence Guided by Hormonal Interactio,,
OA(可免费),10.1016/j.cell.2019.01.006,Optimal-Transport Analysis of Single-Cell Gene Expression Identifies Development,,
OA(可免费),10.1016/j.cell.2019.03.006,A Jasmonate Signaling Network Activates Root Stem Cells and Promotes Regeneratio,,
OA(可免费),10.1016/j.cell.2019.04.015,Re-activation of Stem Cell Pathways for Pattern Restoration in Plant Wound Heali,,
OA(可免费),10.1016/j.cell.2020.07.032,Genome-Scale Imaging of the 3D Organization and Transcriptional Activity of Chro,,
OA(可免费),10.1016/j.cell.2022.04.003,Spatiotemporal transcriptomic atlas of mouse organogenesis using DNA nanoball-pa,,
OA(可免费),10.1016/j.celrep.2014.06.033,A genome-scale resource for the functional characterization of Arabidopsis trans,,
OA(可免费),10.1016/j.celrep.2019.06.041,Molecular Mechanisms Driving Switch Behavior in Xylem Cell Differentiation.,,
OA(可免费),10.1016/j.cels.2017.08.009,Stem Cell Differentiation as a Non-Markov Stochastic Process.,,
OA(可免费),10.1016/j.crstbi.2024.100136,Structure-function analyses reveal <i>Arabidopsis thaliana</i> HDA7 to be an ina,,
OA(可免费),10.1016/j.cub.2015.12.047,Rules and Self-Organizing Properties of Post-embryonic Plant Organ Cell Division,,
OA(可免费),10.1016/j.cub.2016.07.070,Plant Stem Cells.,,
OA(可免费),10.1016/j.cub.2017.03.014,Strigolactone- and Karrikin-Independent SMXL Proteins Are Central Regulators of,,
OA(可免费),10.1016/j.devcel.2011.06.016,The cellular basis for animal regeneration.,,
OA(可免费),10.1016/j.devcel.2012.12.013,A bHLH complex controls embryonic vascular tissue establishment and indeterminat,,
OA(可免费),10.1016/j.devcel.2015.01.025,"Transcriptome dynamics of the stomatal lineage: birth, amplification, and termin",,
OA(可免费),10.1016/j.devcel.2020.07.003,Chromatin Accessibility Dynamics and a Hierarchical Transcriptional Regulatory N,,
OA(可免费),10.1016/j.devcel.2022.01.013,Plant glutamate receptors mediate a bet-hedging strategy between regeneration an,,
OA(可免费),10.1016/j.devcel.2022.04.011,The single-cell stereo-seq reveals region-specific cell subtypes and transcripto,,
OA(可免费),10.1016/j.devcel.2022.07.017,Mechanical conflict caused by a cell-wall-loosening enzyme activates de novo sho,,
OA(可免费),10.1016/j.devcel.2024.12.019,Glutathione accelerates the cell cycle and cellular reprogramming in plant regen,,
OA(可免费),10.1016/j.gecco.2024.e02863,Responses of belowground fine root biomass and morphology in Robinia pseudoacaci,,
OA(可免费),10.1016/j.molcel.2015.05.005,Advances and applications of single-cell sequencing technologies.,,
OA(可免费),10.1016/j.molcel.2018.07.022,A Growing Toolbox to Image Gene Expression in Single Cells: Sensitive Approaches,,
OA(可免费),10.1016/j.molp.2020.10.012,Single-Cell Transcriptome Analysis in Plants: Advances and Challenges.,,
OA(可免费),10.1016/j.molp.2022.10.016,MINI-EX: Integrative inference of single-cell gene regulatory networks in plants,,
OA(可免费),10.1016/j.molp.2022.10.019,Differentiation trajectories and biofunctions of symbiotic and un-symbiotic fate,,
OA(可免费),10.1016/j.molp.2022.10.021,Cell-specific pathways recruited for symbiotic nodulation in the Medicago trunca,,
OA(可免费),10.1016/j.plantsci.2019.01.011,Review: New sensors and data-driven approaches-A path to next generation phenomi,,
OA(可免费),10.1016/j.tplants.2018.07.004,Deep Learning for Plant Stress Phenotyping: Trends and Future Perspectives.,,
OA(可免费),10.1016/j.tplants.2019.10.008,Single-Cell Transcriptomics: A High-Resolution Avenue for Plant Functional Genom,,
OA(可免费),10.1016/j.tplants.2021.08.016,Crafting a blueprint for single-cell RNA sequencing.,,
OA(可免费),10.1016/j.xplc.2020.100136,Developmental and genomic architecture of plant embryogenesis: from model plant,,
OA(可免费),10.1016/j.xplc.2022.100508,"Single-cell and spatial multi-omics in the plant sciences: Technical advances, a",,
OA(可免费),10.1016/j.xplc.2024.100984,Single-cell transcriptome atlases of soybean root and mature nodule reveal new r,,
OA(可免费),10.1074/jbc.M207570200,Cell cycle-regulated gene expression in Arabidopsis.,,
OA(可免费),10.1074/jbc.M409024200,"Curcumin, a novel p300/CREB-binding protein-specific inhibitor of acetyltransfer",,
OA(可免费),10.1093/plphys/kiad030,Alternative 3'-untranslated regions regulate high-salt tolerance of Spartina alt,,
OA(可免费),10.1093/plcell/koac167,Leaf cell-specific and single-cell transcriptional profiling reveals a role for,,
OA(可免费),10.1093/plcell/koad255,Transcriptional activation by WRKY23 and derepression by removal of bHLH041 coor,,
OA(可免费),10.1093/aob/mcz160,The SAUR41 subfamily of SMALL AUXIN UP RNA genes is abscisic acid inducible to m,,
OA(可免费),10.1093/molbev/msw054,MEGA7: Molecular Evolutionary Genetics Analysis Version 7.0 for Bigger Datasets.,,
OA(可免费),10.1038/nature07597,Organ regeneration does not require a functional stem cell niche in plants.,,
OA(可免费),10.1038/nmeth.4463,SCENIC: single-cell regulatory network inference and clustering.,,
OA(可免费),10.1111/nph.70160,Single-cell multiome reveals root hair-specific responses to salt stress.,,
OA(可免费),10.1111/nph.70220,Exploring the untapped potential of single-cell and spatial omics in plant biolo,,
OA(可免费),10.1111/pbi.13696,The wheat AGL6-like MADS-box gene is a master regulator for floral organ identit,,
OA(可免费),10.1111/pbi.13893,PlantPhoneDB: A manually curated pan-plant database of ligand-receptor pairs inf,,
OA(可免费),10.1111/pbi.14306,ScRNA-seq reveals dark- and light-induced differentially expressed gene atlases,,
OA(可免费),10.1111/pce.12691,Joint genetic and network analyses identify loci associated with root growth und,,
OA(可免费),10.1093/pcp/pcu020,A unique HEAT repeat-containing protein SHOOT GRAVITROPISM6 is involved in vacuo,,
OA(可免费),10.1093/pnasnexus/pgad002,Histone deacetylation regulates de novo shoot regeneration.,,
OA(可免费),10.1093/aobpla/plab056,RhizoVision Explorer: open-source software for root image analysis and measureme,,
OA(可免费),10.3390/plants13213108,Plant Growth Regulators: An Overview of WOX Gene Family.,,
OA(可免费),10.3390/plants9050615,Gravity-Sensing Tissues for Gravitropism Are Required for,,
OA(可免费),10.1073/pnas.1210789109,Arabidopsis lateral organ boundaries negatively regulates brassinosteroid accumu,,
OA(可免费),10.1104/pp.010323,"AtREM1, a member of a new family of B3 domain-containing genes, is preferentiall",,
OA(可免费),10.1104/pp.104.055756,"Arabidopsis thickvein mutation affects vein thickness and organ vascularization,",,
OA(可免费),10.1104/pp.105.060541,Compilation of mRNA polyadenylation signals in Arabidopsis revealed a new signal,,
OA(可免费),10.1104/pp.105.065045,Protein geranylgeranyltransferase I is involved in specific aspects of abscisic,,
OA(可免费),10.1104/pp.106.076604,AINTEGUMENTA contributes to organ polarity and regulates growth of lateral organ,,
OA(可免费),10.1104/pp.106.087262,Combining expression and comparative evolutionary analysis. The COBRA gene famil,,
OA(可免费),10.1104/pp.109.1.7,Root Architecture and Plant Productivity.,,
OA(可免费),10.1104/pp.109.142505,Arabidopsis LON2 is necessary for peroxisomal function and sustained matrix prot,,
OA(可免费),10.1104/pp.112.198341,"Auxin and epigenetic regulation of SKP2B, an F-box that represses lateral root f",,
OA(可免费),10.1104/pp.112.201822,Identification of an Arabidopsis fatty alcohol:caffeoyl-Coenzyme A acyltransfera,,
OA(可免费),10.1104/pp.113.233916,The optimal lateral root branching density for maize depends on nitrogen and pho,,
OA(可免费),10.1104/pp.114.238873,The Emerging Role of Reactive Oxygen Species Signaling during Lateral Root Devel,,
OA(可免费),10.1104/pp.124.4.1658,An enhancer trap line associated with a D-class cyclin gene in Arabidopsis.,,
OA(可免费),10.1104/pp.15.01483,Seed Dormancy in Arabidopsis Is Controlled by Alternative Polyadenylation of DOG,,
OA(可免费),10.1104/pp.17.01332,The Distinct Roles of Class I and II RPD3-Like Histone Deacetylases in Salinity,,
OA(可免费),10.1104/pp.18.00463,"A Comprehensive Toolkit for Inducible, Cell Type-Specific Gene Expression in Ara",,
OA(可免费),10.1002/reg2.33,The art of fin regeneration in zebrafish.,,
OA(可免费),10.1186/s13059-017-1382-0,SCANPY: large-scale single-cell gene expression data analysis.,,
OA(可免费),10.1186/s13059-018-1496-z,Single-cell RNAseq for the study of isoforms-how is that possible?,,
OA(可免费),10.1038/s41586-018-0837-0,High levels of auxin signalling define the stem-cell organizer of the vascular c,,
OA(可免费),10.1038/s41587-019-0068-4,Characterization of cell fate probabilities in single-cell data with Palantir.,,
OA(可免费),10.1126/science.aar3131,Single-cell reconstruction of developmental trajectories during zebrafish embryo,,
OA(可免费),10.1126/science.aat5691,Three-dimensional intact-tissue sequencing of single-cell transcriptional states,,
OA(可免费),10.1093/mp/ssq018,Histone acetyltransferase AtGCN5/HAG1 is a versatile regulator of developmental,,
OA(可免费),10.1199/tab.0120,The Arabidopsis cell division cycle.,,
OA(可免费),10.1105/tpc.006791,Arabidopsis E2Fc functions in cell division and is degraded by the ubiquitin-SCF,,
OA(可免费),10.1105/tpc.105.031724,Transcriptional profile of the Arabidopsis root quiescent center.,,
OA(可免费),10.1105/tpc.106.044834,"SIAMESE, a plant-specific cell cycle regulator, controls endoreplication onset i",,
OA(可免费),10.1105/tpc.109.068072,SUMO E3 ligase HIGH PLOIDY2 regulates endocycle onset and meristem maintenance i,,
OA(可免费),10.1105/tpc.110.076083,TDIF peptide signaling regulates vascular stem cell proliferation via the WOX4 h,,
OA(可免费),10.1105/tpc.112.096107,Genome-wide control of polyadenylation site choice by CPSF30 in Arabidopsis.,,
OA(可免费),10.1105/tpc.114.133793,Cell differentiation and development in Arabidopsis are associated with changes,,
OA(可免费),10.1105/tpc.16.00863,A Two-Step Model for de Novo Activation of <i>WUSCHEL</i> during Plant Shoot Reg,,
OA(可免费),10.1105/tpc.17.00983,A Spatiotemporal DNA Endoploidy Map of the Arabidopsis Root Reveals Roles for th,,
OA(可免费),10.1105/tpc.19.00279,Celebrating 20 Years of Genetic Discoveries in Legume Nodulation and Symbiotic N,,
OA(可免费),10.1111/tpj.13470,DRO1 influences root system architecture in Arabidopsis and Prunus species.,,
OA(可免费),10.1111/tpj.13611,Role of cleavage and polyadenylation specificity factor 100: anchoring poly(A) s,,
OA(可免费),10.1111/tpj.14670,SUPPRESSOR OF MAX2 1-LIKE 5 promotes secondary phloem formation during radial st,,
OA(可免费),10.1111/nph.17617,PIN-mediated polar auxin transport regulations in plant tropic responses.,,
OA(可免费),10.1111/pbi.70672,Spatiotemporal Metabolome and Single-Nucleus Transcriptome Integration Illuminat,,
OA(可免费),10.1016/j.cj.2026.03.017,Single-nucleus RNA sequencing reveals transcriptional response of wheat roots an,,
OA(可免费),10.64898/2026.05.04.722566,Linking sugar sensing to immunity in plants via O-glycosylation,,
OA(可免费),10.1016/j.envpol.2026.128382,Ultrafine polystyrene nanoplastics penetrate roots and induce organelle damage a,,
OA(可免费),10.1186/s13568-026-02077-7,Impact of altitude and temperature variation on microbial communities and fermen,,
OA(可免费),10.3390/ani16101535,Effects of Replacing Whole-Crop Maize Silage with Pennisetum giganteum Silage on,,
OA(可免费),10.3390/molecules31101568,Preliminary Evaluation of Gemini-Surfactant-Based Formulations for Antifungal Se,,
OA(可免费),10.3390/plants15101581,(E)-2-Hexenal Combats Rice Sheath Blight Through Direct Pathogen Inhibition and,,
OA(可免费),10.3390/plants15101585,ZmPRN1 Negatively Regulates Salt Stress Tolerance by Modulating ROS Homeostasis,,
OA(可免费),10.1155/anu/9006952,Dietary Substitution of Soybean Meal With Phaeodactylum tricornutum Meal Improve,,
OA(可免费),10.1021/acs.jafc.6c02800,Mechanistic Model for Simulating Pesticide Uptake into Maize Pollen,,
OA(可免费),10.1111/nph.71304,OsMYB94 functions as a master regulator of metabolic pathways associated with ri,,
OA(可免费),10.1111/mpp.70253,RNAi-Mediated Attenuation of CsCalS7-Related Transcripts Mitigates Callose Accum,,
OA(可免费),10.1039/d6ra02312f,Development of a green and sustainable rice husk nanosilica-based spectrophotome,,
OA(可免费),10.3389/fpls.2026.1828668,Integrated transcriptomic and metabolomic profiles analysis reveals a potential,,
OA(可免费),10.3389/fpls.2026.1827899,"Impact of split application of potassium fertilizer on yield, quality, and econo",,
OA(可免费),10.3389/fpls.2026.1833397,Regulating growth and stress responses in Abies beshanzuensis seedlings: integra,,
OA(可免费),10.1039/d5ra09926a,Ultra-sensitive determination of carcinogenic aflatoxins in food matrices using,,
OA(可免费),10.1126/sciadv.adz4776,Excess nitric oxide alters cellular pH to restrict salicylic acid movement and s,,
OA(可免费),10.1111/nph.71305,Potential unlocked: an atlas of cloned wheat genes for genome engineering and br,,
OA(可免费),10.1111/nph.71302,Thioredoxin system modulates metabolic and stomatal responses to elevated CO2 in,,
OA(可免费),10.1111/pbi.70689,Interactional Endocytosis and Transmembrane Transport Promote Cellular Internali,,
OA(可免费),10.1111/mpp.70275,The Role of Two Glycoalkaloid Metabolism Genes in α-Tomatine Biosynthesis and Ba,,
OA(可免费),10.1038/s41598-026-55620-8,Effect of Agrobacterium tumefaciens on papaya whitefly Trialeurodes variabilis p,,
OA(可免费),10.1186/s40462-026-00664-8,Greater pollen-mediated gene flow among than within populations of a bumblebee-p,,
OA(可免费),10.1186/s12967-026-08339-z,Toosendanin suppresses acute myeloid leukemia by targeting DDX5/c-Myc axis to in,,
OA(可免费),10.1093/bib/bbag270,CLCNet: a contrastive learning and chromosome-aware network for genomic predicti,,
OA(可免费),10.1007/s00432-026-06524-7,Residential radon exposure and lung cancer histology and stage: a population-bas,,
OA(可免费),10.1111/pbi.70700,Spatially Resolved ABA Signalling Reveals Dual Role in Tomato Yield,,
OA(可免费),10.1002/advs.75873,Histone Modification Complex JMJ704-HDA709 Negatively Regulates Salinity Toleran,,
OA(可免费),10.1016/j.eehl.2026.100247,Production of rhizosphere reactive oxygen species by root-surface iron plaque du,,
OA(可免费),10.1016/j.fochx.2026.103942,Assembly of resistant starch type 5 in two amylose matrices: effects of fatty ac,,
OA(可免费),10.3389/fmicb.2026.1788341,Potassium-solubilizing bacteria from tropical forest soils enhance potassium and,,
OA(可免费),10.3389/fmicb.2026.1836902,Genomic and microecological insights into the biocontrol mechanisms of Bacillus,,
OA(可免费),10.3389/fpls.2026.1845603,Pan-genome analysis of soybean terpene synthase identifies GmTPS20 as a defense-,,
OA(可免费),10.3389/fpls.2026.1814115,Opaque-2 induced zein reduction and lysine increase suggest a route to quality p,,
OA(可免费),10.3389/fpls.2026.1792750,"Simplicillium lamellicola (Smith) Zare & Gams, a novel hyperparasitic fungus inf",,
OA(可免费),10.3389/fpls.2026.1835554,Mechanistic insights into enhanced drought resistance of modern cultivars and dr,,
OA(可免费),10.1016/j.fochx.2025.103473,Comparative evaluation of high-pressure processing and conventional pasteurizati,,
OA(可免费),10.1016/j.fochx.2025.103466,Prediction refined vegetable oils oxidative stability using the accelerated ther,,
OA(可免费),10.1093/nsr/nwag184,Genome-wide association studies and QTL mapping for traits deviating from normal,,
OA(可免费),10.7717/peerj.21350,Investigating the agronomic performance and ecological weed-suppression effects,,
OA(可免费),10.1093/tas/txag070,Evaluation of elevated soybean meal diets with inclusion of exogenous enzymes on,,
OA(可免费),10.1007/s12298-026-01737-z,"Water deficit modulates growth, secondary metabolism, and carvacrol biosynthesis",,
OA(可免费),10.1007/s12298-026-01753-z,Nitrogen form substitution identifies nitrogen use efficiency management pathway,,
OA(可免费),10.1021/acsomega.6c03893,Optimization of Kombucha Fermentation from Green Tea and Pineapple Juice: Chemic,,
OA(可免费),10.1073/pnas.2528515123,Synthetic pectin-cellulose nanofiber capsule recapitulates the mechanical proper,,
OA(可免费),10.1093/plphys/kiag328,A miR396d-PagGRF20-PagXTH5 module balances growth and salt tolerance in poplar,,
OA(可免费),10.1186/s43897-025-00224-5,Blue light receptor phot2 collaborates with NRL-30 to negatively regulate immuni,,
OA(可免费),10.1111/nph.71308,Arabidopsis DNA repair mutants can integrate Agrobacterium T-DNA into the plant,,
OA(可免费),10.1080/15592324.2026.2682037,Exogenous pipecolic acid ameliorates lead-induced phytotoxicity in chili (Capsic,,
OA(可免费),10.1002/jcla.70260,Impact of Different Pre-Dilution Methods on Routine Blood Test Results: A Study,,
OA(可免费),10.1515/biol-2025-1313,Calcium-dependent regulation of antioxidant metabolism in maize seedlings under,,
OA(可免费),10.7717/peerj.21209,Plant-derived chitosan nanoparticles: antibacterial and improved crop performanc,,
OA(可免费),10.1093/hr/uhag047,Dynamic regulatory mechanisms of histone methylation in plant development and en,,
OA(可免费),10.1093/hr/uhag046,Chloroplast-to-apoplast relocalization of MOC1 strengthens plant vascular immuni,,
OA(可免费),10.1002/vms3.71015,Effects of Green Tea Extract and (+)-Catechin Hydrate on Sperm Quality and Semin,,
OA(可免费),10.1002/pro.70647,Description of the rate-limiting hydrogen tunneling mechanism for plant 9- and 1,,
OA(可免费),10.1093/jisesa/ieag047,Diversity analyses of corn leaf aphid Rhopalosiphum maidis (Hemiptera: Aphididae,,
OA(可免费),10.1371/journal.pone.0350738,A Lipoxygenase 3 mutation reverses growth phenotypes in an Arabidopsis Plastid L,,
OA(可免费),10.1371/journal.pone.0335670,Pricing strategies of the tobacco companies in response to cigarette excise tax,,
OA(可免费),10.1371/journal.pone.0330962,Healthcare providers' beliefs about the health effects of nicotine and electroni,,
OA(可免费),10.1111/plb.70236,The effects of nitrogen and phosphorus fertilization on nutrient resorption in f,,
OA(可免费),10.1111/plb.70235,Effects of cotyledon removal on the root growth and physiology properties during,,
OA(可免费),10.2196/88125,Use of the Dynamic Systems Development Method to Inform Technology-Assisted Moti,,
OA(可免费),10.1093/plphys/kiag327,Metabolic modeling predicts synergistic growth benefits between arbuscular mycor,,
OA(可免费),10.1186/s13019-026-04274-8,Sex impacts outcome in minimally invasive surgery of the ascending aorta: a prop,,
OA(可免费),10.1111/nph.71318,The genetic architecture of leaf vein density and its importance for photosynthe,,
OA(可免费),10.1002/advs.75700,NLSS3 Impairs SHM1 Autophagic Degradation to Regulate Leaf Morphology and Salt T,,
OA(可免费),10.1016/j.mmr.2026.100041,The disease burden attributable to tobacco use in China and its provinces from 1,,
OA(可免费),10.3389/fpls.2026.1832288,Spatially resolved quantification of wheat kernel vitreousness using hyperspectr,,
OA(可免费),10.3389/fpls.2026.1829123,Spray-induced gene silencing for plant disease control: mechanistic basis and de,,
OA(可免费),10.3389/fpls.2026.1769384,QTLs for heat-induced stomatal anatomy underpin gas exchange variation in field-,,
OA(可免费),10.3389/fpls.2026.1836788,Synergistic adaptation of rice root phosphorus uptake kinetics and leaf carbon-n,,
OA(可免费),10.3389/fpls.2026.1781486,Enhanced nitrogen dynamics and uptake in cotton via organic liquid fertilizer pa,,
OA(可免费),10.3389/fsurg.2026.1813946,False-positive beta-glucan test due to beta-glucan component in sterile gauze du,,
OA(可免费),10.1016/j.fochx.2026.104022,Elucidation of the key odorants contributing to the distinctive honey and sweet,,
OA(可免费),10.1016/j.fochx.2026.104004,Comparative analysis of the quality of fortified sweet wines made from Marselan,,
OA(可免费),10.3389/fgene.2026.1762633,Responses and adaptations of plants to abiotic stress: transcriptional regulatio,,
OA(可免费),10.1016/j.vas.2026.100671,The effects of varying dietary electrolyte balance levels in canola meal-based d,,
OA(可免费),10.1016/j.bioactmat.2026.05.026,Curcuma-derived nanovesicle-loaded ROS-responsive hydrogels reprogram iron metab,,
OA(可免费),10.1039/d6ra04196e,Asymmetric LAMP-gold nanoparticle biosensing for rapid detection of Kenyan tomat,,
OA(可免费),10.1016/j.jsea.2026.100028,Total elbow arthroplasty for unreconstructible distal humerus fracture sequelae,,
OA(可免费),10.1016/j.crfs.2026.101451,Structured bigel-based foams with tailored textural properties: a bigel-based st,,
OA(可免费),10.2105/AJPH.2026.308491,Tobacco Industry Contributions to the Development of Ultraprocessed Food in the,,
OA(可免费),10.2105/AJPH.2026.308501,Ultraprocessed Foods in the Global Food System: The Role of US Tobacco Companies,,
OA(可免费),10.1128/jvi.02126-25,Human parainfluenza virus 3 fusion protein cleavage: a key determinant of infect,,
OA(可免费),10.1021/acs.jafc.6c01854,Soybean-Derived Soluble Fiber Enhances Antimicrobial Proteins in the Mouse Small,,
OA(可免费),10.1128/aem.00790-26,Exploring the biochemical and biological functions of copper radical oxidases in,,
OA(可免费),10.1158/1055-9965.EPI-26-0057,Dietary and Lifestyle Patterns Among Young Patients with Lung Cancer: Analysis o,,
OA(可免费),10.1073/pnas.2537963123,Mutational analyses of an instability domain reveal its conserved role in the re,,
OA(可免费),10.1093/plcell/koag160,Loss of PMR4 callose synthase triggers jasmonic acid-dependent resistance to the,,
OA(可免费),10.1371/journal.pone.0350814,Acinetobacter baumannii utilizes a novel protective factor to combat desiccation,,
OA(可免费),10.1021/jacs.6c05481,A Programmable Cut-and-Sew Strategy for Trisulfide Transfer in the Synthesis of,,
OA(可免费),10.1093/plphys/kiag333,Molecular mechanism of cold acclimation regulating freezing tolerance in Prunus,,
OA(可免费),10.1038/s41586-026-10610-8,Plastoglobules compartmentalize nitrogen assimilation in maize,,
OA(可免费),10.64898/2026.05.14.26353250,Smoking drives an epigenetic memory of aberrant hematopoiesis,,
OA(可免费),10.64898/2026.05.17.725773,Functional genomic map of local adaptation in sorghum to guide allele mining,,
OA(可免费),10.64898/2026.05.21.727017,Nuclear basket localized proteasomes maintain circadian period through nuclear T,,
OA(可免费),10.64898/2026.05.20.726545,FBXL21 regulates diurnal proteostasis and stress response by targeting DNAJB6 an,,
OA(可免费),10.64898/2026.05.21.726904,Cell-specific dedifferentiation in Arabidopsis thaliana,,
OA(可免费),10.1039/d6ra01949h,Harnessing wetting transitions to program dual-mode antibacterial textiles,,
OA(可免费),10.1016/j.jsea.2026.100027,Mid- and long-term results of primary vs. secondary total elbow arthroplasty aft,,
OA(可免费),10.1039/d6ra02974d,Eco-engineered functionalized mesoporous silica from rice husks for selective de,,
OA(可免费),10.1016/j.crmicr.2026.100608,Antiviral potential of black tea and blueberry extracts against monkeypox virus,,
OA(可免费),10.1080/23802359.2026.2680737,Complete chloroplast genome and phylogenetic analysis of the korean endemic plan,,
OA(可免费),10.3389/fpls.2026.1845937,Long-term conservation tillage improves water use efficiency of wheat by optimiz,,
OA(可免费),10.3389/fpls.2026.1827397,Responses of vegetation-soil enzyme activities to climatic factors under differe,,
OA(可免费),10.3389/fpls.2026.1849989,Integrated multi-omics analysis reveals the molecular mechanism of tuber morphog,,
OA(可免费),10.1042/BSR20260190,Diacylglycerol enantiomer selectivity of diacylglycerol acyltransferases highlig,,
OA(可免费),10.1099/jgv.0.002260,A P-type pentatricopeptide repeat-containing protein interacts with the Japanese,,
OA(可免费),10.1002/advs.75922,Multi-Stimuli-Responsive Hydrogen-Bonded Organic Frameworks Nanocarriers Enable,,
OA(可免费),10.1073/pnas.2530029123,Virus-induced transgene- and tissue culture-free heritable genome editing in tom,,
OA(可免费),10.4103/aian.aian_39_26,Eating Epilepsy: Clinico-Electro-Imaging Profiles and Treatment Outcomes in Pati,,
OA(可免费),10.1016/j.psj.2026.107158,Lactobacillus solid-state fermentation with rice bran modulates substrate availa,,
OA(可免费),10.1016/j.psj.2026.107151,Cecal metagenome and mucosal transcriptome of broilers after an enteric challeng,,
OA(可免费),10.1016/j.psj.2026.107175,"Effects of Astragalus membranaceus stems and leaves on broiler growth, antioxida",,
OA(可免费),10.1016/j.stemcr.2026.102950,PCBP1 orchestrates amino acid metabolism burst during the naïve-to-primed plurip,,
OA(可免费),10.1007/s10123-026-00841-0,Sundarbans-derived halotolerant Bacillus inaquosorum SWA3TU mitigates arsenic an,,
OA(可免费),10.1093/plphys/kiag341,Understanding and modifying starch metabolism to limit yield losses in field-gro,,
OA(可免费),10.1186/s12870-026-09071-y,Trait-based analysis of yield formation and nitrogen use efficiency in wheat gen,,
OA(可免费),10.1111/nph.71336,Machine learning-guided multi-omics suggests iron-dependent hormonal signaling d,,
OA(可免费),10.1111/nph.71335,Natural variation in OsMYB305 downregulating cytokinin-mediated inhibition of le,,
OA(可免费),10.1111/nph.71331,The feedback regulation between DREB2C and E3 ligases DEL1/DEL2 for balancing th,,
OA(可免费),10.1111/nph.71320,The GSK3/SHAGGY-like OsGSK3 phosphorylates and inhibits phase separation of OsFC,,
OA(可免费),10.1111/tpj.70936,Dissecting Agronomically favorable genotypes in temperate japonica rice via hapl,,
OA(可免费),10.1111/tpj.70937,A PROMOTER::LUCIFERASE reporter system reveals key elements of the circadian reg,,
OA(可免费),10.64898/2026.05.25.727657,Genomic history and ecology of local adaptation in sky-island Arabidopsis thalia,,
OA(可免费),10.64898/2026.05.28.727677,Phage RyR-domain proteins degrade ADPR-based immune signals and fuel NAD+ synthe,,
OA(可免费),10.64898/2026.05.25.727718,Using timescale as a state coordinate reveals the metastable geometry of behavio,,
OA(可免费),10.64898/2026.05.25.727632,Toxin resistance in the monarch butterfly expanded its milkweed host range,,
OA(可免费),10.1016/j.fochx.2026.104041,Debranching and OSA esterification of waxy maize starch: effects on nanoparticle,,
OA(可免费),10.1016/j.fochx.2026.104020,Unlocking the potential of purple wheat bran through superfine grinding: Effects,,
OA(可免费),10.1093/braincomms/fcag130,Sleep increases firing rate modulation during interictal epileptiform discharges,,
OA(可免费),10.3389/fpls.2026.1843162,Rethinking grapevine downy mildew management: opportunities to disrupt the sexua,,
OA(可免费),10.3389/fpls.2026.1795072,Effects of nitrogen and phosphorus fertilization on soil respiration and its tem,,
OA(可免费),10.3389/fpls.2026.1842337,High-throughput phenotyping for climate-resilient forests: integrating multi-sen,,
OA(可免费),10.3389/fpls.2026.1851448,Hyperspectral estimation of leaf chlorophyll under small-sample conditions via s,,
OA(可免费),10.18699/vjgb-26-43,Factors of wheat frost hardiness - ice recrystallization inhibitor proteins,,
OA(可免费),10.1099/acmi.0.000948.v3,Diversity and plant growth-promoting traits of endophytic bacteria isolated from,,
OA(可免费),10.17912/micropub.biology.002041,The barley disease resistance protein AvrPphB Response 1 exhibits nucleocytoplas,,
OA(可免费),10.3389/fnut.2026.1817418,Association between different drinks consumption and risk of inflammatory bowel,,
OA(可免费),10.1016/j.fochms.2026.100420,"Integration of phytohormones, miRNAs and transcriptome sequencing in cucumber fr",,
OA(可免费),10.1016/j.isci.2026.115887,MaxEnt with remote sensing for tea plantation suitability under climate change,,
OA(可免费),10.3724/SP.J.1123.2025.06006,[Experimental teaching design of instrument analysis for undergraduate study： de,,
OA(可免费),10.1002/cbdv.202503488,"Evaluation of the Insecticidal Activity, Formulation, and Computational Study of",,
OA(可免费),10.1111/ahe.70140,Anatomical and Histological Characterization of the Intestine of Artibeus litura,,
OA(可免费),10.1111/1751-7915.70366,The Flavonoids Daidzein and Genistein Induce Wall-Deficient Cell Formation in St,,
OA(可免费),10.1093/plcell/koag148,Sexual life cycle establishes the unicellular red algae Cyanidiophyceae as a gen,,
OA(可免费),10.1111/ppl.70955,Elevated Nitrogen and Phosphorus Levels Suggest High Metabolic Demands in Himala,,
OA(可免费),10.1111/gcb.70952,Maize Crops Face High Stomatal Uptake During High Exposure to Ozone in an Agroec,,
OA(可免费),10.1096/fj.202600527RRR,"In Vitro Biological Activities of Piper corcovadensis C.DC.: Antioxidant, Antine",,
OA(可免费),10.1371/journal.pone.0335002,Prevalence and determinants of cigarette smoking and smoking frequency among peo,,
OA(可免费),10.1371/journal.pone.0350820,"Changes in tobacco sales before, during, and after the COVID-19 pandemic in Japa",,
OA(可免费),10.1371/journal.pone.0347774,Biochemical and molecular insights into anthracnose resistance in chilli,,
OA(可免费),10.1126/sciadv.aea4500,A potato late blight pathogen effector interacts with ENTH-domain protein TOL9a,,
OA(可免费),10.1126/sciadv.aeb1931,A plant pathogen effector blocks stepwise assembly of a helper NLR resistosome,,
OA(可免费),10.1016/j.cell.2026.05.016,Xenophagocytosis blockade enhances interspecies chimerism,,
OA(可免费),10.1111/nph.71314,Accessory regions and horizontal gene transfer shape the evolution of clonal Col,,
OA(可免费),10.1111/mpp.70289,The DENN Protein SMD1 Forms a Signalling Hub With Rab GTPase YPT1 to Regulate Di,,
OA(可免费),10.1080/15592324.2026.2684387,Uncovering the role of ABI2 as a key regulator of flowering time in Arabidopsis,,
OA(可免费),10.1111/tpj.70968,Overexpression of cytosolic NADP-malic enzyme 1 from the common ice plant enhanc,,
OA(可免费),10.1111/tpj.70971,How to frustrate a plant pathogen,,
OA(可免费),10.1186/s12913-026-14463-9,An international observational study on transition of care from paediatric to ad,,
OA(可免费),10.1111/tpj.70952,Deciphering photosynthetic protein networks: a crosslinking-MS strategy for stud,,
OA(可免费),10.1111/tpj.70980,Improving iSpyMacCas9 multiplex genome editing in rice by CRISPR-combo-mediated,,
OA(可免费),10.1021/jacs.6c06373,From Leuco to Blue: Photochemical Redox Amplification for Small-Molecule Immunod,,
OA(可免费),10.1093/treephys/tpag051,Water stress and recovery dynamics of physiological function and growth in juven,,
OA(可免费),10.1177/11786302261457694,"Micronutrient (Cu, Zn, Mo) Contents and Soil-To-Plant Transfer in Agricultural L",,
OA(可免费),10.18699/vjgb-26-55,Genetic analysis of wheat ear architecture in F2 hybrid of tetraploid wheats Tri,,
OA(可免费),10.1155/cro/2370288,A Rare Encounter: Documenting a Rotator Cuff Tear Associated With Idiopathic Ric,,
OA(可免费),10.4103/jispcd.jispcd_145_25,Microbial and Mycotoxin Contamination in Packaged and Unpackaged Smokeless Tobac,,
OA(可免费),10.3389/fimmu.2026.1833607,Pasteurized Akkermansia muciniphila alleviates high-fat diet-induced bone loss v,,
OA(可免费),10.1002/fsn3.71907,Sensitive Spectral and Temporal-Spatial Characteristic Analysis of Leaf SPAD in,,
OA(可免费),10.1002/fsn3.71944,Synergistic Effects of Tomato and Soy in Gluten-Free Noodles: Unveiling Antioxid,,
OA(可免费),10.1002/fsn3.71791,Acute and Second-Meal Effects of Oat Products on Postprandial Glucose Responses,,
OA(可免费),10.1016/j.plaphe.2026.100226,Rapid modeling of 3D rice canopy structure considering vertical heterogeneity an,,
OA(可免费),10.1002/snz2.70057,The Biosynthesis and Functions of Flavonoids: Recent Advances From Studies Acros,,
OA(可免费),10.1155/anu/7403059,First Report on Bacillus-Mediated Gonad Growth and Coloration in Purple Sea Urch,,
OA(可免费),10.1016/j.fochx.2026.104032,Unravelling the protective role of soluble soybean polysaccharide in preserving,,
OA(可免费),10.3389/fpls.2026.1734394,Hyperspectral data-driven corn nitrogen monitoring: application and interpretabi,,
OA(可免费),10.3389/fpls.2026.1849922,Genome-wide identification and functional characterization of the ABF gene famil,,
OA(可免费),10.1016/j.jvscit.2026.102285,Postoperative groin wound complications after common femoral artery exposure are,,
OA(可免费),10.1016/j.abiote.2026.100055,Mapping the propagation of a salicylic acid wave during pathogen spread using a,,
OA(可免费),10.1016/j.abiote.2026.100056,Alleleauto: a pipeline for allele identification and analysis of allele-specific,,
OA(可免费),10.1021/acsomega.5c09455,Machine Learning-Driven Techno-Economic Uncertainty Analysis in Batch Pharmaceut,,
OA(可免费),10.1021/acsomega.6c00934,"Mechanical, Viscoelastic, and Fracture Characteristics of Tea Waste and Boron Ni",,
OA(可免费),10.1021/acsomega.6c04155,Synergistic Intensification of Bioactive Compounds in Germinated Brown Rice via,,
OA(可免费),10.1002/fsn3.71313,"Improvement of Rheological, Textural and Sensorial Properties of Dough and Enric",,
OA(可免费),10.1002/fsn3.71983,Design and Experimental Analysis of a Multi-Scale Fresh Tea Leaf Rotary Drum Scr,,
OA(可免费),10.1002/fsn3.71978,Effects of Foliar Application of Iron Chlorine e6 on the Starch Physicochemical,,
OA(可免费),10.1002/fsn3.71988,"Scottish Seaweeds as Sustainable Sources of Micronutrients: Mineral Composition,",,
OA(可免费),10.1002/fsn3.71957,Development and Optimization of Instant Cassava-Soybean Composite Porridge as a,,
OA(可免费),10.1002/fsn3.72006,Addition of Instant Shear Heat Milled Pregelatinized Rice Flours on a Gluten-Fre,,
OA(可免费),10.1002/fsn3.71956,Wheat Bran Proteins as a Functional Ingredient in Plant-Based Mayonnaise,,
OA(可免费),10.1093/hr/uhag050,Polyploidization enhances plant resistance to Alternaria alternata via DNA hypom,,
OA(可免费),10.1002/pcn5.70346,A scoping review on the mental health of disaster responders for natural disaste,,
OA(可免费),10.15167/2421-4248/jpmh2025.66.4.3115,Cardiovascular risk in seasonal migrant workers in Southern Italy: clinical-epid,,
OA(可免费),10.1002/ccs3.70086,"SIRT1: Protean roles at the nexus of health, disease, and therapeutics",,
OA(可免费),10.1016/j.abrep.2026.100689,Food insecurity and elevated nicotine exposure among U.S. tobacco users: Evidenc,,
OA(可免费),10.1016/j.pmedr.2026.103498,Cigarette and E-Cigarette Use in Greater Philadelphia: Proportion of Use Compare,,
OA(可免费),10.4103/jfmpc.jfmpc_2118_25,"Global, regional, and national burden of tobacco-attributable stroke (1990-2021)",,
OA(可免费),10.4103/jfmpc.jfmpc_763_25,Oral premalignant disorders in housekeeping and security staff of a higher educa,,
OA(可免费),10.1073/pnas.2609325123,A long-distance signaling loop promotes soybean nodulation and productivity,,
OA(可免费),10.1073/pnas.2612171123,Arabidopsis YEATS domain proteins facilitate DNA double-strand break repair via,,
OA(可免费),10.5811/westjem.50709,Perceptions of Health Effects of Electronic Cigarettes in Young Adults: Emergenc,,
OA(可免费),10.1186/s12871-026-03993-8,The effect of multimodal temperature management on the incidence of perioperativ,,
OA(可免费),10.1186/s43897-026-00231-0,Stress-induced MAPK (SIMK)-dependent organization of microtubules in alfalfa,,
OA(可免费),10.1097/CM9.0000000000004164,Green nanomedicine for cancer therapy,,
OA(可免费),10.1093/plphys/kiag337,Chassis selection and metabolic fine-tuning enable efficient in planta betalain,,
OA(可免费),10.7717/peerj.21239,Effects of temperature on the life-history traits of Myzus persicae and its effi,,
OA(可免费),10.1007/s13205-026-04776-1,Oligosaccharide prebiotics in functional foods and therapeutics: innovations and,,
OA(可免费),10.1093/hr/uhag059,Genome-wide association studies in horticultural crops: decoding genetic diversi,,
OA(可免费),10.1093/dnares/dsag005,PFGPred: a stack ensemble classifier for the identification of fusion genes in p,,
OA(可免费),10.1002/advs.76034,A Conserved DT2-bZIP66-NF-YC4 Regulatory Module Confers Drought Tolerance in Ric,,
OA(可免费),10.1111/jep.70491,"Exploring Health Literacy, Anxiety, and Perception Among Nursing and Allied Heal",,
OA(可免费),10.1093/plphys/kiag349,Discovery of regulatory complexes in Arabidopsis via protein-metabolite mapping,,
OA(可免费),10.1007/s00299-026-03870-1,Transcriptomic and proteomic insights into the molecular mechanism underlying ce,,
OA(可免费),10.1073/pnas.2602575123,A fungal natural product that inhibits plant cellulose biosynthesis by disruptin,,
OA(可免费),10.1093/plcell/koag168,Engineering an Exo70 integrated domain of a barley NLR for improved blast resist,,
OA(可免费),10.1111/1750-3841.71172,Application of a D-Optimal Mixture Design for the Development and Optimization o,,
OA(可免费),10.1111/1750-3841.71189,Predicting Microbial Growth Dynamics in Commercial Cocoa-Flavored Plant-Based Mi,,
OA(可免费),10.1002/advs.202600030,Achieving High-Density and Stress-Resilient Maize Breeding Via Germplasm Innovat,,
OA(可免费),10.1002/advs.75987,Closed-Loop Radiative Cooling Mulch Upcycled From Agricultural Residues for Effi,,
OA(可免费),10.1002/advs.202522660,MFPD: A Multiple Fungal Pathogen Detection Pipeline Across Diverse Habitats,,
OA(可免费),10.1007/s11103-026-01730-w,Splicing regulation by RS2Z36 controls ovary patterning and fruit growth in toma,,
OA(可免费),10.1186/s12870-026-09216-z,Integrated transcriptomic and metabolomic analyses reveal drought-response mecha,,
OA(可免费),10.1111/mpp.70296,The Effector SIX8 Contributes to Virulence of Fusarium oxysporum f. sp. lactucae,,
OA(可免费),10.1111/mpp.70280,Construction of an Effector-Target Interaction Network for Identification of Imm,,
OA(可免费),10.1093/jat/bkag042,Mitragynine and 7-hydroxy-mitragyine plasma pharmacokinetics in humans after sin,,
OA(可免费),10.1155/ijfo/3648714,"Physicochemical Properties, Antioxidant Capacity, and Sensory of Ready-to-Eat Fl",,
OA(可免费),10.3389/fbioe.2026.1831123,Curdlan oligosaccharides induce salicylic acid-dependent defense responses in Ar,,
OA(可免费),10.1002/ece3.73816,Can Herbivore Feeding Preferences Reinforce the Female-Biased Sex Ratio in an Al,,
OA(可免费),10.4103/ijcm.ijcm_809_25,Mapping the Distribution of Tobacco Litter During the Haridwar Kumbh Mela 2021:,,
OA(可免费),10.1002/ccr3.72886,Acute Finger Ischemia Evaluated With Point-Of-Care-Ultrasound and Diagnosed With,,
OA(可免费),10.1093/hr/uhag057,Recent progress in unraveling the molecular mechanisms of anthocyanin biosynthes,,
OA(可免费),10.1093/hr/uhag056,Integrated circadian regulation in horticultural plants: light-environment mecha,,
OA(可免费),10.1021/acs.jafc.6c05234,Comparative Evaluation of Total Ergot Alkaloids Determination by ELISA and UHPLC,,
OA(可免费),10.1128/aem.00807-26,Salinity-driven niche partitioning of aquatic viruses in one of Europe's largest,,
OA(可免费),10.1002/adma.73685,Reversible Thermoactuation Unlocks Minimally Invasive Implantation and Retrieval,,
OA(可免费),10.1007/s44445-026-00177-5,Impact of repressing and thermomechanical fatigue on color stability and translu,,
OA(可免费),10.1186/s40364-026-00952-w,Circadian rhythm-guided cellular therapy in hematologic malignancies: mechanisms,,
OA(可免费),10.1002/advs.76047,Synergistic HMGN1 and VP64 Fusions Potentiate High-Precision and PAM-Flexible Ba,,
OA(可免费),10.1016/bs.ant.2025.04.002,Therapeutic role of plant bioactive compounds in atrazine-mediated neurotoxicity,,
OA(可免费),10.1253/circrep.CR-25-0297,Lard Intake Reduced Tetralinoleoyl Cardiolipin and Attenuated the Cardioprotecti,,
OA(可免费),10.1002/fsn3.72009,Exploring New Product Development: Acceptance of Textured Vegetable Protein With,,
OA(可免费),10.1093/nsr/nwag087,TaWRKY115 enhances cold tolerance by weakening the expression of TaMYB4 on CBFs,,
OA(可免费),10.1093/nsr/nwag248,Superior alleles of SEED-AGING GENE 9 enhance seed storability and dormancy in r,,
OA(可免费),10.1093/nsr/nwaf497,Integrative multi-omics analysis reveals the domestication mechanism of black ri,,
OA(可免费),10.1002/pld3.70177,Small Signaling Peptides in Sorghum bicolor: Integrating Phylogeny and Gene Expr,,
OA(可免费),10.1155/nrp/3474472,Modifiable Determinants of Metabolic Syndrome in Middle-Aged Adults: A Cross-Sec,,
OA(可免费),10.3390/biology15110839,"Regulatory Effects of Two Ionic Liquids ([Omim]Br, [Opy]Br) on the Growth and Ro",,
OA(可免费),10.3390/biology15110861,Integrated Transcriptome and Proteome Analysis Provides Insights into the Mechan,,
OA(可免费),10.3390/biology15110874,Awns Enhance the Thousand Seed Weight of Elymus nutans Griseb. by Regulating Car,,
OA(可免费),10.3390/biology15110886,"Host Plant Preferences and Survival of the Native Australian Spittlebug, Bathyll",,
OA(可免费),10.3390/biology15110891,Induced Mutagenesis Improves Grain Protein and Micronutrient (Fe and Zn) Content,,
OA(可免费),10.3390/nano16110694,"Rice Husk-Derived MCM-41 for Efficient Hg(II) Removal: Performance, Mechanism, a",,
OA(可免费),10.1093/treephys/tpag078,Combined effects of drought intensity and heat stress impair physiological perfo,,
OA(可免费),10.1093/ismejo/wrag146,Upregulated jasmonate signaling shifts Arabidopsis microbiota interactions and s,,
OA(可免费),10.1080/15592324.2026.2687952,"Endophyte function in climate-stressed crops: integrating molecular regulation,",,
OA(可免费),10.1097/HC9.0000000000000972,Physical frailty is the most important predictor of early mortality in hospitali,,
OA(可免费),10.1016/j.identj.2026.109677,"Oral Health on Sal, Cape Verde: A Population-Based, Cross-Sectional Study",,
OA(可免费),10.1016/j.stemcr.2026.102957,Rat cell-derived kidney generation via interspecies blastocyst complementation i,,
OA(可免费),10.3390/ijms27114861,Genome-Wide Analysis of CsCAX Genes and Functional Characterization of CsCAX3 Re,,
OA(可免费),10.3390/ijms27114920,Timing-Dependent Effects of Dexamethasone in a Mouse Model of Neonatal Hypoxic-I,,
OA(可免费),10.3390/ijms27114958,Genome-Wide Analysis and Expression Profiles of AhLOG Gene Family in Peanut (Ara,,
OA(可免费),10.3390/ijms27115008,Multi-Omics Dissection of Drought Stress Responses in Crops: From Molecular Regu,,
OA(可免费),10.3390/ijms27115041,PGPB Bacillus Megaterium AFI1 and Paenibacillus Nicotianae AFI2 Improve Nutrient,,
OA(可免费),10.3390/ijms27115126,"Physiological, Morphological, and Molecular Evaluation of Wheat Under Single (Dr",,
OA(可免费),10.3390/foods15111979,Spatiotemporal Analysis of the Carbon Footprint of Soybean Production in China B,,
OA(可免费),10.3390/plants15111591,Transcriptomic Analyses and Weighted Gene Co-Expression Network Analysis (WGCNA),,
OA(可免费),10.3390/plants15111594,Micro- and Nanoplastics in Agricultural Crop Systems: From Environmental Particl,,
OA(可免费),10.3390/plants15111597,Agronomic and Physiological Aspects of Programmed Cycle Pruning in Coffea arabic,,
OA(可免费),10.3390/plants15111599,Biostimulation of Tomato Plants (Solanum lycopersicum L.) Using Fragmented Extra,,
OA(可免费),10.3390/plants15111617,Polyamine-Related Gene Families Identification and Regulatory Effects on Early S,,
OA(可免费),10.3390/plants15111629,Optimized Irrigation and Fertilization Reduce Luxury Transpiration While Improvi,,
OA(可免费),10.3390/plants15111636,Physiological and Biochemical Responses of Two Major Legume Crops to Seed Primin,,
OA(可免费),10.3390/plants15111659,Genome-Wide Analysis of PP2C Gene Family and Identification of DlPP2C1 as an ABA,,
OA(可免费),10.3390/plants15111664,Innovative Pest Management Strategies in Phytoplasma Insect Vectors Control,,
OA(可免费),10.3390/plants15111665,Coupling Effects of Straw Return and Fertilization Regime on the Photosynthesis-,,
OA(可免费),10.3390/plants15111682,A CRY1 Interactor eIF3G1 Negatively Regulates Root Growth Under Blue Light in Ar,,
OA(可免费),10.3390/plants15111684,Studies on the Identification of the SND Gene Family in Pinus massoniana Lamb. a,,
OA(可免费),10.3390/plants15111694,Coumarin Reduces Aluminum-Induced Inhibition of Growth and Photosynthesis in Cit,,
OA(可免费),10.3390/plants15111700,Seed Hormonal Priming Improves Drought Resilience in Durum Wheat Through Modulat,,
OA(可免费),10.3390/plants15111701,Ectomycorrhizal Symbiosis as a Bio-Enhancement Strategy for Transplantation of S,,
OA(可免费),10.3390/plants15111709,Functional Insights into the RCC1 Gene Family and UVR8-Mediated Regulation of An,,
OA(可免费),10.3390/plants15111727,Non-Essential Element-Based Nanoparticles in Rice: Unraveling the Impacts of Ytt,,
OA(可免费),10.3390/plants15111735,Alternative Splicing of SCL30a Generates Distinct Isoforms to Modulate ABA Signa,,
OA(可免费),10.3390/plants15111740,Soil Region Segmentation and Visual Whiteness Analysis in Cold-Region Rice Seedb,,
OA(可免费),10.3390/plants15111741,"Toward Sustainable Paclitaxel Bioproduction: Plant Biology, Biosynthesis and Pla",,
OA(可免费),10.3390/plants15111743,Plasma Membrane-Localized PtCOR8 Enhances Cold Tolerance in Poncirus trifoliata,,
OA(可免费),10.3390/plants15111753,Optimizing Sowing Date and Nitrogen Management to Trade Off Yield and Nitrate Le,,
OA(可免费),10.3390/plants15111758,"Physiological Responses, Molecular Basis, and Integrated Regulation of Heat Tole",,
OA(可免费),10.3390/plants15111760,"Genetic Variability, Trait Association, and Multi-Trait Selection of New Indeter",,
OA(可免费),10.3390/s26113320,YOLOv9-Based Detection of Diseases in Poplar Trees Using Histogram Equalization,,
OA(可免费),10.3390/s26113350,Optimal Techno-Economic Feasibility of Solar PV Irrigation System Augmented Hydr,,
OA(可免费),10.3390/s26113404,FDA-YOLO: A Feature Fusion and Attention-Based Network for Multiscale Tomato Mat,,
OA(可免费),10.3390/s26113474,A Lightweight Real-Time Tomato Leaf Disease Detection System for Edge-Based Smar,,
OA(可免费),10.3390/s26113569,Luminescent Wearable Sensor on Anions from Cotton Fabric Grafted with Cu-In-Zn-S,,
OA(可免费),10.1002/tpg2.70261,Advances in gene cloning and functional genomics approaches for wheat (Triticum,,
OA(可免费),10.1002/adma.73693,Confinement-Regulated Crystal Phase Engineering Enables Structured Semiconductor,,
OA(可免费),10.1093/nsr/nwag095,A fast method for breeding by design via G × E interactions detected in large-sc,,
OA(可免费),10.1002/pei3.70170,Morpho-Reproductive Stability of Rice Landraces Under Water Deficit Across Agroe,,
OA(可免费),10.1039/d6sc03368g,High-dimensional CRISPR-SERS interactomics tracks the topological evolution of p,,
OA(可免费),10.1177/18911803261435900,Agronomic Biofortification Strategies to Increase Grain Zinc Concentrations of W,,
OA(可免费),10.1002/fsn3.72008,"From Waste to Functional Snack: Drying Kinetics, Neural Network Modeling, and Ut",,
OA(可免费),10.1016/j.pld.2026.02.001,Vegetation sensitivity to drought depends on bedrock type in a subtropical karst,,
OA(可免费),10.1016/j.pld.2025.09.002,ddRAD sequencing of 1076 Camellia accessions reveals the genetic diversity and p,,
OA(可免费),10.1016/j.pld.2025.12.012,Genomic insights into alpine plant adaptation,,
OA(可免费),10.64898/2026.05.31.729123,CDK8 phosphorylation of DELLA limits Mediator recruitment in gibberellin signali,,
OA(可免费),10.64898/2026.06.02.729671,Catch me if you can: Arabidopsis thaliana lags in adaptation to contemporary cli,,
OA(可免费),10.64898/2026.05.28.728419,Structure determination and dual targeting of a plant TACO1 identifies its ancie,,
OA(可免费),10.1155/ijfo/5561598,High-Value Transformation of Rice-Derived Bioactive Peptides for Multiscenario A,,
OA(可免费),10.1016/j.mex.2026.103983,Enhancing grape disease detection: A comparative analysis of hybrid CNN-LSTM and,,
OA(可免费),10.1093/tas/txag052,Effects of an enzyme blend in diets of different nutrient density fed to nursery,,
OA(可免费),10.1021/acs.est.6c04875,Desorption of Phosphate from Iron-Bearing Soil Minerals by a Plant Secondary Met,,
OA(可免费),10.1107/S2059798326005498,Structure of the Arabidopsis receptor kinase SRF6 ectodomain determined from cry,,
OA(可免费),10.1093/database/baag024,"KitBase Expanded: An Integrated Genomic and Phenotypic Resource for 3,268 Fast-N",,
OA(可免费),10.1002/tpg2.70265,"A chromosome-level genome assembly of Solanum brevicaule (PI 473011) Y1-5, a wil",,
OA(可免费),10.1002/tpg2.70264,Missing comparability: When genomic selection faces field variability. A case st,,
OA(可免费),10.1080/15592324.2026.2687962,Role of primary protectors of plant cells in salinity tolerance: molecular mecha,,
OA(可免费),10.1371/journal.pone.0345368,Alcohol consumption and tobacco smoking associated with decreased antiretroviral,,
OA(可免费),10.1126/sciadv.aed4221,Regenerative macrophages enhance stem cell-derived β cell function and engraftme,,
OA(可免费),10.1002/advs.76059,From Defense Executor to Engineering Target: Harnessing Lignin for Crop Resistan,,
OA(可免费),10.1002/advs.76067,The Spatiotemporal Genetic Architecture of Seed Vigor in Upland Cotton,,
OA(可免费),10.1111/tpj.70966,"The fluorescence-activating and absorption-shifting tag (FAST), a versatile prot",,
OA(可免费),10.1111/tpj.70919,"Losing genes, gaining edits: how relaxed selection and inverted repeat expansion",,
OA(可免费),10.1038/s41467-026-73922-3,A pH-responsive double network hydrogel for control of tomato bacterial wilt,,
OA(可免费),10.34763/jmotherandchild.20263001.d-25-00036,Comparative Performance of Machine Learning Models Using Food Intake Frequency V,,
OA(可免费),10.1186/s12870-026-08812-3,Phytohormones producing endophytic fungi Paecilomyceslilacinus modulated metabol,,
OA(可免费),10.1186/s42523-026-00540-1,Optimization of solid-state fermentation process of diets and its effects on gro,,
OA(可免费),10.1093/ismejo/wrag149,Elucidation of dimethyl sulfide assimilation in soil bacteria expands the enzyma,,
OA(可免费),10.1093/plcell/koag182,Removal of seed coat H3K27me3 in Arabidopsis requires noncanonical functions of,,
OA(可免费),10.1016/j.identj.2026.109680,Protein Arginine Methyltransferase 6 Regulated Odontogenic Differentiation and M,,
OA(可免费),10.1111/pce.70671,Lack of Hydraulic Acclimation in Response to Multiple Droughts and Recovery,,
OA(可免费),10.1111/plb.70240,Advancing the pneumatic method to assess xylem vulnerability to embolism among d,,
OA(可免费),10.1093/hr/uhag075,Transcription factor SlbHLH70 enhances drought tolerance in tomato,,
OA(可免费),10.1093/hr/uhag085,A telomere-to-telomere genome assembly of Nymphaea minuta provides details into,,
OA(可免费),10.3389/fpls.2026.1847545,"Effects of long-term tillage on soil nitrogen transformation, nitrogen fractions",,
OA(可免费),10.3389/fpls.2026.1861479,Urban-rural differences in transpiration patterns of Pinus tabuliformis and envi,,
OA(可免费),10.3389/fpls.2026.1851420,Remote evaluation of rice nitrogen utilization efficiency using chlorophyll-rela,,
OA(可免费),10.3389/fpls.2026.1799146,Association of Rhizoctonia theobromae with cassava witches' broom outbreak in Br,,
OA(可免费),10.3389/fpls.2026.1812052,Predicting wheat yield and grain quality with UAV multispectral imagery and deep,,
OA(可免费),10.3389/fpls.2026.1839497,Combined application of straw and biochar: reducing nitrogen fertilizer demand a,,
OA(可免费),10.3389/fpls.2026.1837132,Big data approaches to understanding gene regulatory networks in the shoot apica,,
OA(可免费),10.1111/eva.70280,Shade Avoidance Restricts Soybean Breeding Progress and Increases Herbivore Susc,,
OA(可免费),10.1093/synbio/ysag007,A CURE for synthetic regulation of gene expression: rapid screening of guide RNA,,
OA(可免费),10.1155/ijfo/9974154,Optimization of Gluten-Free and Low-GI Crispy Cookies From Agrowaste Flours Usin,,
OA(可免费),10.1016/j.mtbio.2026.103289,BMSC-targeting aptamer conjugation enhances bone delivery of a rice bran peptide,,
OA(可免费),10.3389/fmicb.2026.1830098,In-vitro evaluation of selected native Trichoderma species for management of Pyr,,
OA(可免费),10.1016/j.gastha.2026.100999,Innovative Endoscopic Treatment of Dual Gastric Perforations Using Argon Plasma,,
OA(可免费),10.1002/fsn3.72014,Exploring the Influence of Oral-Proximal Gastric in Vitro Digestion on Estimated,,
OA(可免费),10.1002/fsn3.72017,"Air Jet Impingement-Assisted Air Frying of Potatoes: Oil Absorption, Lipid Oxida",,
OA(可免费),10.1002/fsn3.71948,Immunomodulatory Effects of Wheat Peptides and a Novel Octapeptide (GFNDLGKR) in,,
OA(可免费),10.1002/fsn3.72018,Production of Instant Linden Tea (Tilia spp.) Powder: Integrating Compound-Level,,
OA(可免费),10.1016/j.pmedr.2026.103493,Sociodemographic differences in beliefs in harm reduction tobacco products as ci,,
OA(可免费),10.1016/j.pmedr.2026.103520,Beyond contextual smoking norms: The importance of family-level nicotine use ris,,
OA(可免费),10.1016/j.fochx.2026.104069,Moderate moisture evaporation strengthens the network structure and practical fe,,
OA(可免费),10.1016/j.fochx.2026.104066,Exploring the metabolic characteristics of fresh-cut sweet potatoes at different,,
OA(可免费),10.1016/j.fochx.2026.104080,Comparative analysis of the fine molecular structures and pasting properties of,,
OA(可免费),10.1021/acsomega.6c01585,Effect of Cotton Activation and Solvent Evaporation on the Production of Regener,,
OA(可免费),10.1021/acsomega.6c01413,Dual Functionality of Biobased Bacterial Nanocellulose as Polymer Additive for D,,
OA(可免费),10.3389/fonc.2026.1829211,Selaginella doederleinii-derived extracellular vesicle-like particles suppress l,,
OA(可免费),10.1016/j.abiote.2026.100058,A TaMYB2-TaMAP3K17 module enhances drought tolerance by promoting reactive oxyge,,
OA(可免费),10.1128/mbio.00221-26,A viroid-like RNA can be transmitted among different Trichoderma species affecti,,
OA(可免费),10.1128/msystems.00212-26,Biosynthetic gene clusters in Pseudomonas viridiflava have a fitness cost during,,
OA(可免费),10.1128/msystems.00055-26,The interaction between Septoria stem canker and the mycobiome of Populus tricho,,
OA(可免费),10.1021/acsami.6c05337,Ti3C2Tx MXene Nanosheets: Bridging High-Performance Energy Storage and Comprehen,,
OA(可免费),10.1093/plcell/koag185,Predicting complex phenotypes using multi-omics data in maize,,
OA(可免费),10.1111/jce.70404,Steam Pop During Lattice-Tip Radiofrequency Ablation: Simultaneous Intracardiac,,
OA(可免费),10.1073/pnas.2605425123,Tuning reductase activity in monoterpene indole alkaloid biosynthesis,,
OA(可免费),10.1073/pnas.2528901123,The diversity of soil parasitic protists shapes ecosystem stability worldwide,,
OA(可免费),10.1016/j.plaphy.2026.111482,A comparative transcriptome analysis of freezing stress responses in early-matur,,
OA(可免费),10.1016/j.plaphy.2026.111448,"Exogenous boron induced cell expansion and carbohydrate allocation, conferring l",,
OA(可免费),10.1016/j.plaphy.2026.111470,Apoplastic retention over vacuolar sequestration: a potential more efficient str,,
OA(可免费),10.1016/j.plaphy.2026.111416,"High-temperature stress alters grain quality, starch granule structure, and gene",,
OA(可免费),10.1016/j.plaphy.2026.111449,Sunflower NAC84 confers plant salt and drought tolerance and yield-increasing po,,
OA(可免费),10.1111/nph.71364,Separating intrinsic from extrinsic stomatal control in different soils,,
OA(可免费),10.1186/s12870-026-09177-3,"Genome-wide identification, characterization, and expression analysis of the pla",,
OA(可免费),10.1186/s12870-026-09157-7,Assessment of Alfalfa varieties under salt stress through morpho-physiological a,,
OA(可免费),10.1186/s13007-026-01550-5,Quantifying wheat spike morphology by high resolution 3D surface scanning,,
OA(可免费),10.1080/15592324.2026.2687959,Synergistic application of taurine and spermidine enhances wheat tolerance to ne,,
OA(可免费),10.21037/acr-2026-0006,Pantoea agglomerans infection: a rare case of infection in a totally implantable,,
OA(可免费),10.1073/pnas.2534981123,A bacterial symbiont and a plant virus enhance insect fitness by inducing physic,,
OA(可免费),10.1093/eurpub/ckag084,"Tobacco industry interference with the point-of-sale advertising, promotion, and",,
OA(可免费),10.2196/89820,Using In-Home Air Quality Monitoring to Reduce Cannabis Secondhand Smoke Exposur,,
OA(可免费),10.1093/plphys/kiag379,Phytochrome-interacting factors integrate environmental signals to regulate toma,,
OA(可免费),10.1093/plcell/koag180,Tyrosine-sulfated peptide-induced flavonol biosynthesis controls elongation and,,
OA(可免费),10.1111/mpp.70295,A Malectin-Like Receptor Kinase and Bacterial Motility Shape Tissue-Specific Mai,,
OA(可免费),10.21769/BioProtoc.5707,ROOT-ExM: Super-Resolution Imaging of Proteins in Arabidopsis Roots by Expansion,,
OA(可免费),10.1093/hr/uhag084,Metabolism and regulation of chlorophyll and carotenoids in tomato fruits,,
OA(可免费),10.1093/hr/uhag072,Potato StRWA2 recruits the E3 ligase StSNIPER2 to destabilize NLRs and promote P,,
OA(可免费),10.5114/aoms/220340,"Global, regional, and national burden of respiratory diseases and attributable r",,
OA(可免费),10.1016/j.isci.2026.116179,Effects of sheep-manure- and humic-acid-based amendments on alpine mine soil res,,
OA(可免费),10.1016/j.isci.2026.116269,Plant stress early detection through a low-cost multispectral device: Toward saf,,
OA(可免费),10.1016/j.jsea.2026.100036,Primary vs. revision total elbow arthroplasty: an updated analysis of short-term,,
OA(可免费),10.1016/j.mex.2026.103979,"Development of an inexpensive, simple purification method for ω-5 gliadin from w",,
OA(可免费),10.1016/j.crfs.2026.101462,L-Theanine ameliorates high-protein diet-associated hepatic glucose and lipid me,,
OA(可免费),10.1093/aobpla/plag023,Dissecting morphological changes during floral abscission in Arabidopsis thalian,,
OA(可免费),10.3389/fpls.2026.1823609,Moderate organic-inorganic fertilization optimizes soybean productivity by resha,,
OA(可免费),10.3389/fpls.2026.1804577,Genome-wide association study identifies key loci and candidate genes for seed v,,
OA(可免费),10.18502/ijm.v18i3.21671,Cellulase and β-glucosidase activity of crude enzyme extracted from fresh and ex,,
OA(可免费),10.4103/JCDE.JCDE_123_26,Effect of diode laser and various chemical pretreatments on immediate shear bond,,
OA(可免费),10.1039/d5fo03797b,Chloroplasts as ingredients for food: a review,,
OA(可免费),10.1093/nar/gkag609,Dysregulated 3'-end processing of 18S pre-rRNA decreases mtPNPase efficiency in,,
OA(可免费),10.1128/msystems.00635-26,Interaction between rhizobacterial community and host root metabolism influences,,
OA(可免费),10.1177/21925682261454228,Non-Tobacco Nicotine Is Associated With Increased Complications Following Poster,,
OA(可免费),10.1099/mgen.0.001756,"Gut microbiome of the grape berry moth, Paralobesia viteana (Lepidoptera: Tortri",,
OA(可免费),10.1126/sciadv.aec4824,Characterization of the biosynthetic enzymes of the Morus alba benzofuran natura,,
OA(可免费),10.1126/sciadv.adz5090,An F-box protein OsFKF1 interacts with either OsGI or Hd1 and mediates the degra,,
OA(可免费),10.1126/sciadv.aed1407,Spatial transcriptomics identifies distinct domains regulating yield-component t,,
OA(可免费),10.1126/sciadv.aeh2957,Structural evolution of the MTCH family of mitochondrial insertases,,
OA(可免费),10.1093/gbe/evag147,The Effects of Rapid Mitochondrial Gene Loss on Organellar Proteomes,,
OA(可免费),10.1016/j.jgeb.2026.100690,Heterologous expression of lipase gene in Cereibacter sphaeroides 2.4.1 driven b,,
OA(可免费),10.1038/s41586-026-10643-z,A blastoporal organizer in a ctenophore,,
OA(可免费),10.1111/pbi.70701,Natural Variation in GmSL20 Improves Seed Size and Quality in Soybean,,
OA(可免费),10.1111/mpp.70300,Xanthomonas Type III Effector XopN Targets Scaffold Protein OsRACK1B to Suppress,,
OA(可免费),10.3389/fmicb.2026.1849362,Qualitative and quantitative evaluation of phosphate-solubilizing ability of Lys,,
OA(可免费),10.1002/ece3.73825,Variations in Sexual Size Dimorphism in Two Anurans Along an Urbanization Gradie,,
OA(可免费),10.1183/23120541.01158-2025,Characteristics and management of asthma from the China Asthma Data Registry Pro,,
OA(可免费),10.1093/hr/uhag089,The SL-MdDWARF53-MdbHLH1 module regulates MdAT1-mediated redox homeostasis and a,,
OA(可免费),10.3389/fpls.2026.1835549,UAV-based phenotyping outperforms visual canopy wilting for evaluating soybean d,,
OA(可免费),10.1002/fsn3.72029,Optimization of Spent Coffee Grounds as Fat and Flour Substitutes in Gluten-Free,,
OA(可免费),10.1128/aem.00412-26,Beneficial fungi reprogram tree metabolism toward growth and stress-associated p,,
OA(可免费),10.1111/1541-4337.70516,"Gluten Analysis and Regulation: Scientific, Analytical, and Economic Dimensions",,
OA(可免费),10.1037/pha0000790,App-based contingency management to reduce heavy drinking days among smokers rec,,
OA(可免费),10.1002/mabi.202600003,Dual-Responsive Chitosan-Grafted PNIPAAm Hydrogel Eye Drop Incorporating Insulin,,
OA(可免费),10.1093/plphys/kiag398,A noncoding SNP in ELF3 alters ELF3β expression and confers adaptation of Arabid,,
OA(可免费),10.1111/1750-3841.71184,Pea Protein and Maltodextrin-Based Encapsulation of Anthocyanins From Black Rice,,
OA(可免费),10.1111/1750-3841.71180,Determining Applications of Intermediate Wheatgrass in Conjunction With Common W,,
OA(可免费),10.1002/cbdv.71431,"Anthraquinones From Epicoccum sp., a Fungus Isolated From Gut of Dione juno That",,
OA(可免费),10.1111/mpp.70298,ESCRT: A Cellular Nexus of Plant Immunity and Pathogen Counter-Strategies,,
OA(可免费),10.17113/ftb.64.02.26.8892,Development and Analytical Evaluation of a Microarray Assay for Quantitative Det,,
OA(可免费),10.17113/ftb.64.02.26.9220,"Impact of Egg Components on Model Pasta Dough Rheology, Microstructure, and Mech",,
OA(可免费),10.1016/j.dadr.2026.100452,Prevalence of substance use during pregnancy in New Jersey: Investigating the ef,,
OA(可免费),10.1016/j.aninu.2025.11.013,Evaluating the nutritional and economic potential of defatted algae cake in aqua,,
OA(可免费),10.3389/fmicb.2026.1834901,Effects of different protein sources on rumen fermentation-microbial characteris,,
OA(可免费),10.3389/fpls.2026.1774622,Navigating heavy metal stress: emerging roles of TOR and SnRK signaling in plant,,
OA(可免费),10.3389/fpls.2026.1845163,"Habitat suitability for the soybean aphid, Aphis glycines, and its natural enemi",,
OA(可免费),10.3389/fpls.2026.1858767,The relationship of rice yield and quality with the utilization of temperature a,,
OA(可免费),10.3389/fpls.2026.1829521,Robust multi-target multi-scale tomato leaf disease detection for precision agri,,
OA(可免费),10.3389/fpls.2026.1848146,Improving soil water-salt conditions and cotton yield through optimized C/N fert,,
OA(可免费),10.3389/fpls.2026.1857873,Characterization of resistance to bacterial panicle blight in rice revealed by t,,
OA(可免费),10.3389/fendo.2026.1772372,"Dose-, duration- and age-dependent effects of zoledronic acid on bone structure",,
OA(可免费),10.1002/pcn5.70365,Trends in substance use and associations with internet use among Japanese high s,,
OA(可免费),10.1016/j.synbio.2026.05.004,Progresses of transposon research in Saccharomyces cerevisiae,,
OA(可免费),10.1016/j.crmicr.2026.100630,Association between secondhand smoke exposure and ocular microbiome changes in c,,
OA(可免费),10.1093/molbev/msag152,RNA i-motif landscapes in plant kingdom and their potential functional roles,,
OA(可免费),10.1126/sciadv.aee2988,Single-nucleus transcriptomics resolves multiple fate dynamics between infloresc,,
OA(可免费),10.1126/sciadv.aed4384,Liver endothelial zonation orchestrates hepatic steatosis onset through retinoic,,
OA(可免费),10.1126/sciadv.aee2752,Electronics with switchable flexibility for 3D conforming neural interfaces,,
OA(可免费),10.1097/PHH.0000000000002366,Improving Local Health Through Partner Engagement and Policy: Establishing the F,,
OA(可免费),10.1021/acs.analchem.6c01147,Rapid Histone Post-Translational Modification Analysis Using Alternative Proteas,,
OA(可免费),10.1093/jxb/erag306,Genetic mechanisms underlying temperature-mediated changes in flower development,,
OA(可免费),10.1186/s12870-026-09322-y,Strong phylogenetic signal from chloroplast genomes of three Barringtonia specie,,
OA(可免费),10.1186/s12870-026-09295-y,Comparative effects of organic and inorganic fertilizers on photosynthetic pigme,,
OA(可免费),10.1016/j.xplc.2026.101972,Cytokinin-activated DIRIGENT13 promotes lignan synthesis to regulate root growth,,
OA(可免费),10.1002/advs.76227,Correcting Apparent Priming Bias Unveils Fertilizer Nitrogen-Risk Archetypes of,,
OA(可免费),10.1016/j.fochx.2026.104065,"Regulation of texture properties, water distribution, and starch retrogradation",,
OA(可免费),10.1016/j.isci.2026.116381,Effects of soil layer replacement combined with organic fertilizer application o,,
OA(可免费),10.1093/hr/uhag097,The grapevine LysM receptor kinase VvLYK4-2 is a key player in chitosan-triggere,,
OA(可免费),10.1093/hr/uhag098,The CsBES1-14-CsCOR413 module mediated by brassinolide positively regulates cold,,
OA(可免费),10.2106/JBJS.ST.25.00026,Evans and Cotton Osteotomies Using Porous Titanium Wedges to Correct Pediatric F,,
OA(可免费),10.1021/acsomega.6c00762,Lipid Transfer Proteins (LTP) with α‑Amylase Inhibitory Activity from Capsicum c,,
OA(可免费),10.1021/acsomega.6c02582,Developing Quick Screening Method to Identify Rice Cultivars with Unique Aromati,,
OA(可免费),10.1016/j.plaphe.2026.100232,PhenoRob-P: An autonomous robotic system for high-throughput phenotyping of pott,,
OA(可免费),10.1016/j.plaphe.2026.100229,Accurate 3D recording: Integrating ground-based LiDAR data and 3D segmentation n,,
OA(可免费),10.64898/2026.06.03.730005,The beta cell glucocorticoid receptor protects against hyperglycaemia by modulat,,
OA(可免费),10.1016/j.dib.2026.112927,Longitudinal multispectral image dataset for ToBRFV disease detection in tomato,,
OA(可免费),10.1002/pld3.70178,FLOWERING LOCUS T Genes MtFTb1 and MtFTb2 Act Redundantly to Promote Flowering U,,
OA(可免费),10.1155/crid/6280261,Sequential Double Autotransplantation Using Immature Teeth as First-Stage Autotr,,
OA(可免费),10.3389/fpls.2026.1842390,Hyperspectral imaging and machine learning for rapid sensing and visualized retr,,
OA(可免费),10.3389/fpls.2026.1851297,LiteMS-YOLO: a lightweight framework for small target detection in complex wheat,,
OA(可免费),10.3389/fpls.2026.1825108,Genome-wide identification and characterization of the Groucho/Tup1-like corepre,,
OA(可免费),10.3389/fpls.2026.1843825,One-year-old wood morphology and colorimetric indicators of cold hardiness in 'F,,
OA(可免费),10.3389/fpls.2026.1814763,An end-to-end detection and classification model for tea leaf grading in complex,,
OA(可免费),10.5005/jp-journals-10005-3486,To Compare and Evaluate the Antibacterial Efficacy of Murraya koenigii (Curry Le,,
OA(可免费),10.5005/jp-journals-10005-3460,Nonfluoridated Remineralizing Agents in Pediatric Dentistry: A Narrative Review,,
OA(可免费),10.1016/j.rmcr.2026.102449,Fogarty balloon-assisted extraction of an impacted friable foreign body causing,,
OA(可免费),10.1002/advs.76225,Natural Variation of COLD and CATECHINS REGULATOR 1 Coordinately Fine-Tunes Cold,,
OA(可免费),10.1155/tswj/6660150,Phytochemical Screening and Biological Studies of Leaf Extract of Ipomoea Batata,,
OA(可免费),10.1073/pnas.2601246123,"Genomic reconstruction of upland cotton domestication uncovers staged selection,",,
OA(可免费),10.1073/pnas.2600460123,"Laser ablation microscopy reveals apical notch, apical dominance, and meristem r",,
OA(可免费),10.1073/pnas.2532481123,A receptor kinase complex refines cambium activity in Arabidopsis,,
OA(可免费),10.1002/mbo3.70334,Characterization of Multitrait Plant Growth-Promoting Rhizobacteria From Opuntia,,
OA(可免费),10.1093/plphys/kiag413,The role of MLO in powdery mildew susceptibility depends on a combination of fun,,
OA(可免费),10.3390/biology15120896,Rice Straw-Derived Magnetic Hydrothermal Carbon Accelerates Anaerobic Azo Dye Bi,,
OA(可免费),10.3390/antiox15060748,Mechanistic Insights into Starch-Polyphenol Complexation: Role of Structural Dif,,
OA(可免费),10.3390/foods15122081,Assessment of Pesticide Residue Content in Fresh Plant-Based Products Available,,
OA(可免费),10.3390/plants15121873,Screening and Evaluation of Salt-Tolerant Wheat Cultivars,,
OA(可免费),10.1007/s12298-026-01761-z,Exploring wild rices for photosynthetic efficiency improvement in rice,,
OA(可免费),10.1186/s11671-026-04754-9,Thermal conductivity and viscosity characterization of soybean oil nanofluids di,,
OA(可免费),10.1126/sciadv.aeg6081,O-methyltransferase variation enables a specific volatile alarm call in rice,,
OA(可免费),10.1016/j.synbio.2026.04.036,Advancing our understanding of photosynthesis: discoveries and insights from aqu,,
OA(可免费),10.1016/j.cub.2026.06.034,Temperature signals drive grass secondary cell wall thickening,,
OA(可免费),10.1111/ppl.71004,Cyclic Electron Transport via the NDH Complex Sustains Photosynthesis and Produc,,
OA(可免费),10.1038/s44318-026-00852-7,The TPR2 corepressor forms condensates with repressors to fine-tune growth and d,,
OA(可免费),10.1186/s43897-026-00238-7,A miR858 variant negatively regulates resistance to tea leaf spot through target,,
OA(可免费),10.1111/ppl.70997,Wheat Functional Traits and Photosynthetic Responses to Dynamic Shading in Agriv,,
OA(可免费),10.1111/asj.70212,"Effect of Cellulase and Lactobacillus plantarum on the Quality, Microbial Compos",,
OA(可免费),10.1002/tpg2.70276,Revisiting the foundation era of plant genomics with a commentary on the pioneer,,
OA(可免费),10.1167/iovs.67.8.23,Enhanced Endocytosis and Mitochondrial Stress Underlie Severe Retinitis Pigmento,,
OA(可免费),10.1080/15592324.2026.2681236,Selenium nanoparticles and wheat straw biochar synergistically alleviate combine,,
OA(可免费),10.1093/bioinformatics/btag271,VirBinn improves viral genome binning from metagenomic Hi-C through graph diffus,,
OA(可免费),10.1093/plphys/kiag473,A deep learning model captures position-specific effects of plant regulatory seq,,
OA(可免费),10.1093/plcell/koag204,RIN4 fragments released by AvrRpt2 promote NDR1-dependent activation of RPS2,,
OA(可免费),10.1021/acs.analchem.6c00954,Spatially Resolved Diffusion NMR for Structurally Heterogeneous Materials,,
OA(可免费),10.1186/s12870-026-09413-w,A multi-omics approach to maize (Zea mays) tassel development,,
OA(可免费),10.1177/11786388261457983,Diet-Genetic Interactions in Type 2 Diabetes: Comparing Polygenic Risk in Rice-,,
OA(可免费),10.3389/fmed.2026.1859928,Phenotype-driven management of diabetic macular edema: multimodal imaging biomar,,
OA(可免费),10.3389/fmicb.2026.1859074,Straw chemistry overrides microbial and environmental controls on straw decompos,,
OA(可免费),10.3389/fpls.2026.1854261,A scalable framework for UAV-based point cloud reconstruction and organ segmenta,,
OA(可免费),10.3389/fpls.2026.1853755,Twice-spraying plant growth regulator EDAH stage-regulates maize plant morpholog,,
OA(可免费),10.3389/fpls.2026.1853368,"An integrated edge AI prototype for smart agriculture: real-time pest detection,",,
OA(可免费),10.17912/micropub.biology.002188,Tobacco extract is a chemotaxis repellent for C. elegans,,
OA(可免费),10.1016/j.japr.2026.100683,Dietary supplementation with pure or plant-derived phytochemicals alters growth,,
OA(可免费),10.1093/gbe/evag172,Tracking the Evolutionary Trajectory of a Young Hybrid Plant Pathogen,,
OA(可免费),10.1111/pbi.70720,Targeted Modulation of Eukaryotic Release Factor 1 (OseRF1) by an RNA Aptamer En,,
OA(可免费),10.1111/pai.70426,Steady steps to desensitization: Low-increment OIT for pediatric wheat allergy,,
OA(可免费),10.1002/arch.70188,"Transcriptomic and Proteomic Insights Into Diapause in the Wheat Stink Bug, Aeli",,
OA(可免费),10.1126/sciadv.aec3522,Nutritional adaptations to early maize cultivation: Earliest isotopic evidence o,,
OA(可免费),10.1002/cre2.70406,Cleaning Efficacy of Air Polishing on Tobacco-Stained Resin Composite: An In-Vit,,
OA(可免费),10.1111/tpj.71004,"Dehydrogenase WRD1 regulates plant growth by modulating cell wall formation, ROS",,
OA(可免费),10.1111/tpj.70992,Thermal imaging as a tool for studying circadian rhythms in roots,,
OA(可免费),10.1186/s12896-026-01187-1,An efficient method for tissue-specific protoplast isolation suitable for single,,
OA(可免费),10.1002/bio.70553,Impact of the Tobacco-Smoking Status on the Phagocyte-Derived Generation of Reac,,
OA(可免费),10.1002/rcr2.70676,Metastatic Gastric Adenocarcinoma Presenting With Pleuropericardial Effusions an,,
OA(可免费),10.2903/j.efsa.2026.10115,Use of conversion factors for the setting of MRLs of prothioconazole,,
OA(可免费),10.3389/fnut.2026.1742961,"Functional sweet tea in China: species, sweet components and anti-metabolic dise",,
OA(可免费),10.1039/d6ra04820j,Modified Amberlyst 15 for continuous glycerol-free biodiesel production from ric,,
OA(可免费),10.1093/hr/uhag158,Genetic regulation of stem elongation and thickening in ornamental plants: a rev,,
OA(可免费),10.1155/ijfo/5759996,"Characterization of Nutritional and Flavor Profiles of Aromatic Black Rice, Indi",,
OA(可免费),10.1111/1750-3841.71280,Wheat Bran-Derived Carbohydrates as Functional Food Ingredients: Extraction and,,
OA(可免费),10.1177/00368504261466968,A retrospective observational analysis of the global burden of smoking-attributa,,
OA(可免费),10.1002/jobm.70181,Next-Generation Cyanobacterial Biocontrol Agents for Crop Fungal Diseases: Molec,,
OA(可免费),10.1080/15592324.2026.2700909,"Salinity signaling networks in wheat: crosstalk among Ca2⁺, ROS, phytohormones,",,
OA(可免费),10.1111/tpj.71020,Integrated transcriptome-metabolome analyses reveal regulatory networks underlyi,,
OA(可免费),10.1111/ppl.70987,Nitrogen Deficiency Outperforms Water Stress in Triggering Strigolactone-Depende,,
OA(可免费),10.1080/15592324.2026.2700902,Dual biotic stressors shape volatile organic compound emission patterns in pome,,
OA(可免费),10.1111/tpj.71037,Unlocking wheat fertility: map-based cloning spotlights anther-specific TaAGO5c,,
OA(可免费),10.1111/tpj.71019,Sulfate starvation response modules connect sulfur metabolism to photorespiratio,,
OA(可免费),10.1016/j.plaphy.2026.111533,Global S-sulfenylation proteome analysis reveals a role of Fd-GOGAT in regulatin,,
OA(可免费),10.1111/ppl.71010,Physiological Tolerance to Heat and Drought Are Decoupled Across Common Woody Ur,,
OA(可免费),10.1007/s00018-026-06321-y,Single-cell analysis reveals impaired Müller glia-mediated intercellular communi,,
OA(可免费),10.1186/s12864-026-13149-0,Integrated transcriptomic and metabolomic analysis revealed the potential role o,,
OA(可免费),10.1186/s12870-026-09428-3,"Field evaluation of bone biochar for improving maize yield, soil health, and car",,
OA(可免费),10.1186/s12870-026-09430-9,Resistance analysis of the Tobacco Variety SA1214 against M. incognita based on,,
OA(可免费),10.1186/s12870-026-09462-1,"Intraspecific variation, trait coordination and resource-use strategies of leaf",,
OA(可免费),10.1186/s12870-026-09065-w,Integrating plant growth-promoting rhizobacteria and machine learning for drough,,
OA(可免费),10.1111/nph.71409,Cross-kingdom RNA interference as a unifying mechanism in plant-microbe interact,,
OA(可免费),10.1093/gbe/evag174,Genome Evolution in Plant Pathogenic Bacteria,,
OA(可免费),10.1111/nph.71427,The salivary protein NlG8 from Nilaparvata lugens induces both direct and indire,,
OA(可免费),10.1111/jpi.70165,Correction to,,
OA(可免费),10.1039/d6ra03354g,"Sustainable synthesis of mono-, bi- and tri-metallic nanoparticles using endophy",,
OA(可免费),10.21769/BioProtoc.5734,A Dual-gRNA CRISPR/Cas9 System for Efficient Generation of Large Fragment Deleti,,
OA(可免费),10.21769/BioProtoc.5721,Lodicule Isolation and Morphometric Analysis During Rice Floret Opening,,
OA(可免费),10.1101/2024.10.30.621067,Acetylation-Primed SUMOylation Drives RORβ Turnover via a p300-SIRT1 Regulatory,,
OA(可免费),10.1002/pld3.70186,Insights Into the Regulation of Salt Tolerance by Flavonoid and Cyanoamino Acid,,
OA(可免费),10.1093/aobpla/plag030,Scent rhythms in twilight-flowering Passiflora pohlii: osmophore structure and t,,
OA(可免费),10.7717/peerj.21205,Changes in rhizosphere microbial community of potato under farmland with differe,,
OA(可免费),10.1002/pei3.70182,Application of Pseudomonas mosselii PR5 Enables Fertilizer Reduction in Rice Whi,,
OA(可免费),10.1093/tas/txag082,"Effects of increasing soybean meal in late nursery, grower, and finishing pig di",,
OA(可免费),10.1021/acsomega.6c02525,Metal-Free Analcime Derived from Rice Husk Ash for Visible-Light-Enhanced Hetero,,
OA(可免费),10.1021/acsomega.6c03195,Interaction of Febuxostat with Human Serum Albumin and Its Application as a Circ,,
OA(可免费),10.1021/acsomega.6c01438,Starch-Based Film Coatings as a Strategy to Preserve Seed Viability during Stora,,
OA(可免费),10.1111/ppl.71020,Shading Influences the Adventitious Root Development of Winter Tea Cuttings Thro,,
OA(可免费),10.1002/jeq2.70214,Unravelling the importance of organic phosphorus forms in rice root iron plaque,,
OA(可免费),10.1111/ppl.71006,Stress Priming Enhances Tolerance Mechanisms in Rice Species (Oryza sativa and O,,
OA(可免费),10.4103/ijph.ijph_706_24,Risk Assessment of Type 2 Diabetes Mellitus among Adults in Western Rajasthan: A,,
OA(可免费),10.1007/s00425-026-05081-0,"Reactive oxygen species in plants: spatiotemporal organization, redox signaling,",,
OA(可免费),10.1371/journal.pone.0353375,Field evaluation of spring wheat genotypes reveals differential resistance to Zy,,
OA(可免费),10.1371/journal.pone.0351569,Prevalence and risk factors of hypertension in rural Bangladesh: A population-ba,,
OA(可免费),10.2196/89627,"Using Ecological Momentary Assessment, Geolocation Tracking, and Neuroimaging to",,
OA(可免费),10.1038/s41556-026-02002-x,Decoding stage-specific functions of PRC2 in early embryogenesis uncovers roles,,
OA(可免费),10.1111/mpp.70318,Canonical ETI-Dependent and -Independent Pathways Mediate Autoimmunity Caused by,,
OA(可免费),10.1111/mpp.70288,Global Crotonylome Profiling Identifies TaPRXIIB Crotonylation as a Modulator H2,,
OA(可免费),10.1111/mpp.70314,Extracellular Vesicles: Key Mediators of Bioactive Molecule Transport in Plant-M,,
OA(可免费),10.1016/j.aninu.2025.11.015,Optimal standardized ileal digestible lysine levels in low-protein diets: Effect,,
OA(可免费),10.1039/d6ra00947f,Green and nongreen treatment strategies for tailoring the filler/matrix interfac,,
OA(可免费),10.1016/j.waojou.2026.101423,Associations between dual use of combustible cigarettes and electronic nicotine,,
OA(可免费),10.3389/fpls.2026.1871483,Wheat growth parameters prediction based on dual output Bayesian neural network,,
OA(可免费),10.3389/fpls.2026.1843975,Cold-tolerant bacteria from alpine Rosaceae plants modulate transcriptional resp,,
OA(可免费),10.1016/j.vas.2026.100753,Non-starch polysaccharide-degrading enzymes improve intestinal health by reducin,,
OA(可免费),10.1016/j.toxrep.2026.102309,Molecular dynamics and predictive toxicity insights into theaflavin as a potenti,,
OA(可免费),10.1016/j.xagr.2026.100660,Topical resiniferatoxin for the treatment of vestibulodynia: a prospective obser,,
OA(可免费),10.1016/j.dib.2026.113050,BanglaRiceLeaf: A benchmark dataset for automated rice leaf disease detection an,,
OA(可免费),10.1016/j.abiote.2026.100061,Chromatin accessibility and histone landscapes define immune signal-specific tra,,
OA(可免费),10.1016/j.abiote.2026.100062,Functional dissection of the PEROXIN11 gene family in Arabidopsis,,
OA(可免费),10.1016/j.abiote.2026.100054,AI-designed OpenCRISPR-1 enables efficient targeted mutagenesis and prime editin,,
OA(可免费),10.3389/fmicb.2026.1818929,Microbial community assembly and functional potential response driven by soil ph,,
OA(可免费),10.1002/advs.76550,Single-cell Transcriptome Profiling Reveals Gene Regulatory Networks and Key Gen,,
OA(可免费),10.1016/j.fochx.2026.104153,Multidimensional characterization of red sour soup with different substrates: in,,
OA(可免费),10.1016/j.fochx.2026.104141,Effects of spirulina powder on the physicochemical and volatile properties of ri,,
OA(可免费),10.1016/j.fochx.2026.104157,"Effect of wheat bran insoluble dietary fiber on the physicochemical, structural,",,
OA(可免费),10.1016/j.bbrep.2026.102706,Beyond the structure-function paradigm: A comprehensive review of intrinsically,,
OA(可免费),10.1016/j.pmedr.2026.103557,"Associations between smoking-induced deprivation, cigarette purchase price, and",,
OA(可免费),10.1111/josh.70196,Challenges and Contextual Dynamics in Implementing Smoke-Free School Policies in,,
OA(可免费),10.1111/ppl.71012,Comparative Transcriptomics Deciphers Quinclorac Selectivity in Rice and Tobacco,,
OA(可免费),10.1111/tpj.71042,Regulation of shoot gravitropism and branching angle by the GRV2-SAC1 axis in Ar,,
OA(可免费),10.1111/mpp.70319,The Transcription Factor DPB Confers Antiviral Defence Against Potato Virus X by,,
OA(可免费),10.1111/mpp.70290,Both Conserved Aromatic Nature and Critical RNA Motif of Residue 67 in the ToBRF,,
OA(可免费),10.1111/tpj.71044,Remodeling of the tuberization-controlling FLOWERING LOCUS T genes from non-tube,,
OA(可免费),10.5694/mja2.70234,Program Guidelines for the National Lung Cancer Screening Program: Targeted Lung,,
OA(可免费),10.1111/pbi.70717,Design and Immunogenicity of a Nanoparticle Combination Vaccine for Salmonella i,,
OA(可免费),10.1016/j.adro.2026.102101,Nonprostate Cancer Deaths Best Predict Long-Term Survival in Men Aged ≤59 Years,,
OA(可免费),10.1016/j.jmccpl.2026.100855,Coronary artery disease in smokers with low traditional risk burden: An explorat,,
OA(可免费),10.1016/j.mex.2026.104030,An advanced wide-and-deep learning framework for soybean price forecasting using,,
OA(可免费),10.1111/tpj.71039,Branch architecture and flowering time are separately regulated by GhFL and GhSP,,
OA(可免费),10.1080/15592324.2026.2700903,Partial root-zone drying enhances antioxidant signaling and physiological resili,,
OA(可免费),10.1002/advs.202522307,Auto-Downregulation of the Florigen FT Production Prevents Precocious Flowering,,
OA(可免费),10.1002/advs.76373,Metagenomic Association Uncovers Host Genotype-Structured Rhizobacterial Network,,
OA(可免费),10.1111/pbi.70673,Durum Wheat cv. Svevo Reference Genome Rel.2.0: A Comprehensive Tool for Wheat G,,
OA(可免费),10.3390/ijms27135737,Loss of ASMT Function in Arabidopsis Affects Hormone Pathways and the Ability to,,
OA(可免费),10.3390/nu18132137,"Real-World Use, Prescribing Patterns, and Short-Term Clinical Evolution of Exten",,
OA(可免费),10.3390/plants15131983,Exogenous Nano-Silicon Treatment Improved the Low-Temperature Tolerance of Rice,,
OA(可免费),10.3390/plants15132005,Mapping QTL for Plant Architecture-Related Traits in Soybean Across Multiple Env,,
OA(可免费),10.3390/plants15132031,Regulatory Effects of Mepiquat Chloride on Root-Shoot Biomass Accumulation and P,,
OA(可免费),10.1126/sciadv.aef7066,"Maize-based polyculture, not monoculture, sustained precolonial societies in the",,
OA(可免费),10.1016/j.jplph.2026.154845,"Stage-resolved coordination of ion homeostasis, proton transport, and redox regu",,
OA(可免费),10.1111/tpj.71050,Triple florigenic signaling in rice promotes stem elongation via transcriptional,,
OA(可免费),10.1111/nph.71449,The preprophase band is dispensable for robust cell division orientation in wood,,
OA(可免费),10.1186/s13007-026-01572-z,Pixel-registered multimodal synchrotron XRF and FTIR microscopies reveal salinit,,
OA(可免费),10.1186/s12929-026-01281-8,"MPT0E028, a pan-HDAC inhibitor, ameliorates bleomycin-induced pulmonary fibrosis",,
OA(可免费),10.1186/s12964-026-03094-6,Mesenchymal WNT signaling coordinates epithelial and mesenchymal differentiation,,
OA(可免费),10.1080/15592324.2026.2705725,Foliar application of gamma aminobutyric acid regulates sulfur metabolism and re,,
OA(可免费),10.1155/crid/4509890,Pulpotomy for an Immature Permanent Tooth With Symptomatic Irreversible Pulpitis,,
OA(可免费),10.3389/fpls.2026.1884267,Effects of biochar and manure amendments on soil microbial communities and crop,,
OA(可免费),10.1021/envhealth.5c00788,E‑Cigarettes Generate Gas Phase Ions,,
OA(可免费),10.1093/aobpla/plag032,Variable responses to tree root exclusion by understory plant functional types i,,
OA(可免费),10.1111/tpj.71061,Synergistic regulation of abiotic stress adaptation by copper miRNAs miR398 and,,
OA(可免费),10.1093/nar/gkag716,SoPPIs: a highly parallelized protein-protein-interaction screening method in pr,,
OA(可免费),10.1111/asj.70224,Prediction Equations of Growth Performance and Metabolizable Energy From in Vitr,,
OA(可免费),10.1111/ppl.70977,"The Early Response to Urea, Nitrate, or Ammonium and Iron Resupply in Tomato Roo",,
OA(可免费),10.1111/ppl.71029,Temperature-Dependent Root Responses to Water Deficit Modulate Biological Nitrog,,
OA(可免费),10.1111/ppl.70991,"Integrative Insights Into UV-B-Induced Growth Regulation, Physiological Response",,
OA(可免费),10.1080/21645698.2026.2707837,"Genetically modified rice in Iran: scientific progress, policy constraints, and",,
OA(可免费),10.1111/pbi.70726,Circadian Clock Gates Verticillium dahliae Defence in Cotton by Modulating JAZs,,
OA(可免费),10.1111/tpj.71049,A RSL4-CPKs feedback loop integrates auxin and ethylene signals to regulate root,,
OA(可免费),10.1002/jobm.70189,Ustiloxins as Emerging Contaminants in Rice Agroecosystems: Environmental Occurr,,
OA(可免费),10.1111/mec.70485,Mycobiome Simplification in Wheat Is Associated With the Pathogen Parastagonospo,,
OA(可免费),10.1016/j.foohum.2026.101060,The dietary burden of phosphorus and aluminum in ready-to-eat wheat flour tortil,,
OA(可免费),10.3389/fpls.2026.1868449,Transcriptomic analysis revealed distinct transcriptional responses in N. bentha,,
OA(可免费),10.3389/fpls.2026.1841159,ShuffleNetV2 SSM MLCA: a lightweight recognition network for wheat fungal diseas,,
OA(可免费),10.1155/ijm/9313676,Cotton Gauze Impregnated With Chitosan Nanoparticle-Loaded Recombinant Human Lac,,
OA(可免费),10.1039/d6ra03228a,Dihydrotanshinone l alleviates psoriasis-like skin lesion via suppressing STAT3,,
OA(可免费),10.1111/tpj.71040,COMPOSITUM 2/ WHEAT FRIZZY PANICLE dosage dependently regulates inflorescence an,,
OA(可免费),10.1111/tpj.71052,Genetic coupling of leaf and kernel-related traits shapes drought adaptation in,,
OA(可免费),10.34133/bmr.0393,Photoactivated Hypericum perforatum-Derived Exosome Nanovesicles Suppress Breast,,
OA(可免费),10.1093/aesa/saag021,Feeding behavior increases strength and frequency of vibrational communication s,,
OA(可免费),10.1002/hsr2.72832,"Eating Behavior Patterns, Food Group Intake Frequency, and Sarcopenia in Communi",,
OA(可免费),10.3389/fpls.2026.1865834,Genome-wide identification and characterization of VQ genes from cultivated pean,,
OA(可免费),10.1016/j.plaphe.2026.100259,Harnessing high-throughput phenotyping and artificial intelligence for soybean b,,
OA(可免费),10.17912/micropub.biology.001993,Genome Sequence of Arthrobacter globiformis Bacteriophage TrixiePhattel,,
OA(可免费),10.1002/fsn3.72132,Enzymatic Saccharification Behavior and Compositional Characteristics of Mucuna,,
OA(可免费),10.1039/d6ra01576j,Biochar co-applied with silicon mitigates combined chromium and salinity stress,,
OA(可免费),10.1021/acsenvironau.6c00070,From Waste to Resource: Biosolids from Sludge Treatment Wetlands as Biofertilize,,
OA(可免费),10.1016/j.isci.2026.116551,Ternary composite amendments of sludge-humic acid-fertilizer for mineral mud pad,,
OA(可免费),10.1002/fsn3.72122,Microbiota-Targeted Chitooligosaccharides Intervention Restores Glucose Homeosta,,
OA(可免费),10.7717/peerj.21520,Development of an efficient in vitro plant regeneration system using true leaf e,,
OA(可免费),10.3389/fpls.2026.1798852,Metabolomics combined with transcriptomics analysis on ginsenosides accumulation,,
OA(可免费),10.7717/peerj.21412,"Infection process, viability and survival of cotton rust (Phakopsora gossypii) u",,
OA(可免费),10.1016/j.isci.2026.116545,Investigating LST evolution and heatwave patterns using machine learning in the,,
OA(可免费),10.4103/jehp.jehp_1579_25,"The association between caffeine consumption and memory, anxiety, and stress lev",,
OA(可免费),10.1039/d6ra02084d,Plant-based macronutrients and micronutrients in combating osteoporosis: researc,,
OA(可免费),10.1093/ehjdh/ztag074,Digital biomarkers in cardiovascular medicine: a scientific statement of the ESC,,
OA(可免费),10.18001/trs.5.1.2,How Much Nicotine is in Your Electronic Cigarette Flavored Liquid?,,
OA(可免费),10.1111/tpj.71053,Leaf aging reduces photosynthetic and stomatal kinetics under fluctuating irradi,,
OA(可免费),10.1111/mpp.70321,FgCot1 Regulates Polarized Growth and Conidiation in Fusarium graminearum via Gp,,
OA(可免费),10.1111/1750-3841.71327,Rapid Detection of Deoxynivalenol in Soybeans by NIR Spectroscopy Coupled With E,,
OA(可免费),10.1111/gcb.70974,The Existence and Uniqueness of Solutions in the Leaf Photosynthesis-Transpirati,,
OA(可免费),10.1093/hr/uhag122,Boosting cytosine base editing in potato through synergistic optimization,,
OA(可免费),10.1093/hr/uhag120,A novel pyrimidine-guanidine derivative YYH-6 confers tomato resistance to TYLCV,,
OA(可免费),10.1002/fsn3.72141,Nutritional and Compositional Profile of Hypsizygus ulmarius Fruiting Bodies as,,
OA(可免费),10.3389/fpls.2026.1868370,Estimating maize canopy water content using UAV-based multispectral-thermal infr,,
OA(可免费),10.3389/fpls.2026.1894392,"Integrated assessment of heavy metal dynamics, ecological risk, and plant-mediat",,
OA(可免费),10.4103/indianjpsychiatry_632_25,A study of positive and negative factors associated with tapering off methadone,,
OA(可免费),10.3389/fmicb.2026.1835588,The gut resistome as a potential determinant of immunotherapy response: antibiot,,
OA(可免费),10.18699/vjgb-26-62,Fungal pathogens of plants: deciphering the mechanisms of Fusarium wilt,,
OA(可免费),10.1021/acsomega.6c03187,DeepSAT + SMART-Driven Identification of Diterpene Glycosides with α‑Glucosidase,,
OA(可免费),10.1021/acsomega.6c03580,From Simplified Pretreatment to Sensitive Analysis: An Immobilization-Free Catho,,
OA(可免费),10.1021/acsomega.5c11967,Study on the Green Extraction Process of Lignin and the Effect of its Synthesize,,
OA(可免费),10.1021/acsomega.6c02556,Sustainable Extraction of Collagen from Tannery Raw Trimmings Using Ginger Peel-,,
OA(可免费),10.1016/j.fochx.2026.104207,Optimizing the rice wine process of P olygonatum sibiricum Red. using response s,,
OA(可免费),10.5435/JAAOSGlobal-D-25-00250,Association of Perioperative Cannabis Use With Postoperative Opioid Consumption,,
OA(可免费),10.1002/advs.76742,Herbicide Metabolic Resistance in Poaceae Plants via the GA-GID1/DELLA-DOF2-P450,,
OA(可免费),10.3390/proteomes14030032,A One Health Framework for Proteomics Across the Tree of Life to Advance Food Se,,
OA(可免费),10.3390/epigenomes10030048,Evolution of Epigenetic Regulation in Plant Reproduction,,
OA(可免费),10.1126/sciadv.aeg5141,Spiral-potato-like nanostructure COF enabling nearly unidirectional zinc deposit,,
OA(可免费),10.1038/s41477-026-02329-1,The deSUMOylase SPF2 and the cohesin regulators SGO2 and CTF18 suppress crossove,,
OA(可免费),10.14814/phy2.71025,Capillary endothelial cell heterogeneity in skeletal muscle of female and male m,,
OA(可免费),10.1002/vms3.71088,"Green Tea Extract, Keratin Hydrolysate and Vitamin C Exert Anti-Ageing Effects T",,
OA(可免费),10.18699/vjgb-26-64,Development of purple-grain triticale,,
OA(可免费),10.55730/1300-0144.6224,Omega-3-rich fish oil lipid emulsions prevent sepsis-driven mesenteric hypoperfu,,
OA(可免费),10.1016/j.dib.2026.113075,Data on the uptake of Integrated Pest Management (IPM) practices in European agr,,
OA(可免费),10.1039/d6na00276e,Rice straw-derived activated carbon/ZnO nanocomposite as a high-performance elec,,
OA(可免费),10.1093/ismeco/ycag161,Multi-omics resolved integration reveals microbial niche separation in soil aggr,,
OA(可免费),10.1016/j.fochx.2026.104224,Starch-based intelligent indicator membranes with triple antioxidant activity fo,,
OA(可免费),10.3389/fonc.2026.1801640,"Integrating polyphenols and exercise in cancer prevention, treatment, and rehabi",,
OA(可免费),10.3389/fpls.2026.1859834,Invasive Asian water moss (Salvinia cucullata) biochar modulates selected stevio,,
OA(可免费),10.32604/or.2026.080024,Cancer Drug Development in Never-Smoker Lung Cancer: Targeted and Immune-Based T,,
OA(可免费),10.1093/nsr/nwag217,Smart symbiotic lithium-sulfur batteries under extremely low-temperature conditi,,
OA(可免费),10.1093/nar/gkag714,Integrated multi-omics profiling reveals dynamic regulation of light-induced chl,,
OA(可免费),10.1186/s12917-026-05625-2,Liquid phytase as a complete substitute for supplemental inorganic phosphorus in,,
OA(可免费),10.1016/j.isci.2026.116854,Single-cell transcriptomics reveals epithelial-stromal crosstalk underlying fibr,,
OA(可免费),10.1093/hr/uhag124,Role of the MtLUX- MtRVE1 regulatory module in auxin-mediated root development a,,
OA(可免费),10.1177/11779322261472433,Tracing the Evolutionary Dynamics and the Transcriptional Partitioning of Terpen,,
OA(可免费),10.1002/fsn3.72155,Development of Functional Soybean-Enriched Cheese: Identification of Novel Angio,,
OA(可免费),10.1016/j.fochx.2026.104217,Volatile aroma profiles and associated microbiota of Yunnan Shiping sour-pulp-fe,,
OA(可免费),10.1016/j.fochx.2026.104208,Organic cultivation on the Yungui plateau improves green tea flavor while reduci,,
OA(可免费),10.1016/j.fochx.2026.104204,Development and characterization of starch films functionalized by Oxalis triang,,
OA(可免费),10.1016/j.fochx.2026.104211,"Effects of organic acids on purple potato wine brewing: methanol, higher alcohol",,
OA(可免费),10.1016/j.intimp.2026.117190,PLOD2 promotes colorectal cancer progression and immune escape via attenuating C,,
OA(可免费),10.1016/j.plaphy.2026.111585,Multifunctional roles of the rice mannose-binding lectin OsMBL1 in biotic and ab,,
OA(可免费),10.1016/j.plaphy.2026.111576,"Thidiazuron-induced growth and developmental changes reshape metabolic, photosyn",,
OA(可免费),10.1016/j.plaphy.2026.111572,Trehalose signal promotes flowering through MlTPS1-MlNFYC9 regulation module in,,
OA(可免费),10.3390/antiox15070853,Redox Regulation of Plant-Root-Knot Nematode Interactions: From ROS-Mediated Imm,,
OA(可免费),10.3390/biology15141171,Lactoferrin Gene Expression and Antioxidant Activity in Tomato,,
OA(可免费),10.3389/fvets.2026.1837338,Evaluation of plant-based antimicrobials in controlling antimicrobial resistance,,
OA(可免费),10.1111/pce.70814,OsGSK2 Phosphorylates Heat Shock Factor OsHSF7 to Regulate Rice Thermotolerance,,
OA(可免费),10.5409/wjcp.121760,Congenital aphallia: From embryology to management - a focused minireview,,
OA(可免费),10.1094/PHYTO-02-26-0057-R,Infection of the Rice Root Xylem by Xanthomonas oryzae pv. oryzae and Inability,,
OA(可免费),10.1002/jcsm.70370,Early Identification and Prognostic Stratification of Cancer Cachexia Using Expl,,
OA(可免费),10.1002/aps3.70071,Techniques and challenges in studying photosynthetic diversity in freshwater sub,,
OA(可免费),10.1016/j.devcel.2019.02.022,Spatiotemporal Developmental Trajectories in the Arabidopsis Root Revealed Using High-Throughput Single-Cell RNA Sequencing,Developmental Cell,2019
OA(可免费),10.1016/j.devcel.2022.01.008,A single-cell Arabidopsis root atlas reveals developmental trajectories in wild-type and cell identity mutants,Developmental Cell,2022
nonOA(需VPN),10.1007/978-1-4020-6754-9_3761,10.1007/978-1-4020-6754-9_3761,,
nonOA(需VPN),10.1038/s41477-025-02204-5,Spatial transcriptomics decodes the cellular landscape of plant-pathogen interac,,
nonOA(需VPN),10.1093/plcell/koag035,Single-cell and tissue transcriptomes unveil factors regulating vein initiation,,
nonOA(需VPN),10.1093/plcell/koag095,Spongy mesophyll cell death is induced by jasmonic acid during leaf senescence i,,
nonOA(需VPN),10.1111/pce.70169核心总览,created: 2026-05-28,,
nonOA(需VPN),10.1002/advs.202416794）一、研究背景,created: 2026-05-28,,
nonOA(需VPN),10.1093/plcell/koag003,The Arabidopsis PRC2 subunit MSI1 interacts with HY5 to repress hypocotyl elonga,,
nonOA(需VPN),10.1016/j.jgg.2026.03.024,An integrative gene regulatory network identifies transcriptional hubs governing,,
nonOA(需VPN),10.1111/nph.71235,The MYC2-MYB113 module governs JA signaling to regulate anthocyanin accumulation,,
nonOA(需VPN),10.1101/2025.12.09.693185,蓝光受体CRY1调控从头茎再生,,
nonOA(需VPN),10.1038/s41477-023-01387-z,Integrated single-nucleus and spatial transcriptomics captures transitional stat,,
nonOA(需VPN),10.1111/tpj.70926,PfCYP94C179 endows resistance to fenoxaprop-P-ethyl in Polypogon fugax: insights,,
nonOA(需VPN),10.1016/j.plantsci.2026.113237,Age-Dependent Modulation of Antioxidant Defense and Secondary Metabolite Accumul,,
nonOA(需VPN),10.1111/1744-7917.70298,Biodegradation of polyvinyl chloride (PVC) microplastics in superworms (Zophobas,,
nonOA(需VPN),10.1016/j.jplph.2026.154801,CsMYB6 promotes crocins biosynthesis in response to JA signaling in Crocus sativ,,
nonOA(需VPN),10.1016/j.plantsci.2026.113239,Transcriptomic and physiological analyses reveal the mechanism of acetylene-indu,,
nonOA(需VPN),10.1093/plcell/koag149,CDC48A and the UBA-domain protein PUX10 regulate the ubiquitin-dependent degrada,,
nonOA(需VPN),10.1093/plphys/kiag191,Drought-responsive TaMIP1 controls root density to confer the tradeoff between g,,
nonOA(需VPN),10.1002/ange.7072895,Distinct Oxidoreductases Orchestrate Indolethiophene Skeleton Formation and <i>N,,
nonOA(需VPN),10.1002/art.70294,Single‐cell Profiling of Lymphoid and Myeloid Compartments Reveals Coordinated I,,
nonOA(需VPN),10.1002/ps.71019,<scp> <i>De novo</i> </scp> transcriptome meta‐analysis reveals candidate genes,,
nonOA(需VPN),10.1002/rcm.70121,Integrating Aptasensor With Mass‐Tag Signal Amplification Strategy for the Detec,,
nonOA(需VPN),10.1007/s00203-026-04976-6,Improvement of cannabichromenic acid synthase activity and construction of recom,,
nonOA(需VPN),10.1007/s00203-026-05022-1,Bioactivity assessment of selenium nanoparticles biosynthesized by Akkermansia m,,
nonOA(需VPN),10.1007/s00203-026-05090-3,Hidden conversations beneath the soil: microRNA and hormone control of root symb,,
nonOA(需VPN),10.1007/s00203-026-05121-z,Pairwise inoculation of plant growth-promoting rhizobacteria unveils predominant,,
nonOA(需VPN),10.1007/s00203-026-05127-7,Genome mining of Trp-anthranilic acid cyclic dipeptides in Aspergillus driven by,,
nonOA(需VPN),10.1007/s00210-026-05364-z,"Kaempferol: advances in biosynthesis, molecular mechanisms, and therapeutic appl",,
nonOA(需VPN),10.1007/s00210-026-05591-4,Integrated network toxicology and experimental validation to investigate potenti,,
nonOA(需VPN),10.1007/s00259-026-07993-1,Antitumor efficacy and safety of locoregional [177Lu]Lu-RM26 radionuclide therap,,
nonOA(需VPN),10.1007/s00299-026-03873-y,Plastid acyl carrier proteins play redundant roles in seed oil accumulation with,,
nonOA(需VPN),10.1007/s00299-026-03875-w,The AT-HOOK MOTIF CONTAINING NUCLEAR LOCALIZED gene promotes somatic embryogenes,,
nonOA(需VPN),10.1007/s00299-026-03916-4,SlERF26 contributes to melatonin-associated regulation of ethylene biosynthesis,,
nonOA(需VPN),10.1007/s00344-026-12263-3,Targeted Profiling of Signaling Molecules in Papaver rhoeas L. Reveals that Onse,,
nonOA(需VPN),10.1007/s00344-026-12274-0,Melatonin’s Role in Horticultural Crops Under Abiotic Stress: A Breakthrough and,,
nonOA(需VPN),10.1007/s00344-026-12278-w,MdPIF4 Represses Anthocyanin Biosynthesis in Apple Callus Under High Temperature,,
nonOA(需VPN),10.1007/s00344-026-12291-z,"Genome-Wide Identification, Characterization, and Expression Profiling of GA20-O",,
nonOA(需VPN),10.1007/s00344-026-12300-1,Transcriptome Analysis Candidate Genes Associated with Hormone Biosynthesis and,,
nonOA(需VPN),10.1007/s00344-026-12314-9,Plant Signal Cross-Talk during Abiotic Stress,,
nonOA(需VPN),10.1007/s00344-026-12340-7,Metagenomic Insights into the Fruit Microbiome and Quality Attributes of Cherry,,
nonOA(需VPN),10.1007/s00425-026-05058-z,Investigation of cytokinin production capacity and plant growth-promoting functi,,
nonOA(需VPN),10.1007/s00425-026-05095-8,Auxin signaling networks and hormonal cross-talk in plant responses to biotic st,,
nonOA(需VPN),10.1007/s00468-026-02776-5,Early development of stem units and the modular organization of the branch in No,,
nonOA(需VPN),10.1007/s10265-026-01748-7,PUCHI delimits the spatial domain of nodule organogenesis associated with auxin,,
nonOA(需VPN),10.1007/s10522-026-10458-5,Maternal sleep deprivation and developmental programming of brain aging trajecto,,
nonOA(需VPN),10.1007/s10681-026-03774-x,Molecular mechanisms and gene regulation of hormone-induced parthenocarpy in veg,,
nonOA(需VPN),10.1007/s10904-026-04239-3,Biosynthesis of a Polyhydroxybutyrate/Ziziphus spina-christi–ZnONPs for Smart Wo,,
nonOA(需VPN),10.1007/s11010-026-05601-2,COLEC12 promotes pancreatic cancer progression via the activation of the TGF-β s,,
nonOA(需VPN),10.1007/s11030-026-11609-z,"Design, synthesis, antibacterial activity evaluation, and mechanism of action st",,
nonOA(需VPN),10.1007/s11060-026-05705-1,Spatial distribution and prognostic significance of hemorrhagic imaging features,,
nonOA(需VPN),10.1007/s11101-026-10268-0,"Phytochemicals in post-harvest flowers: biochemical pathways, degradation mechan",,
nonOA(需VPN),10.1007/s11104-026-08737-8,Coactive adaptation to combined drought and UV-B stress in highland barley (qing,,
nonOA(需VPN),10.1007/s11105-026-01733-3,Unraveling the Spatiotemporal Dynamics of Alkaloid Biosynthesis During Red Chico,,
nonOA(需VPN),10.1007/s11105-026-01747-x,"Parthenocarpy in Cucurbitaceae: Genetic Regulation, Hormonal Crosstalk, and Bree",,
nonOA(需VPN),10.1007/s11240-026-03512-0,In vitro propagation and genetic fidelity assessment of the critically endangere,,
nonOA(需VPN),10.1007/s11240-026-03523-x,Somatic embryogenesis in plants: unraveling the genetic and epigenetic factors,,
nonOA(需VPN),10.1007/s11240-026-03548-2,"Genotype-specific optimization of rice in vitro regeneration: integrating media,",,
nonOA(需VPN),10.1007/s11255-026-05334-7,Epigenetic regulation of tubular epithelial cell dysfunction in diabetic kidney,,
nonOA(需VPN),10.1007/s11274-026-05060-3,Engineering peroxisomal cofactor systems in Saccharomyces cerevisiae for enhance,,
nonOA(需VPN),10.1007/s11357-026-02433-2,Hypertension-associated DNA methylation signatures and multi-generational epigen,,
nonOA(需VPN),10.1007/s11627-026-10630-z,"Improved micropropagation protocol for pomegranate ‘Bhagva’: media optimization,",,
nonOA(需VPN),10.1007/s11627-026-10658-1,Efficient in vitro regeneration and GC–MS–based phytochemical profiling of Tribu,,
nonOA(需VPN),10.1007/s11738-026-03920-x,Underlying physiological mechanism and expression analysis of important genes as,,
nonOA(需VPN),10.1007/s11882-026-01285-2,The Modern Environment and Childhood Asthma: The Role of Air Pollution and Heavy,,
nonOA(需VPN),10.1007/s12015-026-11169-7,"Primordial Germ Cell Development in Teleosts: Their Origin, Fate and Role in Sex",,
nonOA(需VPN),10.1007/s12026-026-09794-y,Machine learning-based identification of basement membrane-related signature to,,
nonOA(需VPN),10.1007/s12257-026-00308-z,Dual disruption of competitive polyketide pathways enhances paraherquamide A bio,,
nonOA(需VPN),10.1007/s12291-026-01442-4,Unlocking the epigenetic potential of ascorbic acid (Vitamin C) in cancer therap,,
nonOA(需VPN),10.1007/s13353-026-01081-8,Egyptian MASLD genetic map; between the leading TM6SF2 gene and role of epigenet,,
nonOA(需VPN),10.1007/s13580-026-00833-z,Genome-wide characterization of the Csa-miR156 family revels its dynamic role in,,
nonOA(需VPN),10.1007/s42535-026-01689-5,Influence of picloram and BAP on callus cultures for vindoline synthesis in Cath,,
nonOA(需VPN),10.1007/s42535-026-01753-0,Activated charcoal and benzyladenine modulate stem and leaf morpho-anatomical tr,,
nonOA(需VPN),10.1007/s42535-026-01849-7,Effects of mercury (HgCl2) stress on shoot growth and stem anatomy of Mentha spi,,
nonOA(需VPN),10.1007/s43657-026-00325-1,Mincle-Mediated Coxsackievirus-B3 Infection Induced Fulminant Myocarditis Via Tr,,
nonOA(需VPN),10.1016/j.adhoc.2026.104308,Energy-efficient optimization in multi-gateway LoRa networks via Q-learning with,,
nonOA(需VPN),10.1016/j.aeolia.2026.101070,Inter- and intra-annual variations in Saharan dust fluxes in the eastern Mediter,,
nonOA(需VPN),10.1016/j.anucene.2026.112385,Causal-informed multi-task learning for probabilistic trend prediction of nuclea,,
nonOA(需VPN),10.1016/j.anucene.2026.112408,Multi-objective layout optimization of nuclear power plant buildings considering,,
nonOA(需VPN),10.1016/j.apcatb.2026.126998,Engineered frustrated Lewis pairs and Brønsted acid sites as dual-active sites f,,
nonOA(需VPN),10.1016/j.apcatb.2026.127024,Lu single atoms create long-lived interlayer charge highways for efficient visib,,
nonOA(需VPN),10.1016/j.apcatb.2026.127033,Unraveling the role of reaction intermediates in CO2 hydrogenation to light arom,,
nonOA(需VPN),10.1016/j.apcatb.2026.127035,Promoting light olefin selectivity from CO2 hydrogenation over nanosized SAPO-34,,
nonOA(需VPN),10.1016/j.apcatb.2026.127044,Natural light driven high concentration 5-hydroxymethylfurfural oxidation couple,,
nonOA(需VPN),10.1016/j.apcatb.2026.127045,Structure-dependent activation of sulfites by pollutants under visible light wit,,
nonOA(需VPN),10.1016/j.apcatb.2026.127135,S-doped heptazine dominated carbon nitride with Fe-loaded single atoms for visib,,
nonOA(需VPN),10.1016/j.apcatb.2026.127255,Photo-thermal-piezo multi-field coupling accelerating spatial charge separation,,
nonOA(需VPN),10.1016/j.apcatb.2026.127319,Sulfonic acid group engineering enables molecular-level regulation of synergisti,,
nonOA(需VPN),10.1016/j.apenergy.2026.128170,Multi-objective optimization of biogas plant siting using GIS-based suitability,,
nonOA(需VPN),10.1016/j.apergo.2026.104830,Examining stress among older women during travel in autonomous vehicles,,
nonOA(需VPN),10.1016/j.apm.2026.116939,Configuration innovation and unified/accurate dynamics modelling methodology for,,
nonOA(需VPN),10.1016/j.apm.2026.117121,A stress-based topology optimization of multi-material auxetic microstructures w,,
nonOA(需VPN),10.1016/j.apm.2026.117164,Towards physics-aware probabilistic computational mechanics: An AI-enhanced fram,,
nonOA(需VPN),10.1016/j.apm.2026.117166,Incomplete multi-omics cancer subtyping via HSIC-regularized exponential tensor,,
nonOA(需VPN),10.1016/j.apm.2026.117184,Analytical viscoelastic-plastic modeling of yield-controlled dynamic stress evol,,
nonOA(需VPN),10.1016/j.apm.2026.117244,Theoretical mechanical solutions for twin supported tunnels constructed in satur,,
nonOA(需VPN),10.1016/j.apm.2026.117250,Stress degradation modeling and reliability analysis of flight-vehicle folding w,,
nonOA(需VPN),10.1016/j.aquaculture.2026.744251,Metagenomic analysis reveals a plant-ward dietary shift and gut microbiome restr,,
nonOA(需VPN),10.1016/j.aquaculture.2026.744354,Multi-omics analysis reveals concentration-specific mechanisms underlying nanopl,,
nonOA(需VPN),10.1016/j.aquaculture.2026.744413,Integrative multi-omics analysis reveals genetic and epigenetic regulatory netwo,,
nonOA(需VPN),10.1016/j.aquaculture.2026.744430,Integrated multi-omics analysis reveals lipid metabolic responses to low-tempera,,
nonOA(需VPN),10.1016/j.aquaculture.2026.744468,Integrating multi-omics analysis to elucidate distinct thermal adaptation strate,,
nonOA(需VPN),10.1016/j.asoc.2026.115515,A lightweight CNN supported by partially skip-connected CAE for plant disease id,,
nonOA(需VPN),10.1016/j.ast.2026.112683,Adaptive sliding window factor graph optimization with multi-tag UWB/INS fusion,,
nonOA(需VPN),10.1016/j.atmosenv.2026.122175,24-hour multi-station regional O3 concentration prediction through aggregating n,,
nonOA(需VPN),10.1016/j.bbadis.2026.168371,Hypoxia-induced BHLHE41 promotes intrahepatic cholangiocarcinoma progression by,,
nonOA(需VPN),10.1016/j.bbi.2026.106822,Multi-omics profiling of cerebrospinal fluid in autoimmune encephalitis: insight,,
nonOA(需VPN),10.1016/j.bcdf.2026.100542,Low-GI traditional rice germplasms as functional foods: Scaling traditional know,,
nonOA(需VPN),10.1016/j.bioelechem.2026.109382,Carbon nanotube–red blood cell hybrids as high-performance electrochemical sensi,,
nonOA(需VPN),10.1016/j.bioelechem.2026.109384,Controlling non-specific adsorption in electrochemical DNA methylation assays by,,
nonOA(需VPN),10.1016/j.biomaterials.2026.124337,Helical quaternary amine polypeptide programs membrane stress to drive immunogen,,
nonOA(需VPN),10.1016/j.biomaterials.2026.124468,Microenvironment-bionic scaffold and multi-cell spatial patterning for area-spec,,
nonOA(需VPN),10.1016/j.biomaterials.2026.124532,Nanoscale copper ethoxide enables immunologically enhanced hepatoma radio-immuno,,
nonOA(需VPN),10.1016/j.biomaterials.2026.124554,Oligomerized flavonoid nanointerfaces regulate gastrointestinal nutrient flux an,,
nonOA(需VPN),10.1016/j.biombioe.2026.109605,Scale-up of rhamnolipid biosynthesis via agro-waste valorization: Techno-economi,,
nonOA(需VPN),10.1016/j.biombioe.2026.109616,Production of levulinic acid from microalgal euglena using a lignin-derived Brøn,,
nonOA(需VPN),10.1016/j.biombioe.2026.109627,CO2 emission mitigation and energy enhancement in silica recovery from rice husk,,
nonOA(需VPN),10.1016/j.biombioe.2026.109630,"From lignin to lipids, and beyond: A holistic perspective on genetic tools, lign",,
nonOA(需VPN),10.1016/j.biombioe.2026.109632,Optimization of hydrodeoxygenation of palm fatty acid distillate to green diesel,,
nonOA(需VPN),10.1016/j.biombioe.2026.109640,Enhancement of acid-modified digestate biochar on chicken manure anaerobic diges,,
nonOA(需VPN),10.1016/j.biombioe.2026.109672,Integrated light and carbon strategy for microalgae cultivation: Enhancing bioma,,
nonOA(需VPN),10.1016/j.biombioe.2026.109696,"Integrated physiology, transcriptome, and metabolome reveal the mechanisms of al",,
nonOA(需VPN),10.1016/j.biombioe.2026.109698,"Modulating headspace hydrogen ratios: Effects on biohydrogen synthesis, volatile",,
nonOA(需VPN),10.1016/j.biombioe.2026.109708,Integrated bioprocess engineering of Spirulina platensis for crude-oil phycoreme,,
nonOA(需VPN),10.1016/j.biombioe.2026.109710,Circular valorization of rice husk waste into a magnetic ZnO–Fe3O4/Biochar multi,,
nonOA(需VPN),10.1016/j.biombioe.2026.109722,Influence of Ca2+ and Na+ impregnation on the textural properties and compositio,,
nonOA(需VPN),10.1016/j.biombioe.2026.109758,Influence of light source and intensity on the biochemical profile of Chlorella,,
nonOA(需VPN),10.1016/j.biombioe.2026.109791,Performance on carboxylates extraction from dark acid fermentation of agroresidu,,
nonOA(需VPN),10.1016/j.biombioe.2026.109802,Photocatalytic conversion of biomass derived furfural into fuel and fragrance pr,,
nonOA(需VPN),10.1016/j.biombioe.2026.109839,Mechanistic understanding of carbon–hydrogen conversion during rice straw superc,,
nonOA(需VPN),10.1016/j.biombioe.2026.109874,Plant-wide modeling and techno-economic analysis for producing bio-coal briquett,,
nonOA(需VPN),10.1016/j.biombioe.2026.109892,Machine learning–driven efficient optimization for conversion of cellulose to gl,,
nonOA(需VPN),10.1016/j.biombioe.2026.109976,Multi-scale response patterns of texture features derived from high-resolution r,,
nonOA(需VPN),10.1016/j.biombioe.2026.109989,Particle size engineering influences astaxanthin recovery and plant-growth-promo,,
nonOA(需VPN),10.1016/j.biortech.2026.134897,Multilevel cytochrome P450 engineering integrating protein language model-guided,,
nonOA(需VPN),10.1016/j.biortech.2026.134967,Engineering of β-glucosidase for rare ginsenoside biosynthesis via distal confor,,
nonOA(需VPN),10.1016/j.biortech.2026.134994,Modular pathway engineering enables gram-scale de novo biosynthesis of narirutin,,
nonOA(需VPN),10.1016/j.biortech.2026.135222,Substrate affinity and spatial proximity synergistically guide multi-enzyme arch,,
nonOA(需VPN),10.1016/j.bspc.2026.111250,BCMSI-Net: Bilinear channel and multi-directional spatial attention interaction,,
nonOA(需VPN),10.1016/j.bspc.2026.111266,Multimodal brain tumor detection from fine grained brain image data using lightw,,
nonOA(需VPN),10.1016/j.cam.2026.117865,Dependence modeling and reliability inference of stress–strength model in multic,,
nonOA(需VPN),10.1016/j.cbd.2026.101885,Molecular adaptation of caspase genes to salinity stress in the tropical sea cuc,,
nonOA(需VPN),10.1016/j.cbd.2026.101905,Muscular fiber properties and multi-omics investigation of larval and adult loco,,
nonOA(需VPN),10.1016/j.cbd.2026.101910,Multi-omics insights into the physiological mechanisms of bile acid accumulation,,
nonOA(需VPN),10.1016/j.cca.2026.121183,Multi-omics body-fluid biomarkers in immunoglobulin a nephropathy: Analytical Va,,
nonOA(需VPN),10.1016/j.cca.2026.121191,Evaluating circulating tumor DNA methylation patterns of a multi-gene panel for,,
nonOA(需VPN),10.1016/j.cca.2026.121194,Multi-omics profiling of oxeiptosis-associated biomarkers in cancer,,
nonOA(需VPN),10.1016/j.cca.2026.121239,"Precision forensic toxicology: Leveraging Toxicogenomics, multi-omics, and artif",,
nonOA(需VPN),10.1016/j.cellsig.2026.112579,Multi-omics identifies RNF149 as a key molecular marker mediating neuron-glia in,,
nonOA(需VPN),10.1016/j.ces.2026.124675,In-situ visible-light efficient removal of ofloxacin by defect rich CeO2 and oxi,,
nonOA(需VPN),10.1016/j.ces.2026.124677,Synergistic engineering of Ag-Doped ZnS/SnSe heterostructures for enhanced Visib,,
nonOA(需VPN),10.1016/j.ces.2026.124696,Pickering HIPE-Templated Boronate-Affinity molecularly imprinted hydrogels for s,,
nonOA(需VPN),10.1016/j.ces.2026.124699,Lignin-based Co–Mn dual single-atom catalyst with asymmetric coordination for ef,,
nonOA(需VPN),10.1016/j.ces.2026.124715,Data-driven optimization of particle size for porous polylactic acid microsphere,,
nonOA(需VPN),10.1016/j.ces.2026.124728,In-situ grown MIL-101(Fe) in PBI membranes enables acid-state regulation for eff,,
nonOA(需VPN),10.1016/j.ces.2026.124738,Enhancing anaerobic digestion of lignite with nano-Fe2O3 modified biochar: roles,,
nonOA(需VPN),10.1016/j.ces.2026.124776,Visible-light degradation of ampicillin antibiotic over S/O co-doped g-C3N4 phot,,
nonOA(需VPN),10.1016/j.ces.2026.124868,Synthesis of Cu2O/halloysite composites for enhanced degradation of tetracycline,,
nonOA(需VPN),10.1016/j.ces.2026.124918,Deactivation mechanisms and stabilization strategies of Bi-based catalysts for a,,
nonOA(需VPN),10.1016/j.ces.2026.124920,"Recovery of caprolactam, copper, hydrogen-rich gas and char flakes from copper-i",,
nonOA(需VPN),10.1016/j.ces.2026.124929,Core@shell NiCo2O4@ZnIn2S4 heterostructured photocatalyst for efficient visible-,,
nonOA(需VPN),10.1016/j.clsr.2026.106371,Has Complexity of EU Law Increased?,,
nonOA(需VPN),10.1016/j.cnsns.2026.110181,Observer-based boundary consensus of reaction-diffusion multi-agent systems by p,,
nonOA(需VPN),10.1016/j.coi.2026.102828,Human endogenous retroviruses leading to autoimmune diseases,,
nonOA(需VPN),10.1016/j.colsurfa.2026.140904,Europium-activated silicate-based phosphors with enhanced far-red light emission,,
nonOA(需VPN),10.1016/j.colsurfa.2026.140920,Enhancement mechanisms of flavonoid-based enhancers: A sustainable strategy for,,
nonOA(需VPN),10.1016/j.colsurfa.2026.140962,Synergistic network formation of gallic acid-modified chitosan and metal ions fo,,
nonOA(需VPN),10.1016/j.colsurfb.2026.115809,De Novo developing nanoplatform encapsuling α-arbutin and α-syn inhibitor for pr,,
nonOA(需VPN),10.1016/j.compbiolchem.2026.109076,DeepStruct: Multi-modal deep learning integrating omics and energy scoring for p,,
nonOA(需VPN),10.1016/j.compbiolchem.2026.109095,Integrative multi-omics analysis identifies stromal-immune crosstalk as a determ,,
nonOA(需VPN),10.1016/j.compbiolchem.2026.109103,Identification and validation of cholesterol homeostasis and NK cell-associated,,
nonOA(需VPN),10.1016/j.compbiolchem.2026.109112,A variational graph autoencoder guided by residual multi-head attention reveals,,
nonOA(需VPN),10.1016/j.compbiolchem.2026.109138,Multi-omics and machine learning uncover the MX1-ISG15-STAT1 synergistic axis as,,
nonOA(需VPN),10.1016/j.compbiolchem.2026.109165,Multi-omics profiling identifies ACP2 as a lysosome-associated biomarker linked,,
nonOA(需VPN),10.1016/j.compbiolchem.2026.109170,Prediction of inflammatory bowel disease recurrence risk based on multi-omics in,,
nonOA(需VPN),10.1016/j.compchemeng.2026.109739,Constraint programming for scheduling a fermentation plant,,
nonOA(需VPN),10.1016/j.compeleceng.2026.111288,MDSTG-Mamba: Multi-source dynamic spatial-temporal graph enhanced Mamba for traf,,
nonOA(需VPN),10.1016/j.cpa.2026.102863,"Bring it ‘into the light’: Surfacing materiality, paternalism and practitioners’",,
nonOA(需VPN),10.1016/j.csda.2026.108414,Gaussian copula correlation network analysis of mixed-type data using a semi-par,,
nonOA(需VPN),10.1016/j.desal.2026.120329,Performance prediction of multi-effect desalination (MED) plant: Experimental ev,,
nonOA(需VPN),10.1016/j.displa.2026.103542,RS-SLAM: A visual SLAM system suitable for low-light environments,,
nonOA(需VPN),10.1016/j.displa.2026.103576,Image-guided pixel-level stitching scheme of multi-light sources for large-size,,
nonOA(需VPN),10.1016/j.displa.2026.103616,Frequency-spatial interaction multi-scale feature fusion network for gland segme,,
nonOA(需VPN),10.1016/j.dyepig.2026.113930,Stepwise metabolic engineering enables high-level production of deoxyviolacein a,,
nonOA(需VPN),10.1016/j.ecocom.2026.101178,Functional diversity drives plant-bee specialization in tropical forests,,
nonOA(需VPN),10.1016/j.ecocom.2026.101180,"Plant functional and phylogenetic diversity affect herbivorous diversity, but do",,
nonOA(需VPN),10.1016/j.engstruct.2026.123402,Spatial multi-modal vibration suppression using distributed dynamic vibration ab,,
nonOA(需VPN),10.1016/j.epsr.2026.113296,Multi-node customer load uncertainty prediction based on adaptive multi-scale sp,,
nonOA(需VPN),10.1016/j.epsr.2026.113446,Optimal Scheduling of Virtual Power Plant Considering Multi-Market Coordination,,
nonOA(需VPN),10.1016/j.epsr.2026.113825,Research on load current adaptive diagnosis method for mechanical vibration defe,,
nonOA(需VPN),10.1016/j.epsr.2026.113865,A single-phase-to-ground fault section location method for non-effectively groun,,
nonOA(需VPN),10.1016/j.epsr.2026.113889,OPF for traction power supply systems based on PWM converters with piecewise non,,
nonOA(需VPN),10.1016/j.epsr.2026.113927,An embedded uncertainty quantification architecture for fuel cell degradation pr,,
nonOA(需VPN),10.1016/j.epsr.2026.113930,Non-iterative coordinated robust scheduling method for virtual power plant-distr,,
nonOA(需VPN),10.1016/j.epsr.2026.113969,Electrical failure of epoxy cast insulation under tensile stress: Mechanism of e,,
nonOA(需VPN),10.1016/j.epsr.2026.113977,Physics-inspired multimodal collaborative representation for single-phase-to-gro,,
nonOA(需VPN),10.1016/j.eswa.2026.132957,A spatial knowledge-driven decision support framework for multi-objective bus co,,
nonOA(需VPN),10.1016/j.eswa.2026.133238,VARSD-Net: Vision Adaptive Robust Scene Detection Network for Rainy and Low-Ligh,,
nonOA(需VPN),10.1016/j.eswa.2026.133240,Obfuscation-resilient malware classification via spatial perception and multi-gr,,
nonOA(需VPN),10.1016/j.eswa.2026.133296,SpatialSyn: A synergistic graph framework for spatial domain identification in m,,
nonOA(需VPN),10.1016/j.eswa.2026.133325,Physics-informed adaptive multi-head attention LSTM for shape prediction of vari,,
nonOA(需VPN),10.1016/j.eswa.2026.133340,Epidemiologically-constrained severity modeling for plant disease detection via,,
nonOA(需VPN),10.1016/j.eswa.2026.133589,LP-MBTI : A 24-latent Perceiver core for memory-light multi-post personality,,
nonOA(需VPN),10.1016/j.eswa.2026.133725,Spatial transcriptomics clustering via dynamic feature neighborhood reconstructi,,
nonOA(需VPN),10.1016/j.eswa.2026.133738,A joint modeling method for multi-point deformation monitoring to mitigate spati,,
nonOA(需VPN),10.1016/j.eswa.2026.133796,SMGC: Spatial multi-omics analysis with granular-ball contrastive learning frame,,
nonOA(需VPN),10.1016/j.eswa.2026.133827,TuckerHKN: multi-source hypergraph-guided Tucker co-learning for unraveling high,,
nonOA(需VPN),10.1016/j.exer.2026.111089,Regulation of lens epithelial cell senescence by cyclic mechanical stretch: Mult,,
nonOA(需VPN),10.1016/j.fm.2026.105136,Microbial factories for lipid: Engineering synthetic routes and regulatory netwo,,
nonOA(需VPN),10.1016/j.fm.2026.105265,Cereulide on adjacent meat: toxin transfer or de novo production?,,
nonOA(需VPN),10.1016/j.foodcont.2026.112382,Use of morphological and chemical features from near infrared-hyperspectral imag,,
nonOA(需VPN),10.1016/j.foodcont.2026.112387,Multi-residue pesticide contamination in marketed rice and recommended mitigatio,,
nonOA(需VPN),10.1016/j.foodcont.2026.112515,Recent advances in molecularly imprinted polymer-based sensors for porcine prote,,
nonOA(需VPN),10.1016/j.foodhyd.2026.112786,Emerging strategies for plant protein modification to improve their foam formati,,
nonOA(需VPN),10.1016/j.foodhyd.2026.113044,Mechanistic modulation of macromolecular interactions in ultrasound-potentiated,,
nonOA(需VPN),10.1016/j.foodhyd.2026.113146,Molecular dynamics insights into the interaction mechanism between starch with t,,
nonOA(需VPN),10.1016/j.foodhyd.2026.113148,Construction of a plant-based egg analogue via a multicomponent emulsion-gel str,,
nonOA(需VPN),10.1016/j.foodhyd.2026.113170,Structural reorganization of Maillard-induced peanut protein isolate-gallic acid,,
nonOA(需VPN),10.1016/j.foodhyd.2026.113188,Concentration-dependent interfacial co-assembly of chitosan/whey protein isolate,,
nonOA(需VPN),10.1016/j.foodhyd.2026.113240,Solid-state stabilized sage essential oil liposomes in tamarind gum beads: dual,,
nonOA(需VPN),10.1016/j.foodhyd.2026.113256,Structural differences of starch-proteolyzed peptide complexes dictate in vitro,,
nonOA(需VPN),10.1016/j.foodhyd.2026.113257,Mitigation of guar gum with different viscosities on rosmarinic acid-induced gel,,
nonOA(需VPN),10.1016/j.foodhyd.2026.113266,Concentration-dependent ternary interaction of wheat starch-arabinoxylan-ferulic,,
nonOA(需VPN),10.1016/j.foodhyd.2026.113274,Cryoprotective effect of fermented glutinous rice wine filtrate on the pre-ferme,,
nonOA(需VPN),10.1016/j.freeradbiomed.2026.05.328,Spatial multi-omics reveals region-specific redox dysregulation in chronic arist,,
nonOA(需VPN),10.1016/j.fsigen.2026.103544,COSA: A consolidated methylation-based prediction panel for body fluid/tissue of,,
nonOA(需VPN),10.1016/j.fsigen.2026.103545,Targeting ultrashort fragments: Development and validation of a 44-InDel panel f,,
nonOA(需VPN),10.1016/j.fsigen.2026.103547,Evaluation of AutoMate and EZ2 extraction methods with surface cleaning pretreat,,
nonOA(需VPN),10.1016/j.fsigen.2026.103549,Transferring a microhaplotype-specific probabilistic genotyping model from targe,,
nonOA(需VPN),10.1016/j.fsigen.2026.103560,Evidentiary evaluation of complex low-template DNA mixtures using high-efficienc,,
nonOA(需VPN),10.1016/j.fsigen.2026.103561,Inheritance patterns of mitochondrial DNA in multi-generational maternal pedigre,,
nonOA(需VPN),10.1016/j.fsigen.2026.103566,A rare and atypical case of long-distance indirect DNA transfer: Contamination f,,
nonOA(需VPN),10.1016/j.fsigen.2026.103599,Influence of physiological activation on Touch DNA deposition and STR profile qu,,
nonOA(需VPN),10.1016/j.fuel.2026.139435,Enhanced hydrocarbons generation of cyclic catalytic pyrolysis of acid-washed sw,,
nonOA(需VPN),10.1016/j.fuel.2026.139468,Highly dispersed Ni-Mo encapsulated in hollow mesoporous ZSM-5 as an efficient c,,
nonOA(需VPN),10.1016/j.fuel.2026.139538,Tunable production of drop-in biofuels via atmospheric-pressure hydrodeoxygenati,,
nonOA(需VPN),10.1016/j.fuel.2026.139628,Thermodynamic evaluation of an oxy-fuel combustion power plant integrated with L,,
nonOA(需VPN),10.1016/j.fuel.2026.139647,Dual single-atom catalysts modulating g-C3N4/TiO2-X S-scheme heterojunctions for,,
nonOA(需VPN),10.1016/j.fuel.2026.139682,Revealing spatial distribution characteristics of current density and voltage un,,
nonOA(需VPN),10.1016/j.fuel.2026.139727,Evaluation of effect of Mo concentration on stability for solid oxide fuel cell,,
nonOA(需VPN),10.1016/j.fuel.2026.139730,Rational integration of heteroatoms/amino functionalization and catalytic site r,,
nonOA(需VPN),10.1016/j.fuel.2026.139731,Boosting the electrochemical performance of micro-tubular solid oxide fuel cell,,
nonOA(需VPN),10.1016/j.fuel.2026.139747,Microstructural evolution of coal under acid and alkali erosion,,
nonOA(需VPN),10.1016/j.fuel.2026.139766,Revealing metal–acid balance of Pt/ZSM-48 catalyst on n-heptane hydroisomerizati,,
nonOA(需VPN),10.1016/j.fuel.2026.139776,"Cooperative role of Brønsted acid Sites, Fe3+, and [Fe2(μ-O)2] Oligomers in Fe/Z",,
nonOA(需VPN),10.1016/j.fuel.2026.139793,A parametric numerical study on balancing CO2-to-CO conversion and thermal stres,,
nonOA(需VPN),10.1016/j.fuel.2026.139806,Design and optimization of the flow field in a proton exchange membrane electrol,,
nonOA(需VPN),10.1016/j.fuel.2026.139872,Experimental research on the performance enhancement of proton exchange membrane,,
nonOA(需VPN),10.1016/j.fuel.2026.139878,Tailored design of citric acid-modified NiMoS/Al2O3 catalysts for premium upgrad,,
nonOA(需VPN),10.1016/j.fuel.2026.139932,Beyond stepwise pathways: electronic origin and HOMO-LUMO gap descriptor for con,,
nonOA(需VPN),10.1016/j.fuel.2026.139937,Roles of minerals and humic acid in lignite drying,,
nonOA(需VPN),10.1016/j.fuel.2026.139938,Enhancing Tetralin Selectivity via Spatially Confined Phosphidation of MoP/Al2O3,,
nonOA(需VPN),10.1016/j.fuel.2026.139984,Gas seepage in briquetted and raw coal under high Stress: Decoupling effective S,,
nonOA(需VPN),10.1016/j.fuel.2026.140027,Oxygen-containing groups in Ni@C-N2 enable catalytic hydrogenation of oleic acid,,
nonOA(需VPN),10.1016/j.fuel.2026.140086,Full-lifecycle numerical simulation of CO2 storage with enhanced gas recovery in,,
nonOA(需VPN),10.1016/j.fuel.2026.140130,Ascorbic acid-assisted reduction for oxygen vacancy-rich ferric molybdate enhanc,,
nonOA(需VPN),10.1016/j.fuel.2026.140164,Phase stability and spray behaviour of oleic acid-assisted ethanol-diesel blends,,
nonOA(需VPN),10.1016/j.fuel.2026.140186,Deep oxidative desulfurization in a continuous-flow fixed-bed system over acid-r,,
nonOA(需VPN),10.1016/j.fuel.2026.140188,A CO2-responsive organic acid system for selective profile control in high-tempe,,
nonOA(需VPN),10.1016/j.fuel.2026.140190,Architecture-dependent spillover effects in Cu/Zn–SAPO-34 catalysts for direct C,,
nonOA(需VPN),10.1016/j.fuel.2026.140218,BaNb2O6-modified Ce0.8Sm0.2O1.9 composite electrolytes for enhanced low-temperat,,
nonOA(需VPN),10.1016/j.fuel.2026.140231,Synergistic enhancement mechanism of coal wetting and dissolution induced by sur,,
nonOA(需VPN),10.1016/j.fuel.2026.140255,High-quality syngas from rice husks and LDPE using microwave-assisted co-gasific,,
nonOA(需VPN),10.1016/j.fuel.2026.140276,Techno-Economic Analysis of a Renewable Energy-Driven Industrial Complex for Nit,,
nonOA(需VPN),10.1016/j.fuel.2026.140278,"Di-, Tri- and Tetra-carboxylic acid facilitated nickel-based organic frameworks-",,
nonOA(需VPN),10.1016/j.fuel.2026.140284,The effect of interaction between Lewis and Brönsted acid sites on the tandem tr,,
nonOA(需VPN),10.1016/j.fuel.2026.140302,Anchoring site rich mesoporous alumina-supported Pt catalysts for hydrotreatment,,
nonOA(需VPN),10.1016/j.fuel.2026.140325,Modelling the chemical entropy and exergy balance during single-step chemical re,,
nonOA(需VPN),10.1016/j.fuel.2026.140402,Exergy performance and System-Level evaluation of cooling Topologies for Multi-S,,
nonOA(需VPN),10.1016/j.fuel.2026.140454,Fabrication of ZSM-5@Sn-MFI core-shell zeolite to improve light olefins producti,,
nonOA(需VPN),10.1016/j.fuel.2026.140493,Positively charged Pd species anchored on defect-rich N-doped carbon nanosheets:,,
nonOA(需VPN),10.1016/j.fuel.2026.140498,Effect of methylation of lignin phenolic hydroxyl groups on the formation of pyr,,
nonOA(需VPN),10.1016/j.fuel.2026.140587,Cleaner production of microalgal lipids via random mutagenesis: enhanced lipid p,,
nonOA(需VPN),10.1016/j.fuel.2026.140634,Intrinsic acid-base pairing enables fully aromatic polyamide membranes for robus,,
nonOA(需VPN),10.1016/j.fuel.2026.140662,Enhanced hydrogenation of 5-hydroxymethylfurfural over Cu/CoCeOx-CA via synergis,,
nonOA(需VPN),10.1016/j.fuel.2026.140673,Catalytic upgrading of bio-oil from microwave-assisted catalytic pyrolysis of se,,
nonOA(需VPN),10.1016/j.fuel.2026.140702,The performance of directional formic acid decomposition via light-driven novel,,
nonOA(需VPN),10.1016/j.fuel.2026.140724,One-pot conversion of acidic palm oil into biodiesel over a magnetically recover,,
nonOA(需VPN),10.1016/j.fuel.2026.140756,Thermal stress fragmentation mechanism and particle size evolution of pulverized,,
nonOA(需VPN),10.1016/j.fuel.2026.140846,Spatial distribution patterns and thermo-responsive mechanisms of multi-configur,,
nonOA(需VPN),10.1016/j.fuel.2026.140880,Factors affecting real-world ammonia emissions formation from light-duty gasolin,,
nonOA(需VPN),10.1016/j.fuel.2026.140907,Integration of multi objective optimization and exergy analysis for a direct red,,
nonOA(需VPN),10.1016/j.fuel.2026.140960,Comparative life cycle and techno-economic assessment of waste-to-energy plant w,,
nonOA(需VPN),10.1016/j.fuel.2026.140974,Efficient Solar-to-Hydrogen energy conversion and selective Photo-reforming of P,,
nonOA(需VPN),10.1016/j.fuel.2026.141004,Design and performance analysis of a sulfuric acid decomposer in a sulfur-iodine,,
nonOA(需VPN),10.1016/j.gene.2026.150261,Multi-omics analysis identifies CD48 and ITIH5 as potential diagnostic biomarker,,
nonOA(需VPN),10.1016/j.inffus.2026.104609,Enhanced Fourier-based network for Low-Light image enhancement,,
nonOA(需VPN),10.1016/j.inffus.2026.104623,Bridging the semantic gap in extreme degradation: A cognition-vision synergistic,,
nonOA(需VPN),10.1016/j.ins.2026.123724,Reversible data hiding for medical images using multi-branch CNNs and class-awar,,
nonOA(需VPN),10.1016/j.ins.2026.123892,FMTSE-FS: a hybrid feature selection method of fuzzy-multi-threshold segmentatio,,
nonOA(需VPN),10.1016/j.ins.2026.124022,De novo design of energetic molecules via domain-guided reinforcement learning a,,
nonOA(需VPN),10.1016/j.ipm.2026.105086,GeoAgent-MG-RAG: A multi-agent LLM framework with spatial knowledge graphs for c,,
nonOA(需VPN),10.1016/j.jbspin.2026.106074,Strategies to overcome the full potential of mesenchymal stromal cells (MSCs) fo,,
nonOA(需VPN),10.1016/j.jecp.2026.106604,Offline and online de novo motor skill learning differs in young children and ad,,
nonOA(需VPN),10.1016/j.jep.2026.121886,Gengnianshou formula inhibits estrogen deficiency induced obesity via an HSPA5-a,,
nonOA(需VPN),10.1016/j.jep.2026.121919,Clinacanthus nutans (Burm. f.) Lindau ameliorates type 2 diabetes mellitus by su,,
nonOA(需VPN),10.1016/j.jep.2026.121985,Rexiao Kuining decoction ameliorates ulcerative colitis by restoring immune home,,
nonOA(需VPN),10.1016/j.jep.2026.122062,Multi-omics reveals the effects and mechanisms of Xinxue Granules against idiopa,,
nonOA(需VPN),10.1016/j.jep.2026.122184,Multi-omics reveals the mechanism of Rehmannia glutinosa Libosch. Processed with,,
nonOA(需VPN),10.1016/j.jep.2026.122194,Kunkui Baoshen Granule attenuates diabetic kidney disease via the SIRT3/FOXO3a s,,
nonOA(需VPN),10.1016/j.jep.2026.122216,Integrating multi-omics and network pharmacology in a systems approach: a mechan,,
nonOA(需VPN),10.1016/j.jep.2026.122266,Multi-omics-driven network pharmacology and experimental validation elucidate th,,
nonOA(需VPN),10.1016/j.jfoodeng.2026.113139,Co-modified rice starch by extrusion and GML: multi-level structure,,
nonOA(需VPN),10.1016/j.jfoodeng.2026.113148,Developing radio frequency technology for enhancing the processing characteristi,,
nonOA(需VPN),10.1016/j.jfoodeng.2026.113179,Electrical effect on multi-scale structure and gelatinization properties of rice,,
nonOA(需VPN),10.1016/j.jfoodeng.2026.113182,Light propagation in an intact egg: Combining bulk optical properties measuremen,,
nonOA(需VPN),10.1016/j.jid.2026.06.076,0045 Spatial neuro-immune networks of dorsal root ganglion and skin in an MC903-,,
nonOA(需VPN),10.1016/j.jid.2026.06.144,0113 High-resolution spatial and single-cell atlas of human scalp skin defines c,,
nonOA(需VPN),10.1016/j.jid.2026.06.665,0634 Chronic sun exposure induces localized epigenetic age acceleration in photo,,
nonOA(需VPN),10.1016/j.jid.2026.06.684,0653 Epigenetic drivers of keloid formation: A systematic review,,
nonOA(需VPN),10.1016/j.jid.2026.06.709,0678 Skin commensal yeast attenuates inflammation via AhR-mediated epigenetic re,,
nonOA(需VPN),10.1016/j.jms.2026.112114,Theoretical structural and spectroscopic characterization of HOCH2CP: A phosphor,,
nonOA(需VPN),10.1016/j.jmst.2026.03.017,Co-mediation of oxygen-doping and S-vacancies in CdIn2S4 enables optimal electro,,
nonOA(需VPN),10.1016/j.jmst.2026.04.022,Three-dimensional and multimodal X-ray microscopy for structural materials: Towa,,
nonOA(需VPN),10.1016/j.jmst.2026.04.037,Stress competition mechanism and ultra-clean process optimization of Marangoni d,,
nonOA(需VPN),10.1016/j.jmst.2026.05.006,Robust corrosion inhibition by thiadiazole derivatives for Q235 steel in methane,,
nonOA(需VPN),10.1016/j.jmst.2026.05.019,Excellent creep resistance with synergistic strengthening mechanisms of a lightw,,
nonOA(需VPN),10.1016/j.jmst.2026.05.033,Synergistic effect of local chemical fluctuation and oxygen-induced nanodomains,,
nonOA(需VPN),10.1016/j.jmst.2026.05.039,Upgraded anti-corrosion strategies: Oil meal-based inhibitors for steel in phosp,,
nonOA(需VPN),10.1016/j.jmst.2026.05.040,Bio-based phytic acid-amino acid/OMMT synergistic system for fire safety and per,,
nonOA(需VPN),10.1016/j.jmst.2026.05.042,Superior defect trapping at lattice misfit interfaces in ODS steels under single,,
nonOA(需VPN),10.1016/j.jmst.2026.05.061,Origin of interfacial stress in homoepitaxial GaN grown by Na-flux method,,
nonOA(需VPN),10.1016/j.jmst.2026.05.067,Effects of different tensile stress magnitudes on the in vitro corrosion behavio,,
nonOA(需VPN),10.1016/j.jmst.2026.05.068,Ligand side-chain engineering of amino acid-copper MOF coatings: Tunable morphol,,
nonOA(需VPN),10.1016/j.jmst.2026.05.076,Magnesium-assisted fabrication of platinum single-atom electrocatalysts anchored,,
nonOA(需VPN),10.1016/j.jmst.2026.06.002,Ductility enhancement mechanism of stress-aged Al-Zn-Mg-Cu alloy considering the,,
nonOA(需VPN),10.1016/j.jmst.2026.06.062,Electronic modulation of atomically dispersed Cu single atom nanozyme by boron d,,
nonOA(需VPN),10.1016/j.jmst.2026.06.064,Physics-based electromigration lifetime modeling for low-temperature Sn-Bi-Ag so,,
nonOA(需VPN),10.1016/j.jmst.2026.07.005,Optimizing cathodic protection potential to simultaneously mitigate microbial co,,
nonOA(需VPN),10.1016/j.jmst.2026.07.012,Stress-mediated microstructural evolution for enhancing thermal stability and me,,
nonOA(需VPN),10.1016/j.jmst.2026.07.021,Thermal history and stress redistributions achieving reduced crack susceptibilit,,
nonOA(需VPN),10.1016/j.jmst.2026.07.058,Surface sulfur passivation for unprecedented stability of CdS in photoreforming,,
nonOA(需VPN),10.1016/j.jpba.2026.117584,Study on the correlation between external traits and intrinsic quality of Pseudo,,
nonOA(需VPN),10.1016/j.jpba.2026.117617,Multi-omics analysis reveals mitochondrial dysfunction-driven oxidative stress p,,
nonOA(需VPN),10.1016/j.jphotochem.2026.117357,Unraveling the transport properties of ZnS(en)0.5 hybrid and ZnS/g-C3N4 for the,,
nonOA(需VPN),10.1016/j.jphotochem.2026.117379,A Core structural design strategy for molecular resists based on inhibiting acid,,
nonOA(需VPN),10.1016/j.jphotochem.2026.117408,Carbon-confined CNT@PDA@Fe3O4 water purification catalyst for visible-light-assi,,
nonOA(需VPN),10.1016/j.jphotochem.2026.117415,"Synthesis, mechanical and self-healing properties of light-switchable supramolec",,
nonOA(需VPN),10.1016/j.jphotochem.2026.117475,Degradation of tetracycline hydrochloride with a transition metal free sulfur do,,
nonOA(需VPN),10.1016/j.jphotochem.2026.117520,Dumbbell-shaped CdS@MoS2 S-scheme heterojunction for efficient visible-light pho,,
nonOA(需VPN),10.1016/j.jphotochem.2026.117546,Highly efficient photocatalytic degradation of brilliant green and reactive red,,
nonOA(需VPN),10.1016/j.jphotochem.2026.117569,High-efficient photocatalytic degradation of enrofloxacin by bamboo charcoal sup,,
nonOA(需VPN),10.1016/j.jphotochem.2026.117575,Z-scheme NiCo2S4/CuS nano-disks derived from MOF-199(Cu) for LED light induced p,,
nonOA(需VPN),10.1016/j.jphotochem.2026.117580,Efficient degradation of tetracycline hydrochloride by a visible-light-responsiv,,
nonOA(需VPN),10.1016/j.jphotochem.2026.117582,A theoretical study of ICT-driven dual-anion sensing: Unraveling the mechanism a,,
nonOA(需VPN),10.1016/j.jphotochem.2026.117587,Interfacial Schottky engineering of MoB MBene/MnxCd(1-x)S for accelerated visibl,,
nonOA(需VPN),10.1016/j.jphotochem.2026.117603,Boosting visible-light photocatalytic reduction of Cr(VI) via a Sb2S3/Co9S8 type,,
nonOA(需VPN),10.1016/j.jphotochem.2026.117616,Bi2-xLaTiVO9:xEu3+: A highly thermally stable red phosphor for W-LED and plant g,,
nonOA(需VPN),10.1016/j.jspi.2026.106442,Doubly robust and efficient estimation in a partially linear additive single-ind,,
nonOA(需VPN),10.1016/j.jtice.2026.106822,Organic color converter-enhanced UV-pumped white LEDs for high-bandwidth visible,,
nonOA(需VPN),10.1016/j.landusepol.2026.108137,Unpacking spatially explicit cropland non-agriculturalization in China based on,,
nonOA(需VPN),10.1016/j.mcat.2026.116108,Multi-enzyme cascade strategy for efficient biosynthesis of 5-hydroxypipecolic a,,
nonOA(需VPN),10.1016/j.micres.2026.128618,Integrative multi-omics analysis uncovers the critical role of plant-derived fer,,
nonOA(需VPN),10.1016/j.mssp.2026.110968,Spatial-frequency-resolved roughness evolution in single-crystal silicon CMP tow,,
nonOA(需VPN),10.1016/j.neucom.2026.134054,A brain-inspired SLAM system with multi-scale spatial cell model and visual temp,,
nonOA(需VPN),10.1016/j.neunet.2026.109345,ARetinex-Net: Low-light image enhancement with adaptive retinex model and global,,
nonOA(需VPN),10.1016/j.neunet.2026.109361,MSESTA: Multi-scale evolving spatial-temporal attention for long-term traffic pr,,
nonOA(需VPN),10.1016/j.neunet.2026.109371,PDA-AR: Progressive low-light facial expression recognition via multi-level alig,,
nonOA(需VPN),10.1016/j.neunet.2026.109422,SSL-LODDA: Self-supervised learning for low-light object detection with domain a,,
nonOA(需VPN),10.1016/j.patcog.2026.113433,Multi-modal object tracking with detailed spatial prompt learning,,
nonOA(需VPN),10.1016/j.patcog.2026.113442,FMaMIL: Synergistic spatial-frequency Mamba multi-instance learning for weakly s,,
nonOA(需VPN),10.1016/j.patcog.2026.113925,MrsNet: Multi-scale dual-domain reconstruction with spatial-spectral masked netw,,
nonOA(需VPN),10.1016/j.patcog.2026.113962,Shannon entropy-weighted views and adversarial learning for light field microsco,,
nonOA(需VPN),10.1016/j.patcog.2026.114094,"A single-cell feature selection method based on subspace and minimum redundancy,",,
nonOA(需VPN),10.1016/j.patcog.2026.114139,ACIDNet: Asymmetric Chromaticity-Intensity Decoupling for low-light image enhanc,,
nonOA(需VPN),10.1016/j.patcog.2026.114316,Multi-view masked graph representation learning with semantic alignment for spat,,
nonOA(需VPN),10.1016/j.patcog.2026.114355,HGNet: Hypergraph-coordinated multi-scale spatial dependency-aware fusion for im,,
nonOA(需VPN),"10.1016/j.pbiomolbio.2026.02.004"">10.1016/j.pbiomolbio.2026.02.004</a></p",,,
nonOA(需VPN),10.1016/j.pce.2026.104520,Application of remote sensing for identification of Invasive Plant Species (IPS),,
nonOA(需VPN),10.1016/j.plantsci.2026.113216,Integrated multi-omics reveals divergent salt stress response mechanisms in thre,,
nonOA(需VPN),10.1016/j.plantsci.2026.113243,Mechanical disturbance of trichomes enhances Cd2+ accumulation via malate-mediat,,
nonOA(需VPN),10.1016/j.plantsci.2026.113246,Integrated transcriptomic and metabolomic analyses reveal the involvement of AtG,,
nonOA(需VPN),10.1016/j.plantsci.2026.113264,Avena sativa L. boosts Lolium perenne L. growth through root exudate reprogrammi,,
nonOA(需VPN),10.1016/j.plantsci.2026.113265,miR5810–OsMRLP6 module regulates rice salt tolerance by affecting ROS accumulati,,
nonOA(需VPN),10.1016/j.plantsci.2026.113348,PlantST: Unraveling plant tissue heterogeneity and developmental trajectories vi,,
nonOA(需VPN),10.1016/j.plares.2026.100014,Combined metabolomic and transcriptomic analyses reveal mechanisms of Aspergillu,,
nonOA(需VPN),10.1016/j.pmatsci.2026.101774,Metamaterials for light generation,,
nonOA(需VPN),10.1016/j.pmatsci.2026.101789,Epigenetic-targeted nanomedicine in cancer: from molecular mechanisms to therape,,
nonOA(需VPN),10.1016/j.postharvbio.2026.114448,Multi-omics analysis reveals that preharvest arginine application enhances antio,,
nonOA(需VPN),10.1016/j.postharvbio.2026.114480,MaMYB44/MaIAA regulatory module mediates proanthocyanidin biosynthesis and fruit,,
nonOA(需VPN),10.1016/j.postharvbio.2026.114526,Functional characterization of PsMYC2 involved in cold-induced anthocyanin biosy,,
nonOA(需VPN),10.1016/j.postharvbio.2026.114622,Integrated multi-omics reveals postharvest quality variation and regulatory netw,,
nonOA(需VPN),10.1016/j.radphyschem.2026.114114,Gamma irradiation combined with natural antimicrobials to improve the safety and,,
nonOA(需VPN),10.1016/j.ress.2026.112807,Correlation analysis framework based on spatial traffic characteristics and modi,,
nonOA(需VPN),10.1016/j.ress.2026.112892,Mitigation action-dependent prediction of nuclear plant parameters for severe ac,,
nonOA(需VPN),10.1016/j.ress.2026.112930,Modeling and reliability assessment method for multi-stress accelerated degradat,,
nonOA(需VPN),10.1016/j.ress.2026.112986,Optimal design of step-stress accelerated degradation tests for harmonic reducer,,
nonOA(需VPN),10.1016/j.ress.2026.113120,Seismic fragility of nuclear power plant structure considering raft-pile-soil-st,,
nonOA(需VPN),10.1016/j.ress.2026.113176,Post-disaster recovery of infrastructure system with spatial zonation based on m,,
nonOA(需VPN),10.1016/j.ress.2026.113188,Quantitative impact analysis of environmental factors on frequency of support sy,,
nonOA(需VPN),10.1016/j.ress.2026.113255,Multi-factor coupled risk assessment model for coal mine gas explosions based on,,
nonOA(需VPN),10.1016/j.saa.2026.128216,Micellization-controlled self-assembly of ZnPc(SO₂Cl)₄ in aqueous media: spectro,,
nonOA(需VPN),10.1016/j.saa.2026.128229,Through-space charge transfer enables efficient carbonyl/amine multi-resonance e,,
nonOA(需VPN),10.1016/j.sajb.2026.06.003,Development of an efficient in vitro regeneration protocol using apical bud expl,,
nonOA(需VPN),10.1016/j.sigpro.2026.110730,WaveCD: Physics-guided wavelet cold diffusion for low-light image denoising,,
nonOA(需VPN),10.1016/j.sigpro.2026.110832,EA-NACFE: Edge-aware nonlinear low-light image enhancement via closed-form diffu,,
nonOA(需VPN),10.1016/j.snb.2026.140239,SERS sensor based on metabolic oligosaccharide engineering for detection of glyc,,
nonOA(需VPN),10.1016/j.talanta.2026.130297,CRISPR-responsive hybrid MOF assembling assay for rapid electrochemical detectio,,
nonOA(需VPN),10.1016/j.talanta.2026.130314,Towards selective fluorimetric nanospheres sensor for perfluorooctanoic acid ani,,
nonOA(需VPN),10.1016/j.talanta.2026.130315,Signal-on electrochemiluminescence biosensor for hepatitis B virus DNA based on,,
nonOA(需VPN),10.1016/j.talanta.2026.130319,A microfluidic paper-based device for on-site colorimetric detection of scopolam,,
nonOA(需VPN),10.1016/j.talanta.2026.130324,CRISPR/Cas12a-coupled organic electrochemical transistors for highly sensitive d,,
nonOA(需VPN),10.1016/j.talanta.2026.130328,Sensitive determination of mandelic acid in urine samples by D-μSPE using an H-Z,,
nonOA(需VPN),10.1016/j.talanta.2026.130354,Design of a red-emitting camphor-derived benzothiazole ratiometric fluorescent p,,
nonOA(需VPN),10.1016/j.talanta.2026.130356,Interfacially programmable triblock DNA probes enable highly specific PDGF-BB de,,
nonOA(需VPN),10.1016/j.tbs.2026.101288,Commercial OD flow prediction with multi-feature spatial representation learning,,
nonOA(需VPN),10.1016/j.tice.2026.103535,Integrative multi‑omics and experimental validation reveal that Duhuo Jisheng De,,
nonOA(需VPN),10.1016/j.tice.2026.103587,Mechanistic reprogramming by stem cell-derived extracellular vesicles: From carg,,
nonOA(需VPN),10.1016/j.tice.2026.103741,Dehydrocostus lactone attenuates hyperthyroidism-induced myocardial remodeling a,,
nonOA(需VPN),10.1016/j.tice.2026.103747,Dapagliflozin uncouples the anti-inflammatory and lipogenic effects of pioglitaz,,
nonOA(需VPN),10.1016/j.tice.2026.103753,Salidroside inhibits extracellular matrix deposition and oxidative stress in hum,,
nonOA(需VPN),10.1016/j.tice.2026.103754,Hybrid chitosan sponges biofunctionalized with decellularized porcine bladder ex,,
nonOA(需VPN),10.1016/j.tice.2026.103756,Integrating multi-omics reveals the protective effects of Lycium ruthenicum anth,,
nonOA(需VPN),10.1016/j.tice.2026.103763,Mitigation of cyclophosphamide-induced nephrotoxicity by raspberry ketones throu,,
nonOA(需VPN),10.1016/j.tice.2026.103784,Fenofibrate attenuates cisplatin-induced nephrotoxicity in rats by restoring mit,,
nonOA(需VPN),10.1016/j.tice.2026.103796,Hydroxytyrosol attenuates STZ-induced nephropathy in pinealectomized rats: Assoc,,
nonOA(需VPN),10.1016/j.tice.2026.103800,Radioprotective effects of melatonin on colon epithelium: Role in oxidative stre,,
nonOA(需VPN),10.1016/j.tice.2026.103807,Silymarin mitigates tartrazine-induced fetal nephrotoxicity and oxidative stress,,
nonOA(需VPN),10.1016/j.tice.2026.103830,Prunin attenuates aflatoxin B1-induced testicular toxicity by alleviating oxidat,,
nonOA(需VPN),10.1016/j.tice.2026.103836,Marine algae as a source of bioactive nanofibers: Innovations in tissue repair a,,
nonOA(需VPN),10.1016/j.triboint.2026.112036,Tribological synergy of carboxylic-acid-modified h-BN in polyalphaolefin under d,,
nonOA(需VPN),10.1016/j.triboint.2026.112332,Effect of non-uniform stress distribution on the erosion behavior of multi-phase,,
nonOA(需VPN),10.1016/j.triboint.2026.112466,A stress-intensity-factor-based model for the ductile-to-brittle transition in s,,
nonOA(需VPN),10.1016/j.triboint.2026.112477,A biomass-derived L-proline/glycolic acid deep eutectic solvent for superlubrici,,
nonOA(需VPN),10.1016/j.triboint.2026.112498,"Mechanism of synergistic enhancement in mechanical strength, interfacial adhesio",,
nonOA(需VPN),10.1016/j.ultras.2026.108158,A Modal Synergistic Actuation Multi-Degree-of-Freedom Rotary Piezoelectric Actua,,
nonOA(需VPN),10.1016/j.watres.2026.126655,Capillary fringe microbial hotspots driven by spatial encounters reshape multi-f,,
nonOA(需VPN),10.1021/acs.chemrev.5c01105,Membrane Protein Design: From Reprogramming Functions to AI-Guided <i>De Novo</i,,
nonOA(需VPN),10.1021/acs.jafc.5c14938,Peroxisomal Surface Display of Cat2 in <i>Yarrowia lipolytica</i> Enhances the B,,
nonOA(需VPN),10.1021/acs.jafc.5c15406,Deciphering the Genetic Basis of Polymethoxylated Flavones Biosynthesis in <i>Ci,,
nonOA(需VPN),10.1021/acs.jafc.6c04483,Self-Assembled Dual-Functional Anti-Idiotypic Nanobody on IMX313 Nanoscaffolds f,,
nonOA(需VPN),10.1021/acs.jafc.6c04788,Discovery of a Unique NRPS Gene Cluster <i>San</i> for the Biosynthesis of Anti-,,
nonOA(需VPN),10.1021/acs.jafc.6c05648,"Trends in the PromisingFunctional Pigment, Phycocyanobilin:Preparation, Health B",,
nonOA(需VPN),10.1021/acs.jnatprod.6c00175,Engineering <i>Bacillus Subtilis</i> and Fermentation Process Optimization for H,,
nonOA(需VPN),10.1021/acsaenm.6c00314,"Speculum-Free Biomaterials, Multi-omics Liquid Biopsy, and AI-Driven Theranostic",,
nonOA(需VPN),10.1021/acsestengg.6c00605,NanomagnetitePromotes Sub-Thermophilic AnaerobicDigestion by Enhancing Electron,,
nonOA(需VPN),10.1021/acssuschemeng.5c14002,Green Synthesis of Chitooligosaccharides and Lacto- <i>N</i> -Triose II Catalyze,,
nonOA(需VPN),10.1021/jacs.6c08575,Unraveling the Chemical and Enzymatic Logic of Cytokinin Biosynthesis and Inacti,,
nonOA(需VPN),10.1038/s41401-026-01835-4,Epigenetic plasticity in cancer drug resistance: mechanistic insights and strate,,
nonOA(需VPN),10.1038/s41417-026-01059-y,Target therapeutic exploitation of engineered exosome-mediated delivery of ncRNA,,
nonOA(需VPN),10.1038/s41477-026-02392-8,Cambium needs no preprophase band,,
nonOA(需VPN),10.1038/s41577-026-01319-w,Senescent B cells accumulate in germinal centre niches of the aged human lymph n,,
nonOA(需VPN),10.1038/s41585-026-01162-7,An expanded paternal legacy: epididymal mRNAs are transmitted to the embryo,,
nonOA(需VPN),10.1038/s41587-026-03160-x,"Programmable, multiplexed and orthogonal gene control in bacteria with attenuate",,
nonOA(需VPN),10.1038/s43586-026-00491-6,Enzyme tethering for in situ epigenomics,,
nonOA(需VPN),10.1071/fp26012,Proteomic insights into growth-related molecular responses in the leaves of Para,,
nonOA(需VPN),10.1080/03007995.2026.2682580,Skin as a mirror of endocrine diseases: emerging biomarkers and targeted therapi,,
nonOA(需VPN),10.1080/07388551.2026.2691230,From discovery to application: cytochrome P450 enzyme in filamentous fungi for b,,
nonOA(需VPN),10.1080/14737159.2026.2687507,KIM-1 and beyond: emerging biomarkers for adjuvant immunotherapy in clear cell r,,
nonOA(需VPN),10.1093/jxb/erag353,Zaxinone and its Mimics: New Frontier in Apocarotenoid-Mediated Growth Regulatio,,
nonOA(需VPN),10.1093/plphys/kiag542,CYCLING DOF FACTOR 2 (LdCDF2) functions as a positive regulator integrating GA s,,
nonOA(需VPN),10.1094/pdis-05-26-0883-re,Disease-stage-associated transcriptional responses underlying bacterial wilt res,,
nonOA(需VPN),10.1094/pdis-07-25-1370-re,Integrated transcriptome and metabolome analysis of resistant and susceptible to,,
nonOA(需VPN),10.1096/fj.202600280rr,<scp>SREBPs</scp> in Metabolic Reprogramming and Disease: Mechanisms and Therape,,
nonOA(需VPN),10.1096/fj.202601335r,<scp>H3</scp> . <scp>3K36me3</scp> Reader <scp>ZMYND11</scp> Localizes to Gene P,,
nonOA(需VPN),10.1097/bor.0000000000001172,Polyarticular juvenile idiopathic arthritis: insights from genetic studies on di,,
nonOA(需VPN),10.1111/iji.70060,Wildlife Trade and Genetic Basis of Disease Susceptibility: A Review,,
nonOA(需VPN),10.1111/jcpe.70155,<scp>METTL14</scp> ‐Mediated <scp>m6A</scp> Modification of <scp>NEAT1_2</scp> R,,
nonOA(需VPN),10.1111/mmi.70099,<scp>AP2XI</scp> ‐3 is Critical for the Cell Cycle of <i>Toxoplasma</i> to Progr,,
nonOA(需VPN),10.1111/pce.70812,MdSPL1‐MdNF‐YB4‐MdCKX7 Module Positively Regulates Saline‐Alkali Tolerance by Me,,
nonOA(需VPN),10.1158/2159-8290.cd-16-6-iti,Highlighted Research Articles,,
nonOA(需VPN),10.1158/2159-8290.cd-rw2026-058,Spatial Atlas Decodes Tumor Immune Hubs Across Cancer Types,,
nonOA(需VPN),10.1177/10445498261460199,"The Single-Cell Atlas Revolution: Integrating Lineage, Space, and Evolution to D",,
nonOA(需VPN),10.1177/10998004261473903,Differential microRNA Expression Reveals Sex-Specific Neuroinflammatory and Neur,,
nonOA(需VPN),10.1249/mss.0000000000004029,Triangulating Evidence from Observational and Mendelian Randomization Studies of,,
nonOA(需VPN),10.1504/ijaac.2027.10076098,Parametric optimisation of neural sliding controller for nonlinear coupling tank,,
nonOA(需VPN),10.1504/ijbpm.2027.10070054,Family incivility and its influence on job performance: mediating role of work s,,
nonOA(需VPN),10.1504/ijbpm.2028.10079397,"The role of organisational culture, occupational stress and job satisfaction in",,
nonOA(需VPN),10.1504/ijbpscm.2027.10079150,An Integrated Vendor Managed Inventory with Consignment Stock Model for Single-,,
nonOA(需VPN),10.1504/ijcis.2027.10069859,Integrating Machine Learning and Meta-Heuristic Algorithms for Single Machine Sc,,
nonOA(需VPN),10.1504/ijims.2027.10073261,Nutrient Deficiency Classification using D-ResNet50 for Rice Crop in Indoor Farm,,
nonOA(需VPN),10.1504/ijipt.2027.10078455,Edge-IoT Architecture for Real-Time Cross-Border Safety Monitoring Using Light-B,,
nonOA(需VPN),10.1504/ijmme.2027.10079954,Improving the Coal Flow Conditions of the Coal Conveying System in a Thermal Pow,,
nonOA(需VPN),10.1504/ijmmno.2028.10079127,A stage-structured population model for the critically endangered Isli trout (Sa,,
nonOA(需VPN),10.1504/ijmmno.2028.10080510,An investigation on a single server non-Markovian queueing system with multi-ser,,
nonOA(需VPN),10.1515/jpem-2025-0640,A novel PAPSS2 pathogenic variant: expanding the mutational spectrum and genotyp,,
nonOA(需VPN),10.15547/bjvm.2025-0051,Influence of nano bee propolis on methicillin resistant Staphylococcus aureus (M,,
nonOA(需VPN),10.15556/ijsim.02.01.002,Corporate Social Responsibility: A marketing tool and/or a factor for the promot,,
nonOA(需VPN),10.15556/ijsim.04.03.001,The Development of Loyalty with Online Services Customers,,
nonOA(需VPN),10.1556/030.2026.02874,Gut microbiome profiles as predictors of response to chemoradiotherapy in locall,,
nonOA(需VPN),10.17660/actahortic.2029.1462.19,Whole-plant,,
nonOA(需VPN),10.21608/ejmm.2026.466693.2175,Histopathological Changes in Mice liver Infected with Methicillin-Sensitive Stap,,
nonOA(需VPN),10.21608/ejmm.2026.470901.2216,The Effects of Fungal Melanin on Skin Cancer (Squamous Cell Carcinoma - SCC) Ind,,
nonOA(需VPN),10.21608/ejmm.2026.471034.2217,Epigenetic Dysregulation of DNMT3B and Independent-Caspase-1 Serum levels in SAR,,
nonOA(需VPN),10.21608/ejmm.2026.472135.2234,The Effect of Toxoplasma gondii Infection on Gamma-Aminobutyric Acid (GABA) Leve,,
nonOA(需VPN),10.21608/ejmm.2026.477250.2286,"The Impact of Intermittent Fasting during Ramadan on Immune Cell Profiles, Pro-i",,
nonOA(需VPN),10.21608/ejmm.2026.477574.2293,"Correlation Between T-Cell Subsets (CD4⁺/CD8⁺), IL-17 Levels, and Multidrug-Resi",,
nonOA(需VPN),10.21608/ejmm.2026.478614.2303,Association of Parvovirus B19 Serostatus with Elevated Serum Levels of Soluble K,,
nonOA(需VPN),10.21608/ejmm.2026.479778.2313,"Assessment of FOXP3, Helios and Glucocorticoid-Induced Tumor Necrosis Factor Rec",,
nonOA(需VPN),10.21608/ejmm.2026.481240.2332,Cytotoxic Activity of Purified Nisin from Local Lactococcus lactis against the O,,
nonOA(需VPN),10.21608/ejmm.2026.485454.2379,Association of HOTAIR single Nucleotide Polymorphisms (rs920778 and rs12826786),,
nonOA(需VPN),10.21608/ejmm.2026.487314.2400,Synergistic Potentiation of Standard Antibiotics by Cnicus Benedictus Leaves Ext,,
nonOA(需VPN),10.21608/ejmm.2026.493591.2462,"Diagnostic Utility of Serum Interleukin-6, Matrix Metalloproteinase-9, and Myelo",,
nonOA(需VPN),10.21608/ejmm.2026.494154.2470,Anticancer Activity of Melanin Extracted from Candida albicans against Selected,,
nonOA(需VPN),10.21608/ejmm.2026.494900.2478,Evaluation of the Correlation of Human Cytomegalovirus and Pro-inflammatory Cyto,,
nonOA(需VPN),10.21608/ejmm.2026.497670.2519,Association between Latent Epstein–Barr Virus Infection and Natural Killer Cell,,
nonOA(需VPN),10.21608/ejmm.2026.502871.2595,Optimization of Gallic acid Production from Locally Isolated Bacillus subtilis u,,
nonOA(需VPN),10.21608/ejmm.2026.505329.2621,Biosynthesis Selenium Nanoparticles Using Lentinula Edodes and Their Anticancer,,
nonOA(需VPN),10.22038/ijbms.2026.92524.19981,Beyond bioactivity: Chitosan macromolecular coatings on titanium surfaces drive,,
nonOA(需VPN),10.22108/liar.2026.148335.2570,From Poetry to Design: Interpreting Conceptual Metaphors in Persian Poetry in th,,
nonOA(需VPN),10.22376/ijpbs.2017.8.2.b964-972,In vitro and in vivo anticancer activity of aqueous extract of hydnocarpus penta,,
nonOA(需VPN),10.2337/db26-1084-or,1084-OR: PanKbase Integrated Pancreatic Islet Single-Cell Map: A Comprehensive R,,
nonOA(需VPN),10.2337/db26-1114-or,1114-OR: Nephropathy- and Retinopathy-Associated DNA Methylation Changes Are Tis,,
nonOA(需VPN),10.2337/db26-1241-or,1241-OR: A Cross-Species Systematic Atlas of cGAS-STING Signaling: Regulation of,,
nonOA(需VPN),10.2337/db26-1383-p,1383-P: Lipotoxic Kidney Injury by Fructose Is Mediated through High Risk XOR Va,,
nonOA(需VPN),10.2337/db26-1686-p,1686-P: Dual GLP-1R/GCGR Activation Reprograms Systemic and Hepatic Metabolism t,,
nonOA(需VPN),10.2337/db26-1795-p,1795-P: Bezisterim Treatment Is Associated with Changes in DNA Promoter Methylat,,
nonOA(需VPN),10.2337/db26-2412-p,2412-P: Inhibition of Histone Acetylation Protects against TNF-α–Mediated Metabo,,
nonOA(需VPN),10.2337/db26-2432-p,2432-P: Distinct Regulation of Insulin Action in Different Adipose Depots Contri,,
nonOA(需VPN),10.2337/db26-2489-p,2489-P: Hepatic NgBR Is Essential for KAT7-Dependent Adiponectin Receptor Regula,,
nonOA(需VPN),10.2337/db26-2685-p,2685-P: Acute Glucose Stimulation Drives Coordinated Translational Reprogramming,,
nonOA(需VPN),10.2337/db26-2951-lb,2951-LB: MiRNA Abundance in Mesenchymal Stem Cells Exposed to Diabetes In Utero,,
nonOA(需VPN),10.2337/db26-3002-lb,3002-LB: Multimodal AI System to Infer the Progression of Type 1 Diabetes,,
nonOA(需VPN),10.2337/db26-3039-lb,3039-LB: Beyond the Pancreas: The Human Stomach as a Source of Insulin,,
nonOA(需VPN),10.26077/3xak-yx06,Advancing Wavelet-Adaptive Interference Cancellation to Enable CubeSat Constella,,
nonOA(需VPN),10.26077/e53r-1441,Passive Thermal Imaging and Failure Detection of Large-Area Space Structures Usi,,
nonOA(需VPN),10.26434/chemrxiv.15004094/v1,Bioorthogonal tools for ethanolamine lipids and protein conjugates,,
nonOA(需VPN),10.31623/iksad.64,TÜRKİYE EKONOMİSİNDE CARİ AÇIK VE NEDENLERİ: ARDL ANALİZİ,,
nonOA(需VPN),10.31830/2348-7542.2026.roc-1296,"Optimising in vitro growth, chlorophyll content and secondary metabolite product",,
nonOA(需VPN),10.31830/2348-7542.2026.roc-1303,Effect of auxins and cytokinins biostimulant formulations on the growth of Citro,,
nonOA(需VPN),10.3389/fncel.2026.1844360,Mesenchymal stromal/stem cells for neurological disorders in humans: an evidence,,
nonOA(需VPN),10.34172/jnp.28735,Preeclampsia-associated nephropathy; current insights into renal histopathology,,
nonOA(需VPN),10.3760/cma.j.cn112148-20260409-00227,[Research progress on epigenetics of coronary artery calcification].,,
nonOA(需VPN),10.3917/spub.pr2.0055,Impact du stress professionnel sur la santé physique des travailleurs : une revu,,
nonOA(需VPN),10.4268/cjcmm20110223,Study of Rongban Tongmai granule on anti-oxidant stress in atherosclerosis,,
nonOA(需VPN),10.4268/cjcmm20110225,Cell continuous extraction-HPLC determination biological affinity of 8 bufadieno,,
nonOA(需VPN),10.54508/rsdu.2026.08,Regenerarea urbană şi patrimoniul istoric - situaţia României / Urban regenerati,,
nonOA(需VPN),10.54508/rsdu.2026.12,"Regenerarea urbană, soluţie pentru zonele aflate în declin / Urban regeneration,",,
nonOA(需VPN),10.56251/pdhy1805,The Australian National Audit Office and the Australian Capital Territory Audit,,
nonOA(需VPN),10.56251/qgsl3291,Pioneering Sustainable Technology Audit Practice in SAIs for Better Use of Techn,,
nonOA(需VPN),10.64898/2026.06.05.730381,Spatial atlas of the ovary identifies molecular events in primordial follicle ac,,
nonOA(需VPN),10.64898/2026.06.07.730773,A high-quality chromosome-scale reference genome assembly for Asparagus racemosu,,
nonOA(需VPN),10.64898/2026.06.12.731885,Dual profiling of DNA modifications with enhancer features during the exit of na,,
nonOA(需VPN),10.64898/2026.06.15.26355744,Exercise Training Improves Skeletal Muscle Insulin Sensitivity and Reprograms th,,
nonOA(需VPN),10.64898/2026.06.16.732172,Multicellular Spatial Programs Define the Histopathological Architecture of Meni,,
nonOA(需VPN),10.64898/2026.06.18.732629,Mitochondrial one-carbon enzyme MTHFD1L sustains stemness and metastatic progres,,
nonOA(需VPN),10.65822/j.pcl/2026.32,Immature Embryo Culture Based in-Vitro Selection To Enhance Heat Stress Toleranc,,
nonOA(需VPN),10.70278/aanaj/.0000001096,Beyond the Nociceptor--Addressing Social Determinants of Pain in Anesthesia Care,,
nonOA(需VPN),10.1016/j.molp.2026.03.016,Single-cell and haplotype-resolved transcriptomics reveal molecular signatures o,,
nonOA(需VPN),10.1111/nph.70160status:,created: 2026-05-28,,
nonOA(需VPN),10.1016/j.tplants.2026.03.003,Mapping plant cell-type-specific responses to environmental stresses.,,
nonOA(需VPN),10.1016/0012-1606(61)90009-4,Origin of the blastema in regenerating limbs of the newt Triturus viridescens,,
nonOA(需VPN),10.3791/1673-v,Fluorescence Activated Cell Sorting of Plant Protoplasts,,
nonOA(需VPN),10.3791/64876,A Simple Protocol for Mapping the Plant Root System Architecture Traits.,,
nonOA(需VPN),10.1007/978-1-4939-3142-2_13,Cell Proliferation Analysis Using EdU Labeling in Whole Plant and Histological S,,
nonOA(需VPN),10.1007/978-1-4939-3572-7_13,Optimizing RNA-Seq Mapping with STAR.,,
nonOA(需VPN),10.1007/978-1-4939-8657-6_9,Isolation of Arabidopsis Palisade and Spongy Mesophyll Cells.,,
nonOA(需VPN),10.1007/978-1-60327-563-7_16,Computer vision as a tool to study plant development.,,
nonOA(需VPN),10.1360/jos171731,Representation of Mathematical Knowledge in National Knowledge Infrastructure,,
nonOA(需VPN),10.1016/S0959-437X(00)00150-7,细胞周期依赖性翻译控制,,
nonOA(需VPN),10.1093/bib/bbad195,CIForm作为大规模单细胞RNA-seq数据的细胞类型标注的基于Transformer的模型,,
nonOA(需VPN),10.1242/dev.117.3.873,大鼠原肠胚形成期间异常快速的细胞周期表征。,,
nonOA(需VPN),10.1242/dev.119.1.57,<i>拟南芥</i>根系发育：根系形态发生显著改变的四种突变体,,
nonOA(需VPN),10.1242/dev.119.1.71,拟南芥根的细胞组织。,,
nonOA(需VPN),10.1242/dev.129.13.3207,联合芽MERISTEMLESS和WUSCHEL触发拟南芥异位器官发生。,,
nonOA(需VPN),10.1016/j.cell.2025.03.024,An Arabidopsis single-nucleus atlas decodes leaf senescence and nutrient allocat,,
nonOA(需VPN),10.1016/j.cub.2022.04.070,植物的生长防御权衡,,
nonOA(需VPN),10.3410/f.735384662.793561483,Faculty Opinions recommendation of Spatiotemporal Developmental Trajectories in,,
nonOA(需VPN),10.1016/j.devcel.2024.05.016,Spatiotemporal transcriptomic landscape of rice embryonic cells during seed germ,,
nonOA(需VPN),10.1016/j.indcrop.2023.117825,Single-nucleus RNA sequencing of Nicotiana tabacum seedlings reveals heterogenei,,
nonOA(需VPN),10.1016/j.molp.2024.01.010,Systematic identification of wheat spike developmental regulators by integrated,,
nonOA(需VPN),10.1016/j.plantsci.2022.111486,Review: Challenges and perspectives in applying single nuclei RNA-seq technology,,
nonOA(需VPN),10.1016/j.tig.2021.08.012,Intricacies of single-cell multi-omics data integration.,,
nonOA(需VPN),10.1038/nbt.1754,Integrative genomics viewer.,,
nonOA(需VPN),10.1038/nmeth.4150,Single-cell mRNA quantification and differential analysis with Census.,,
nonOA(需VPN),10.1111/nph.17469,Integration of genome wide association studies and co-expression networks reveal,,
nonOA(需VPN),10.1111/nph.18775,RRS1 shapes robust root system to enhance drought resistance in rice.,,
nonOA(需VPN),10.1111/pce.14290,"Jasmonic acid coordinates with light, glucose and auxin signalling in regulating",,
nonOA(需VPN),10.1111/pce.14606,Revisiting the role of MAPK signalling pathway in plants and its manipulation fo,,
nonOA(需VPN),10.1093/pcp/pcv110,Calpain-Mediated Positional Information Directs Cell Wall Orientation to Sustain,,
nonOA(需VPN),10.1093/pcp/pcx172,A Conceptual Framework for Cell Identity Transitions in Plants.,,
nonOA(需VPN),10.1016/s1369-5266(00)00100-x,Protein degradation in signaling,,
nonOA(需VPN),10.1038/s41477-022-01291-y,Single-cell RNA sequencing provides a high-resolution roadmap for understanding,,
nonOA(需VPN),10.1038/s41477-023-01524-8,Single-nucleus transcriptomes reveal spatiotemporal symbiotic perception and ear,,
nonOA(需VPN),10.1111/tpj.14209,Differential alternative polyadenylation contributes to the developmental diverg,,
nonOA(需VPN),10.3410/f.726368176.793518729,Faculty Opinions recommendation of Cistrome and epicistrome features shape the r,,
nonOA(需VPN),10.3410/f.729069926.793540548,Faculty Opinions recommendation of Cis and trans determinants of epigenetic sile,,
nonOA(需VPN),10.3410/f.726907401.793526573,Faculty Opinions recommendation of The heterodimeric transcription factor comple,,
nonOA(需VPN),10.3410/f.737616688.793575841,Faculty Opinions recommendation of Construction of a human cell landscape at sin,,
nonOA(需VPN),10.1016/j.tplants.2026.03.003内容：,created: 2026-05-28,,
nonOA(需VPN),10.1111/pce.70169,单细胞转录组解码被子植物木质部发育,,
nonOA(需VPN),10.1007/s00299-026-03845-2,A small heat shock protein from Arabidopsis thaliana regulates glyceraldehyde-3-,,
nonOA(需VPN),10.1007/s00425-026-05034-7,Transcription factors in phosphorus utilization: enhancing crop productivity and,,
nonOA(需VPN),10.1007/s00284-026-04974-3,Growth and Development of Avocado Rootstocks Fertilized with Phosphoric Rock and,,
nonOA(需VPN),10.1007/s00122-026-05283-w,Uncovering the genetic architecture of biomass yield and related traits in South,,
nonOA(需VPN),10.1007/s00122-026-05258-x,"Characterization of T5DL·5DS-2RS, a wheat-rye chromosomal translocation with enh",,
nonOA(需VPN),10.1007/s11103-026-01729-3,"Plant viruses as next-generation vectors for transgene-free genome editing, gene",,
nonOA(需VPN),10.1007/s11274-026-04871-8,Bacterial nanocellulose-based encapsulation of Trichoderma harzianum spores for,,
nonOA(需VPN),10.1007/s00223-026-01550-6,Effects of Collagen Cross-Linking Agents on Dentin-Composite Interface Strength,,
nonOA(需VPN),10.1007/s00425-026-05037-4,Spontaneous plastome mutations in variegated plants occur predominantly in genes,,
nonOA(需VPN),10.1007/s11033-026-12054-9,Development and characterization of NB-ARC gene-derived SSRs in wheat (Triticum,,
nonOA(需VPN),10.1007/s11274-026-05061-2,The biostimulant role of microbial exopolysaccharides: mechanisms and agricultur,,
nonOA(需VPN),10.1007/s12602-026-11081-z,Genomic and Functional Characterization of Bacillus amyloliquefaciens H6: A Pote,,
nonOA(需VPN),10.1007/978-3-032-16128-4_9,Two-Stage Decoupling Framework for Variable-Length Glaucoma Prognosis,,
nonOA(需VPN),10.1007/s00299-026-03868-9,HDA6 represses the histone acetylation modification and expression of WRKY18/40,,
nonOA(需VPN),10.1007/s00421-026-06273-y,Cuminaldehyde alleviates rat diabetic tendinopathy and improves gait behavior vi,,
nonOA(需VPN),10.1007/s10532-026-10314-w,Melatonin-mediated regulation of fruit quality and physicochemical attributes: c,,
nonOA(需VPN),10.1007/s11103-026-01728-4,Genome-wide association studies reveal a functional SNP and candidate genes asso,,
nonOA(需VPN),10.1007/s11130-026-01524-x,Incorporation of Microencapsulated Bioactive Peptides from Brewer's Spent Grain,,
nonOA(需VPN),10.1007/s11427-025-3282-7,Nitrogen fertilization increases soil organic carbon through distinct pathways i,,
nonOA(需VPN),10.1007/s10787-026-02278-3,Bioactive compounds for neuroinflammation and neuropathic pain management: molec,,
nonOA(需VPN),10.1007/s11103-026-01724-8,CeO2 Nanozymes as redox regulators: Reprogramming of reactive oxygen species (RO,,
nonOA(需VPN),10.1007/s00299-026-03854-1,Pathogen-triggered m⁶A epitranscriptomic reprogramming is linked to host defense,,
nonOA(需VPN),10.1007/s00284-026-04995-y,Seed Priming with Alginate-Whey Protein Concentrate Encapsulated Bacillus veleze,,
nonOA(需VPN),10.1038/s41586-026-10575-8,Teosinte alleles enhance nitrogen assimilation and seed protein in maize,,
nonOA(需VPN),10.1007/s11030-026-11613-3,"Synthesis and fungicidal activity of novel 1,1-diaryl-2-azolylethanols with a py",,
nonOA(需VPN),10.1007/s00425-026-05041-8,Limited functional compensation among subunits of the carbonic anhydrase module,,
nonOA(需VPN),10.1007/s10142-026-01907-y,Role of GhMyoVIII2 in regulating the fruit branch angle revealed by integrated b,,
nonOA(需VPN),10.1007/s11033-026-11979-5,Comparative transcriptome analysis reveals terminal drought-responsive genes in,,
nonOA(需VPN),10.1038/s41587-026-03174-5,"Multiplexed, precise genome engineering in monocots with twin prime editing syst",,
nonOA(需VPN),10.1007/s00299-026-03819-4,Identification of the NBS-LRR gene family and AkNBS-LRR43 and 100 functional ana,,
nonOA(需VPN),10.1007/s40615-026-03030-x,Racial Disparities in Tobacco Smoking-Related Risks for Lung Cancer: A Systemati,,
nonOA(需VPN),10.1007/s10029-026-03708-5,Environmental footprint of open versus laparoscopic inguinal hernia repair,,
nonOA(需VPN),10.1007/s00259-026-07964-6,PHYTO-PET - Imaging plant physiology on a long-axial field-of-view PET scanner,,
nonOA(需VPN),10.1007/s10886-026-01727-1,Effects of Light on Faecal Case-bearing Larvae of the Leaf Beetle Chlamisus lati,,
nonOA(需VPN),10.1007/s11427-025-3301-y,Apicidin is a key virulence determinant of Fusarium asiaticum in wheat-rice crop,,
nonOA(需VPN),10.1007/s00122-026-05275-w,High‑density mapping of stripe rust resistance gene YrH8 in wheat line Hangmai 8,,
nonOA(需VPN),10.1007/s40615-026-03028-5,COVID-19 Racial Discrimination and Substance Use among Asian Americans by Gender,,
nonOA(需VPN),10.1038/s41477-026-02315-7,Efficient prime editors for heritable multiplex precision genome editing in soyb,,
nonOA(需VPN),10.1007/s00284-026-04990-3,Pharmacologically Important Metabolites from Viola spp and Role of Associated En,,
nonOA(需VPN),10.1007/s11033-026-12118-w,Antibacterial activity of selected plant essential oils against carbapenemase-pr,,
nonOA(需VPN),10.1007/s12185-026-04238-7,Prognostic impact of WT1 dynamics in peripheral blood before and after allogenei,,
nonOA(需VPN),10.1007/s00284-026-04943-w,"Morpho-Molecular Characterization and Technique for Induction of Growth, Sporula",,
nonOA(需VPN),10.1007/s00284-026-05010-0,Harnessing the Potential of Nodule Endophytic Bacteria to Improve Soybean Growth,,
nonOA(需VPN),10.1007/s00894-026-06803-7,Multi-scale synergistic mechanism of ESO-MDI-modified asphalt investigated by mo,,
nonOA(需VPN),10.1007/s11103-026-01734-6,Integrative approach to identify robust pattern recognition receptors in Eucalyp,,
nonOA(需VPN),10.1007/s10899-026-10517-z,Prevalence and Associated Factors of Gambling Among High School Students in a Po,,
nonOA(需VPN),10.1007/s00299-026-03878-7,Advances in the roles of SCOOP peptides and the receptor-like kinase MIK2 in pla,,
nonOA(需VPN),10.1007/s11274-026-05048-z,Development of a multi-strain bacterial consortium: Enhancing cow manure compost,,
nonOA(需VPN),10.1007/s00425-026-05013-y,Genome-wide identification of the MYB transcription factor family of blackcurran,,
nonOA(需VPN),10.1007/s00425-026-05046-3,3D measurement of cell thickness and its dynamics in plants,,
nonOA(需VPN),10.1007/s00122-026-05265-y,Transcriptomics-assisted quantitative trait locus fine mapping for the identific,,
nonOA(需VPN),10.1007/s10532-026-10324-8,Endophytic and rhizospheric bacterial consortia from Peganum harmala alleviate l,,
nonOA(需VPN),10.1038/s41564-026-02373-9,Bacteria-phage coevolution drives variation in bacterial wilt disease incidence,,
nonOA(需VPN),10.1093/jas/skag188,Ruminal archaea and bacteria metatranscriptomic responses to supplementation in,,
nonOA(需VPN),10.1007/s00299-026-03884-9,Isolation and functional characterization of two SOC1-like genes in floral organ,,
nonOA(需VPN),10.1007/s00299-026-03863-0,The SlCBL-SlCML24 module mediates silicon-enhanced resistance to bacterial wilt,,
nonOA(需VPN),10.1007/s10822-026-00857-8,In silico structural and disorder prediction of the tomato yellow leaf curl viru,,
nonOA(需VPN),10.1007/s00705-026-06679-1,Characterization of a divergent isolate of rice stripe virus from volunteer duru,,
nonOA(需VPN),10.1007/s11427-026-3403-5,Structural and dynamic insights into SPDT for phosphorus allocation in rice,,
nonOA(需VPN),10.1007/s13258-026-01783-7,Chloroplast genome characterization of Adenophora taquetii and comparative analy,,
nonOA(需VPN),10.1007/s10265-026-01731-2,Overexpression of the tomato SlLEA_2-26 gene enhances the tolerance todrought an,,
nonOA(需VPN),10.1007/s10787-026-02291-6,Epigallocatechin-3-gallate (EGCG) as a molecular chaperone and network rebalance,,
nonOA(需VPN),10.1007/s11030-026-11622-2,Rational design of low-risk and high-efficiency β-triketone herbicide alternativ,,
nonOA(需VPN),10.1146/annurev-phyto-011325-102141,New Insights into Genomic Variations and Mutational Events Associated with Plant,,
nonOA(需VPN),10.1002/arch.70179,Energy Metabolism-Mediated Heat Acclimation Enhances Reproductive and Migratory,,
nonOA(需VPN),10.1016/j.plantsci.2026.113277,Genome-wide identification and expression profiling analysis of receptor-like cy,,
nonOA(需VPN),10.1007/s10142-026-01915-y,Genome-wide analysis of the SWEET gene family in quinoa and functional study of,,
nonOA(需VPN),10.1007/s10142-026-01924-x,Genome-wide identification and expression analysis of IDD gene family in Gossypi,,
nonOA(需VPN),10.1093/plphys/kiag371,Effector Fg34 Triggers TaHRC-R-Mediated Calcium Signaling to Bolster Fusarium He,,
nonOA(需VPN),10.1007/s00449-026-03363-1,Switching of biodetoxification stage to microbial lipid fermentation stage by ad,,
nonOA(需VPN),10.1007/s00425-026-05025-8,A chromosome-scale genome assembly of watermelon (Citrullus lanatus cv. 'Mimei'),,
nonOA(需VPN),10.1007/s00438-026-02463-7,Unveiling the role of heat shock protein 83 (HSP83) in Gossypium hirsutum in enh,,
nonOA(需VPN),10.1007/s00284-026-05006-w,Biocontrol Potential of Alcaligenes faecalis ZD02 Against the root-knot nematode,,
nonOA(需VPN),10.1007/s11418-026-02057-y,Optimizing nitrogen fertilization for shaded cultivation of the medicinal plant,,
nonOA(需VPN),10.1007/s00210-026-05559-4,"Decoding polycystic ovary syndrome: an integrated review of epidemiology, molecu",,
nonOA(需VPN),10.1007/s00122-026-05299-2,Molecular mapping of a novel non-canonical gibberellin-sensitive dwarfing gene R,,
nonOA(需VPN),10.1038/s41586-026-10682-6,CHPO coordinates chilling recovery and nitrogen use in rice,,
nonOA(需VPN),10.1093/tas/txag076,Effect of ruminally protected lysine on growth and nitrogen balance of grain-fin,,
nonOA(需VPN),10.1007/s00425-026-05053-4,Phytohormones as key regulators of plant resilience under salinity and extreme t,,
nonOA(需VPN),10.1007/s12560-026-09702-5,First Wastewater-Based Surveillance of Tomato Brown Rugose Fruit Virus (ToBRFV),,
nonOA(需VPN),10.1007/s12011-026-05178-3,"Occurrence and Thermal-Activation-Induced Variations of Metal Elements (Ca, Fe,",,
nonOA(需VPN),10.1073/pnas.2527304123,Allopatric coevolution: Migratory predators may facilitate mimicry between geogr,,
nonOA(需VPN),10.1007/s00299-026-03886-7,"The dynamic landscape of plant DNA demethylation: mechanisms, functions, and env",,
nonOA(需VPN),10.1007/s00299-026-03881-y,AtGLYI3 and AtGLYI6 play the major role in nickel stress tolerance in Arabidopsi,,
nonOA(需VPN),10.1007/s11248-026-00502-y,Mammalian growth factors enhance regeneration in transgenic tomato lines,,
nonOA(需VPN),10.1007/s12010-026-05785-9,Feruloylated Arabinoxylan From Maize Bran Induces Cell Death in HCT 116 Colon Ca,,
nonOA(需VPN),10.1111/ppl.70970,Leaf Habit Drives Divergent Leaf Hydraulic Strategies in Gardening Trees From a,,
nonOA(需VPN),10.1007/s00122-026-05296-5,Distinct evolutionary trajectories of gene duplication modes in 40 diploid cotto,,
nonOA(需VPN),10.1111/tpj.70984,GIGANTEA antagonizes SWI/SNF protein BAF60 to regulate flowering in Chrysanthemu,,
nonOA(需VPN),10.1007/s00299-026-03844-3,Overexpression of PagAPX8 promotes poplar growth and enhances tolerance to droug,,
nonOA(需VPN),10.1007/s00425-026-05054-3,Arbuscular mycorrhizal fungi cause divergence in carbon investment strategies an,,
nonOA(需VPN),10.1007/s00425-026-05036-5,Integrative networks regulating tomato fruit locule number through shoot apical,,
nonOA(需VPN),10.1007/s00299-026-03876-9,Transporter promiscuity and redox-driven metal partitioning in plant responses t,,
nonOA(需VPN),10.1007/s00299-026-03885-8,Endogenous constitutive promoters with a broad range of transcriptional activiti,,
nonOA(需VPN),10.1007/s00425-026-05057-0,Genome-wide characterization and cold-responsive expression profile of Rab GTPas,,
nonOA(需VPN),10.1007/s00425-026-05068-x,Identification of CAMTA transcription factors and functional analysis of OsCAMTA,,
nonOA(需VPN),10.1007/s11248-026-00504-w,Ectopic expression of a Penicillium oxalicum cyclophilin gene in Arabidopsis tha,,
nonOA(需VPN),10.1093/plcell/koag212,The RNA-binding dynamics of the exon-junction complex underlying splicing-couple,,
nonOA(需VPN),10.1139/cjm-2026-0018,"Crop domestication, selective breeding, and the seed microbiome: a call for furt",,
nonOA(需VPN),10.1016/j.jbiomech.2026.113438,Torque provides a more comprehensive assessment of reverse total shoulder arthro,,
nonOA(需VPN),10.1016/j.ijbiomac.2026.153390,Characterization of the blueberry AUXIN RESISTANT 1/LIKE-AUX1 gene family and re,,
nonOA(需VPN),10.1016/j.plantsci.2026.113317,Salicylic acid signaling integrates immunity and metabolic regulation to govern,,
nonOA(需VPN),10.1016/j.plantsci.2026.113315,"The precursor of ethylene, 1-aminocyclopropane-1-carboxylic acid, induces resist",,
nonOA(需VPN),10.1101/pdb.prot108733,Sample Preparation for Quantitative Proteome and Phosphoproteome Profiling of Ma,,
nonOA(需VPN),10.3322/caac.70090,Global cancer statistics 2024: GLOBOCAN estimates of incidence and mortality wor,,
nonOA(需VPN),10.1007/s10886-026-01739-x,Variable Secondary Metabolites for Defense Against Chilo Partellus (Swinhoe) and,,
nonOA(需VPN),10.1007/s10529-026-03759-9,Welan gum promotes camptothecin production in Camptotheca acuminata by activatin,,
nonOA(需VPN),10.1007/s12011-026-05206-2,Effects of Different Dietary Inclusion Levels of Soybean Meal Supplemented with,,
nonOA(需VPN),10.1007/s11033-026-12319-3,Dimethyl itaconate preserves cardiac function and reduces remodeling via anti-fi,,
nonOA(需VPN),10.1007/s00122-026-05306-6,"Genetic diversity, GWAS, and candidate genes identification for plant architectu",,
nonOA(需VPN),10.1007/s00122-026-05304-8,Comparative cytogenomic characterization of 18 wheat core collection cultivars f,,
nonOA(需VPN),10.1007/s00122-026-05301-x,The mutation of pseudouridine synthase gene BrTRUD1 resulted in glossy leaf in C,,
nonOA(需VPN),10.1002/jsfa.70858,The alleviation of oxidative damage in celiac disease by black soybean peptides,,
nonOA(需VPN),10.1002/jsfa.70882,Brassinolide-mediated physiological and biochemical adaptation in rye (Secale ce,,
nonOA(需VPN),10.1080/15504263.2026.2686086,Medical Symptoms and Psychiatric Comorbidities in People with Methamphetamine Us,,
nonOA(需VPN),10.1093/ntr/ntag158,Thinking outside the box to reduce health inequities in prenatal nicotine and to,,
nonOA(需VPN),10.1007/s00284-026-05046-2,Plant Fungal Endophytes as Sustainable Components of Insect Pest Management,,
nonOA(需VPN),10.1007/s11130-026-01539-4,"Preserving Tradition, Preventing Cancer: A Narrative Review of the Traditional M",,
nonOA(需VPN),10.1007/s00431-026-07225-6,Prediction of future onset of allergic rhinitis and analysis of risk factors in,,
nonOA(需VPN),10.1038/s43016-026-01378-1,Integrated policies could raise China's soybean self-sufficiency and ease global,,
nonOA(需VPN),10.1007/s10534-026-00848-0,Recent advances in therapeutic agents for uranium poisoning: a comprehensive rev,,
nonOA(需VPN),10.1007/s00122-026-05289-4,Natural genetic variations underlying iron and zinc uptake efficiency in rice un,,
nonOA(需VPN),10.1007/s00425-026-05082-z,Transcription factor MYB102 regulates plant growth and tolerance to multiple abi,,
nonOA(需VPN),10.1007/s00425-026-05091-y,An IDA peptide from Boea hygrometrica enhances desiccation tolerance but lacks a,,
nonOA(需VPN),10.1007/s00122-026-05295-6,Soybean MYB transcription factors GmMYB73 and GmMYB85 regulate lipid biosynthesi,,
nonOA(需VPN),10.1007/s10695-026-01731-y,Effects of stocking density on the pharmacokinetics of enrofloxacin and its meta,,
nonOA(需VPN),10.1007/s00203-026-05052-9,Genomic insights into the TAL effector diversity and SWEET gene targeting in Ind,,
nonOA(需VPN),10.1007/s00122-026-05310-w,Mapping and marker development of the rye-derived Hessian fly resistance gene H2,,
nonOA(需VPN),10.1007/s11274-026-05128-0,From gene to enzyme: Microbial engineering of bovine chymosin for efficient chee,,
nonOA(需VPN),10.1007/s10439-026-04263-x,Growing Relevance of Decellularized Plant Material as Functional Scaffolds in Ti,,
nonOA(需VPN),10.1007/978-1-0716-5245-9_15,Indica Rice Anther and Shed Microspore Culture,,
nonOA(需VPN),10.1021/acs.analchem.6c02353,Implantable Hydrogel Electrochemical Sensor for Early Warning and Fingerprinting,,
nonOA(需VPN),10.1093/inteam/vjag117,Nanotechnology and Plant-Microbe Interactions: Enhancing Symbiotic Relationships,,
nonOA(需VPN),10.1080/15226514.2026.2703744,Exogenous nitrogen alleviates cadmium stress in poplar via restructuring rhizosp,,
nonOA(需VPN),10.1007/s00438-026-02482-4,"Genomic and functional characterization of Rhizobium metallidurans NS41, a heavy",,
nonOA(需VPN),10.1039/d6ob00644b,Securinega alkaloids from the twigs of Flueggea suffruticosa as novel modulators,,
nonOA(需VPN),10.1007/s00425-026-05099-4,Synergistic effects of rhizobacteria and silicon nanoparticles in alleviating dr,,
nonOA(需VPN),10.1007/s11103-026-01740-8,Non-coding RNAs as central regulators of phytohormone signaling in plant abiotic,,
nonOA(需VPN),10.1007/s00122-026-05318-2,QTL mapping for berry firmness and functional characterization of a prioritized,,
nonOA(需VPN),10.1007/s11033-026-12386-6,Transcriptomic analysis of oriental tea tortrix infected with male-killing virus,,
nonOA(需VPN),10.1007/s11103-026-01738-2,Genomics assisted breeding for mildew resistance in cucumber: from gene discover,,
nonOA(需VPN),10.1007/s11103-026-01732-8,Functional characterization of the MdMYB73L gene in drought and salt stress tole,,
nonOA(需VPN),10.1007/s00284-026-05073-z,Root Colonisation and Induction of Plant Defence-associated Signalling Pathways,,
nonOA(需VPN),10.1007/s00705-026-06684-4,Molecular and biological characterisation of Magnaporthe oryzae botourmiavirus 1,,
nonOA(需VPN),10.1038/s41588-026-02685-w,Intrinsically disordered regions restrain genomic targeting of RNA and histone d,,
nonOA(需VPN),10.1007/s00203-026-05065-4,Morphological and molecular characterization of Cordyceps javanica (Frieder. & B,,
nonOA(需VPN),10.1007/s00299-026-03902-w,The mitogen-activated protein kinase GhMPK3 participates in ethylene signaling r,,
nonOA(需VPN),10.1007/s00299-026-03917-3,Phosphorylation networks as regulatory hubs in plant stress signaling: kinase dy,,
nonOA(需VPN),10.1007/s12010-026-05841-4,"Decoding Antimicrobial Activities of Peppermint (Mentha Piperita), Tea Tree (Mel",,
nonOA(需VPN),10.1007/s10787-026-02340-0,Anti-inflammatory evaluation of HPLC-GC quantified phytochemicals from Acalypha,,
nonOA(需VPN),10.1007/s10822-026-00901-7,Immunomodulatory activity of Inula viscosa (L.) compounds identified via LC-ESI-,,
nonOA(需VPN),10.1007/s11033-026-12355-z,Reverse genetics platform for tomato mottle mosaic virus: infectious clone const,,
nonOA(需VPN),10.1007/s11103-026-01750-6,ZmSK1 encodes a sucrose synthase essential for starch synthesis and endosperm de,,
nonOA(需VPN),10.1007/s00425-026-05089-6,Integrated miRNA-mRNA-degradome analysis unveils the key regulatory mechanism of,,
nonOA(需VPN),10.1111/plb.70270,Inheritance of somatic mutations and epigenetic variations in plants,,
nonOA(需VPN),10.1016/j.jplph.2026.154851,Flavonoid remodeling and functional characterization of CrHPPD during salt stres,,
nonOA(需VPN),10.1016/j.plaphy.2026.111579,The CCCH-type zinc finger protein SZF12 negatively regulates salt stress toleran,,
nonOA(需VPN),10.1073/pnas.2625944123,Profile of C. Robin Buell,,
nonOA(需VPN),10.1111/ppl.71079,Contrasting Hydraulic-Photosynthetic Strategies Sustain Antarctic Vascular Plant,,
nonOA(需VPN),10.1111/1750-3841.71363,Methods for Maintaining and Using Lactic Acid Bacteria Starter Cultures for Comm,,
nonOA(需VPN),10.1111/ppl.71074,Regulatory Mechanisms of Benzylisoquinoline Alkaloid Biosynthesis in Coptis chin,,
nonOA(需VPN),10.1093/aob/mcag267,"The meeting of stomata, trichomes and xylem: Are leaf and wood anatomy coordinat",,
nonOA(需VPN),10.1002/arch.70198,RNAi Targeting MhieJHEH Disrupts Hormonal Homeostasis and Induces Systemic Metab,,
