doi,title,source,file
10.1007/978-1-4020-6754-9_3761,10.1007/978-1-4020-6754-9_3761,selenium_batch,10-1007-978-1-4020-6754-9-3761.md
10.1038/s41477-025-02204-5,Spatial transcriptomics decodes the cellular landscape of plant-pathogen interac,,b3-Gz0p6FMAVxjOjgCBDZI1Pw.md
10.1093/plcell/koag035,Single-cell and tissue transcriptomes unveil factors regulating vein initiation,,b3-OMNR04TzRVVJ6LhX-aZBdA.md
10.1093/plcell/koag095,Spongy mesophyll cell death is induced by jasmonic acid during leaf senescence i,,b3-_Nbsf2Btoy13ViQICnAbiw.md
10.1111/pce.70169核心总览,created: 2026-05-28,,b4-A4eRtTpTuVLrP6mvHWMndA.md
10.1002/advs.202416794）一、研究背景,created: 2026-05-28,,b5-I9J_3tEggQGIGk7z9SmwOw.md
10.1093/plcell/koag003,The Arabidopsis PRC2 subunit MSI1 interacts with HY5 to repress hypocotyl elonga,,b6-_4lVabIoRyC91sLMxSI_ig.md
10.1016/j.jgg.2026.03.024,An integrative gene regulatory network identifies transcriptional hubs governing,,b6-w-bO19EiGBKPR_ELsaEeRQ.md
10.1111/nph.71235,The MYC2-MYB113 module governs JA signaling to regulate anthocyanin accumulation,,b6-wQ3FrPqm0Jv4M8pYV6K4cA.md
10.1101/2025.12.09.693185,蓝光受体CRY1调控从头茎再生,,biorxiv-2025-12-09-693185.md
10.1111/jipb.70272,"Single-cell insights into plant growth, adaptation, and evolution.",,capsicum-metabolite-spatial-patterning.md
10.1016/j.devcel.2022.01.008,A single-cell Arabidopsis root atlas reveals developmental trajectories in wild-,,cr-j-devcel-2022-01-008.md
10.1016/j.molp.2020.06.010,Global Dynamic Molecular Profiling of Stomatal Lineage Cell Development by Singl,,cr-j-molp-2020-06-010.md
10.1038/s41477-023-01387-z,Integrated single-nucleus and spatial transcriptomics captures transitional stat,,cr-s41477-023-01387-z.md
10.1038/s41587-023-01767-y,"Dictionary learning for integrative, multimodal and scalable single-cell analysi",,cr-s41587-023-01767-y.md
10.1016/j.plaphy.2026.111365,Nano-biochar regulates soil enzymatic activities and nitric oxide signaling to i,,daily-42127714.md
10.1111/tpj.70926,PfCYP94C179 endows resistance to fenoxaprop-P-ethyl in Polypogon fugax: insights,,daily-42133864.md
10.1016/j.plantsci.2026.113237,Age-Dependent Modulation of Antioxidant Defense and Secondary Metabolite Accumul,,daily-42178064.md
10.1111/1744-7917.70298,Biodegradation of polyvinyl chloride (PVC) microplastics in superworms (Zophobas,,daily-42186851.md
10.1016/j.jplph.2026.154801,CsMYB6 promotes crocins biosynthesis in response to JA signaling in Crocus sativ,,daily-42202640.md
10.1016/j.plaphy.2026.111422,"Rice cold tolerance: Physiological responses, molecular regulatory networks, and",,daily-42202733.md
10.1016/j.plantsci.2026.113239,Transcriptomic and physiological analyses reveal the mechanism of acetylene-indu,,daily-42202962.md
10.1093/plcell/koag149,CDC48A and the UBA-domain protein PUX10 regulate the ubiquitin-dependent degrada,,daily-42203491.md
10.1111/pce.70640,Endophyte Bacillus sp. RE35 Enhances Cd Trap in Rice Roots Via Root Cell Wall Re,,daily-42204378.md
10.1111/pce.70638,A Plasmodiophora Brassicae Effector PbCBM1 Promotes Clubroot Susceptibility by C,,daily-42204415.md
10.1016/j.xplc.2026.101938,GhOFP1-GhTALE-GhXTHB transcriptional cascade regulates cotton stem vascular camb,,daily-42204818.md
10.1093/plphys/kiag191,Drought-responsive TaMIP1 controls root density to confer the tradeoff between g,,daily-42206621.md
10.1111/pbi.70690,Staurosporine Targets Mitochondrial Regulator VdAtuA3 to Disrupt Mitochondrial H,,daily-42206753.md
10.1002/1878-0261.70310,Spatial biology in cancer epigenetics,openalex,ms-10-1002_1878-0261-70310.md
10.1002/advs.202523088,Harnessing MDM2‐Mediated Targeted Degradation of Transcriptional and Epigenetic,openalex,ms-10-1002_advs-202523088.md
10.1002/advs.76152,A Single‐Cell Transcriptomic Atlas of the Ovine Rumen Microbiome Characterizes L,openalex,ms-10-1002_advs-76152.md
10.1002/advs.76165,Targeting the HSPA8‐CMA‐ATP6V1A Axis Triggers Lysosomal Hyperacidification and C,openalex,ms-10-1002_advs-76165.md
10.1002/advs.76615,An Artificially Selected Cytokinin‐Pathway Transcription Factor Balances Soybean,openalex,ms-10-1002_advs-76615.md
10.1002/ange.7072895,Distinct Oxidoreductases Orchestrate Indolethiophene Skeleton Formation and <i>N,openalex,ms-10-1002_ange-7072895.md
10.1002/anie.8155133,Intracellular Proton Enrichment Drives Unified Dual‐Cofactor Regeneration for Bi,openalex,ms-10-1002_anie-8155133.md
10.1002/art.70294,Single‐cell Profiling of Lymphoid and Myeloid Compartments Reveals Coordinated I,openalex,ms-10-1002_art-70294.md
10.1002/mco2.70884,Pathogenesis of Tuberculosis: Interplay Between Host Antituberculosis Immunity a,openalex,ms-10-1002_mco2-70884.md
10.1002/ps.71019,<scp> <i>De novo</i> </scp> transcriptome meta‐analysis reveals candidate genes,openalex,ms-10-1002_ps-71019.md
10.1002/rcm.70121,Integrating Aptasensor With Mass‐Tag Signal Amplification Strategy for the Detec,openalex,ms-10-1002_rcm-70121.md
10.1007/jhep06(2026)063,ψ(2S) production in jets using NRQCD,openalex,ms-10-1007_jhep06(2026)063.md
10.1007/s00203-026-04976-6,Improvement of cannabichromenic acid synthase activity and construction of recom,openalex,ms-10-1007_s00203-026-04976-6.md
10.1007/s00203-026-05001-6,Transcriptome and metabolome analyses reveal insights into the response of Morch,openalex,ms-10-1007_s00203-026-05001-6.md
10.1007/s00203-026-05022-1,Bioactivity assessment of selenium nanoparticles biosynthesized by Akkermansia m,openalex,ms-10-1007_s00203-026-05022-1.md
10.1007/s00203-026-05090-3,Hidden conversations beneath the soil: microRNA and hormone control of root symb,openalex,ms-10-1007_s00203-026-05090-3.md
10.1007/s00203-026-05121-z,Pairwise inoculation of plant growth-promoting rhizobacteria unveils predominant,openalex,ms-10-1007_s00203-026-05121-z.md
10.1007/s00203-026-05127-7,Genome mining of Trp-anthranilic acid cyclic dipeptides in Aspergillus driven by,openalex,ms-10-1007_s00203-026-05127-7.md
10.1007/s00210-026-05364-z,"Kaempferol: advances in biosynthesis, molecular mechanisms, and therapeutic appl",openalex,ms-10-1007_s00210-026-05364-z.md
10.1007/s00210-026-05591-4,Integrated network toxicology and experimental validation to investigate potenti,openalex,ms-10-1007_s00210-026-05591-4.md
10.1007/s00259-026-07993-1,Antitumor efficacy and safety of locoregional [177Lu]Lu-RM26 radionuclide therap,openalex,ms-10-1007_s00259-026-07993-1.md
10.1007/s00262-026-04478-w,Mechanistic insights on mogrosides as bifunctional regulators of metabolic repro,openalex,ms-10-1007_s00262-026-04478-w.md
10.1007/s00299-026-03873-y,Plastid acyl carrier proteins play redundant roles in seed oil accumulation with,openalex,ms-10-1007_s00299-026-03873-y.md
10.1007/s00299-026-03875-w,The AT-HOOK MOTIF CONTAINING NUCLEAR LOCALIZED gene promotes somatic embryogenes,openalex,ms-10-1007_s00299-026-03875-w.md
10.1007/s00299-026-03916-4,SlERF26 contributes to melatonin-associated regulation of ethylene biosynthesis,openalex,ms-10-1007_s00299-026-03916-4.md
10.1007/s00344-026-12263-3,Targeted Profiling of Signaling Molecules in Papaver rhoeas L. Reveals that Onse,openalex,ms-10-1007_s00344-026-12263-3.md
10.1007/s00344-026-12274-0,Melatonin’s Role in Horticultural Crops Under Abiotic Stress: A Breakthrough and,openalex,ms-10-1007_s00344-026-12274-0.md
10.1007/s00344-026-12278-w,MdPIF4 Represses Anthocyanin Biosynthesis in Apple Callus Under High Temperature,openalex,ms-10-1007_s00344-026-12278-w.md
10.1007/s00344-026-12291-z,"Genome-Wide Identification, Characterization, and Expression Profiling of GA20-O",openalex,ms-10-1007_s00344-026-12291-z.md
10.1007/s00344-026-12300-1,Transcriptome Analysis Candidate Genes Associated with Hormone Biosynthesis and,openalex,ms-10-1007_s00344-026-12300-1.md
10.1007/s00344-026-12314-9,Plant Signal Cross-Talk during Abiotic Stress,openalex,ms-10-1007_s00344-026-12314-9.md
10.1007/s00344-026-12340-7,Metagenomic Insights into the Fruit Microbiome and Quality Attributes of Cherry,openalex,ms-10-1007_s00344-026-12340-7.md
10.1007/s00425-026-05058-z,Investigation of cytokinin production capacity and plant growth-promoting functi,openalex,ms-10-1007_s00425-026-05058-z.md
10.1007/s00425-026-05095-8,Auxin signaling networks and hormonal cross-talk in plant responses to biotic st,openalex,ms-10-1007_s00425-026-05095-8.md
10.1007/s00432-026-06535-4,The transcription factor ZNF217 drives hepatocellular carcinoma progression by a,openalex,ms-10-1007_s00432-026-06535-4.md
10.1007/s00468-026-02776-5,Early development of stem units and the modular organization of the branch in No,openalex,ms-10-1007_s00468-026-02776-5.md
10.1007/s00468-026-02790-7,The effect of exogenous sucrose on the anatomical structure of secondary tissues,openalex,ms-10-1007_s00468-026-02790-7.md
10.1007/s10238-026-02181-9,PYCR1 promotes glutamine metabolism and the progression of lung adenocarcinoma b,openalex,ms-10-1007_s10238-026-02181-9.md
10.1007/s10238-026-02211-6,Identifying PLAU as a shared pathogenic gene in type 2 diabetes and bladder urot,openalex,ms-10-1007_s10238-026-02211-6.md
10.1007/s10265-026-01748-7,PUCHI delimits the spatial domain of nodule organogenesis associated with auxin,openalex,ms-10-1007_s10265-026-01748-7.md
10.1007/s10522-026-10458-5,Maternal sleep deprivation and developmental programming of brain aging trajecto,openalex,ms-10-1007_s10522-026-10458-5.md
10.1007/s10681-026-03774-x,Molecular mechanisms and gene regulation of hormone-induced parthenocarpy in veg,openalex,ms-10-1007_s10681-026-03774-x.md
10.1007/s10725-026-01472-1,The ‘stemness’ trait in recalcitrant seeds of Garcinia xanthochymus is modulated,openalex,ms-10-1007_s10725-026-01472-1.md
10.1007/s10904-026-04239-3,Biosynthesis of a Polyhydroxybutyrate/Ziziphus spina-christi–ZnONPs for Smart Wo,openalex,ms-10-1007_s10904-026-04239-3.md
10.1007/s11010-026-05601-2,COLEC12 promotes pancreatic cancer progression via the activation of the TGF-β s,openalex,ms-10-1007_s11010-026-05601-2.md
10.1007/s11030-026-11609-z,"Design, synthesis, antibacterial activity evaluation, and mechanism of action st",openalex,ms-10-1007_s11030-026-11609-z.md
10.1007/s11033-026-12203-0,Small nucleolar RNA host genes in hepatocellular carcinoma: an evidence-weighted,openalex,ms-10-1007_s11033-026-12203-0.md
10.1007/s11060-026-05705-1,Spatial distribution and prognostic significance of hemorrhagic imaging features,openalex,ms-10-1007_s11060-026-05705-1.md
10.1007/s11101-026-10268-0,"Phytochemicals in post-harvest flowers: biochemical pathways, degradation mechan",openalex,ms-10-1007_s11101-026-10268-0.md
10.1007/s11104-026-08737-8,Coactive adaptation to combined drought and UV-B stress in highland barley (qing,openalex,ms-10-1007_s11104-026-08737-8.md
10.1007/s11105-026-01733-3,Unraveling the Spatiotemporal Dynamics of Alkaloid Biosynthesis During Red Chico,openalex,ms-10-1007_s11105-026-01733-3.md
10.1007/s11105-026-01747-x,"Parthenocarpy in Cucurbitaceae: Genetic Regulation, Hormonal Crosstalk, and Bree",openalex,ms-10-1007_s11105-026-01747-x.md
10.1007/s11240-026-03512-0,In vitro propagation and genetic fidelity assessment of the critically endangere,openalex,ms-10-1007_s11240-026-03512-0.md
10.1007/s11240-026-03523-x,Somatic embryogenesis in plants: unraveling the genetic and epigenetic factors,openalex,ms-10-1007_s11240-026-03523-x.md
10.1007/s11240-026-03548-2,"Genotype-specific optimization of rice in vitro regeneration: integrating media,",openalex,ms-10-1007_s11240-026-03548-2.md
10.1007/s11255-026-05334-7,Epigenetic regulation of tubular epithelial cell dysfunction in diabetic kidney,openalex,ms-10-1007_s11255-026-05334-7.md
10.1007/s11274-026-05060-3,Engineering peroxisomal cofactor systems in Saccharomyces cerevisiae for enhance,openalex,ms-10-1007_s11274-026-05060-3.md
10.1007/s11357-026-02433-2,Hypertension-associated DNA methylation signatures and multi-generational epigen,openalex,ms-10-1007_s11357-026-02433-2.md
10.1007/s11627-026-10630-z,"Improved micropropagation protocol for pomegranate ‘Bhagva’: media optimization,",openalex,ms-10-1007_s11627-026-10630-z.md
10.1007/s11627-026-10658-1,Efficient in vitro regeneration and GC–MS–based phytochemical profiling of Tribu,openalex,ms-10-1007_s11627-026-10658-1.md
10.1007/s11738-026-03920-x,Underlying physiological mechanism and expression analysis of important genes as,openalex,ms-10-1007_s11738-026-03920-x.md
10.1007/s11882-026-01285-2,The Modern Environment and Childhood Asthma: The Role of Air Pollution and Heavy,openalex,ms-10-1007_s11882-026-01285-2.md
10.1007/s12015-026-11169-7,"Primordial Germ Cell Development in Teleosts: Their Origin, Fate and Role in Sex",openalex,ms-10-1007_s12015-026-11169-7.md
10.1007/s12015-026-11172-y,Next-Generation Hepatocyte Expansion: Bridging Molecular Reprogramming with Mult,openalex,ms-10-1007_s12015-026-11172-y.md
10.1007/s12026-026-09794-y,Machine learning-based identification of basement membrane-related signature to,openalex,ms-10-1007_s12026-026-09794-y.md
10.1007/s12257-026-00308-z,Dual disruption of competitive polyketide pathways enhances paraherquamide A bio,openalex,ms-10-1007_s12257-026-00308-z.md
10.1007/s12291-026-01442-4,Unlocking the epigenetic potential of ascorbic acid (Vitamin C) in cancer therap,openalex,ms-10-1007_s12291-026-01442-4.md
10.1007/s12672-026-05287-4,A prognostic model for breast cancer based on mitochondria-associated endoplasmi,openalex,ms-10-1007_s12672-026-05287-4.md
10.1007/s12672-026-05289-2,Single cell and spatial atlas of macrophage and astrocyte interactions in gliobl,openalex,ms-10-1007_s12672-026-05289-2.md
10.1007/s12672-026-05313-5,Integrative pan-cancer analysis of transferrin reveals context-dependent prognos,openalex,ms-10-1007_s12672-026-05313-5.md
10.1007/s12672-026-05322-4,AGPAT family members act as potential predictive biomarkers and therapeutic targ,openalex,ms-10-1007_s12672-026-05322-4.md
10.1007/s12672-026-05342-0,GFPT2 upregulation predicts poor prognosis and is associated with TGF-β/Smad act,openalex,ms-10-1007_s12672-026-05342-0.md
10.1007/s12672-026-05372-8,EGFL6 predicts unfavorable prognosis and serves as a potential indicator in esop,openalex,ms-10-1007_s12672-026-05372-8.md
10.1007/s12672-026-05374-6,A systematic scoping review of the molecular pathogenesis of digestive system ca,openalex,ms-10-1007_s12672-026-05374-6.md
10.1007/s12672-026-05380-8,Hypomethylation of FAM83A in lung adenocarcinoma mirrors an epigenetic signature,openalex,ms-10-1007_s12672-026-05380-8.md
10.1007/s12672-026-05437-8,Integrative analysis of the roles and prognostic value of RNA-binding proteins i,openalex,ms-10-1007_s12672-026-05437-8.md
10.1007/s12672-026-05454-7,Multi-omics analysis identifies GINS1 as a prognostic biomarker in lung adenocar,openalex,ms-10-1007_s12672-026-05454-7.md
10.1007/s13205-026-04911-y,Integrated bioinformatics analysis and experimental validation reveal circFoxO1,openalex,ms-10-1007_s13205-026-04911-y.md
10.1007/s13353-026-01081-8,Egyptian MASLD genetic map; between the leading TM6SF2 gene and role of epigenet,openalex,ms-10-1007_s13353-026-01081-8.md
10.1007/s13580-026-00833-z,Genome-wide characterization of the Csa-miR156 family revels its dynamic role in,openalex,ms-10-1007_s13580-026-00833-z.md
10.1007/s42535-026-01689-5,Influence of picloram and BAP on callus cultures for vindoline synthesis in Cath,openalex,ms-10-1007_s42535-026-01689-5.md
10.1007/s42535-026-01753-0,Activated charcoal and benzyladenine modulate stem and leaf morpho-anatomical tr,openalex,ms-10-1007_s42535-026-01753-0.md
10.1007/s42535-026-01849-7,Effects of mercury (HgCl2) stress on shoot growth and stem anatomy of Mentha spi,openalex,ms-10-1007_s42535-026-01849-7.md
10.1007/s43657-026-00325-1,Mincle-Mediated Coxsackievirus-B3 Infection Induced Fulminant Myocarditis Via Tr,openalex,ms-10-1007_s43657-026-00325-1.md
10.1007/s44499-026-00008-5,Sex-stratified evaluation of immune and cell cycle transcriptional programs in l,openalex,ms-10-1007_s44499-026-00008-5.md
10.1016/j.abst.2026.06.003,miRNA-mRNA multi-omics integration in breast cancer staging,crossref,ms-10-1016_j-abst-2026-06-003.md
10.1016/j.acthis.2026.152348,Developmental stage-specific localization of CK1α protein in the mouse ovary,openalex,ms-10-1016_j-acthis-2026-152348.md
10.1016/j.actpsy.2026.107138,Numerical precision or inhibitory control? Exploring latent profiles in preschoo,openalex,ms-10-1016_j-actpsy-2026-107138.md
10.1016/j.adhoc.2026.104308,Energy-efficient optimization in multi-gateway LoRa networks via Q-learning with,crossref,ms-10-1016_j-adhoc-2026-104308.md
10.1016/j.adna.2026.03.003,Composite materials for interfacial engineering of organic solar cells,crossref,ms-10-1016_j-adna-2026-03-003.md
10.1016/j.aeolia.2026.101070,Inter- and intra-annual variations in Saharan dust fluxes in the eastern Mediter,crossref,ms-10-1016_j-aeolia-2026-101070.md
10.1016/j.afres.2026.102336,Identification of microorganisms present in a novo biopolymer based on nanocellu,crossref,ms-10-1016_j-afres-2026-102336.md
10.1016/j.agee.2026.110475,Spatial scale dependence of plant functional diversity and its response to land-,crossref,ms-10-1016_j-agee-2026-110475.md
10.1016/j.amolm.2026.100111,Integrative multi-omics analysis for diagnosis and molecular profiling of multip,crossref,ms-10-1016_j-amolm-2026-100111.md
10.1016/j.anucene.2026.112385,Causal-informed multi-task learning for probabilistic trend prediction of nuclea,crossref,ms-10-1016_j-anucene-2026-112385.md
10.1016/j.anucene.2026.112408,Multi-objective layout optimization of nuclear power plant buildings considering,crossref,ms-10-1016_j-anucene-2026-112408.md
10.1016/j.apcatb.2026.126992,Scalable one-step preparation of supported ultrasmall CeO2 with optimized Lewis,crossref,ms-10-1016_j-apcatb-2026-126992.md
10.1016/j.apcatb.2026.126998,Engineered frustrated Lewis pairs and Brønsted acid sites as dual-active sites f,crossref,ms-10-1016_j-apcatb-2026-126998.md
10.1016/j.apcatb.2026.127003,Entropy-engineered 2D layered double hydroxides as efficient single-component vi,crossref,ms-10-1016_j-apcatb-2026-127003.md
10.1016/j.apcatb.2026.127024,Lu single atoms create long-lived interlayer charge highways for efficient visib,crossref,ms-10-1016_j-apcatb-2026-127024.md
10.1016/j.apcatb.2026.127033,Unraveling the role of reaction intermediates in CO2 hydrogenation to light arom,crossref,ms-10-1016_j-apcatb-2026-127033.md
10.1016/j.apcatb.2026.127035,Promoting light olefin selectivity from CO2 hydrogenation over nanosized SAPO-34,crossref,ms-10-1016_j-apcatb-2026-127035.md
10.1016/j.apcatb.2026.127044,Natural light driven high concentration 5-hydroxymethylfurfural oxidation couple,crossref,ms-10-1016_j-apcatb-2026-127044.md
10.1016/j.apcatb.2026.127045,Structure-dependent activation of sulfites by pollutants under visible light wit,crossref,ms-10-1016_j-apcatb-2026-127045.md
10.1016/j.apcatb.2026.127135,S-doped heptazine dominated carbon nitride with Fe-loaded single atoms for visib,crossref,ms-10-1016_j-apcatb-2026-127135.md
10.1016/j.apcatb.2026.127255,Photo-thermal-piezo multi-field coupling accelerating spatial charge separation,crossref,ms-10-1016_j-apcatb-2026-127255.md
10.1016/j.apcatb.2026.127319,Sulfonic acid group engineering enables molecular-level regulation of synergisti,crossref,ms-10-1016_j-apcatb-2026-127319.md
10.1016/j.apenergy.2026.128170,Multi-objective optimization of biogas plant siting using GIS-based suitability,crossref,ms-10-1016_j-apenergy-2026-128170.md
10.1016/j.apergo.2026.104830,Examining stress among older women during travel in autonomous vehicles,crossref,ms-10-1016_j-apergo-2026-104830.md
10.1016/j.apergo.2026.104859,Ergonomic enhancement of a light-guided vocal fold injection device: Addressing,crossref,ms-10-1016_j-apergo-2026-104859.md
10.1016/j.apm.2026.116939,Configuration innovation and unified/accurate dynamics modelling methodology for,crossref,ms-10-1016_j-apm-2026-116939.md
10.1016/j.apm.2026.117121,A stress-based topology optimization of multi-material auxetic microstructures w,crossref,ms-10-1016_j-apm-2026-117121.md
10.1016/j.apm.2026.117164,Towards physics-aware probabilistic computational mechanics: An AI-enhanced fram,crossref,ms-10-1016_j-apm-2026-117164.md
10.1016/j.apm.2026.117166,Incomplete multi-omics cancer subtyping via HSIC-regularized exponential tensor,crossref,ms-10-1016_j-apm-2026-117166.md
10.1016/j.apm.2026.117184,Analytical viscoelastic-plastic modeling of yield-controlled dynamic stress evol,crossref,ms-10-1016_j-apm-2026-117184.md
10.1016/j.apm.2026.117244,Theoretical mechanical solutions for twin supported tunnels constructed in satur,crossref,ms-10-1016_j-apm-2026-117244.md
10.1016/j.apm.2026.117250,Stress degradation modeling and reliability analysis of flight-vehicle folding w,crossref,ms-10-1016_j-apm-2026-117250.md
10.1016/j.aqrep.2026.103701,Regulation of growth and biomineralization by transcription factor PmRunt in Pin,openalex,ms-10-1016_j-aqrep-2026-103701.md
10.1016/j.aquaculture.2026.744251,Metagenomic analysis reveals a plant-ward dietary shift and gut microbiome restr,crossref,ms-10-1016_j-aquaculture-2026-744251.md
10.1016/j.aquaculture.2026.744354,Multi-omics analysis reveals concentration-specific mechanisms underlying nanopl,crossref,ms-10-1016_j-aquaculture-2026-744354.md
10.1016/j.aquaculture.2026.744413,Integrative multi-omics analysis reveals genetic and epigenetic regulatory netwo,crossref,ms-10-1016_j-aquaculture-2026-744413.md
10.1016/j.aquaculture.2026.744430,Integrated multi-omics analysis reveals lipid metabolic responses to low-tempera,crossref,ms-10-1016_j-aquaculture-2026-744430.md
10.1016/j.aquaculture.2026.744468,Integrating multi-omics analysis to elucidate distinct thermal adaptation strate,crossref,ms-10-1016_j-aquaculture-2026-744468.md
10.1016/j.asej.2026.104354,An API recommendation method fusing context and semantic,openalex,ms-10-1016_j-asej-2026-104354.md
10.1016/j.asoc.2026.115515,A lightweight CNN supported by partially skip-connected CAE for plant disease id,crossref,ms-10-1016_j-asoc-2026-115515.md
10.1016/j.ast.2026.112683,Adaptive sliding window factor graph optimization with multi-tag UWB/INS fusion,crossref,ms-10-1016_j-ast-2026-112683.md
10.1016/j.atmosenv.2026.122175,24-hour multi-station regional O3 concentration prediction through aggregating n,crossref,ms-10-1016_j-atmosenv-2026-122175.md
10.1016/j.bbadis.2026.168371,Hypoxia-induced BHLHE41 promotes intrahepatic cholangiocarcinoma progression by,openalex,ms-10-1016_j-bbadis-2026-168371.md
10.1016/j.bbi.2026.106822,Multi-omics profiling of cerebrospinal fluid in autoimmune encephalitis: insight,crossref,ms-10-1016_j-bbi-2026-106822.md
10.1016/j.bbrep.2026.102721,Vibrio parahaemolyticusAHPND infection altered eicosanoid biosynthesis in the ga,openalex,ms-10-1016_j-bbrep-2026-102721.md
10.1016/j.bcdf.2026.100542,Low-GI traditional rice germplasms as functional foods: Scaling traditional know,crossref,ms-10-1016_j-bcdf-2026-100542.md
10.1016/j.bioelechem.2026.109382,Carbon nanotube–red blood cell hybrids as high-performance electrochemical sensi,crossref,ms-10-1016_j-bioelechem-2026-109382.md
10.1016/j.bioelechem.2026.109384,Controlling non-specific adsorption in electrochemical DNA methylation assays by,crossref,ms-10-1016_j-bioelechem-2026-109384.md
10.1016/j.biomaterials.2026.124337,Helical quaternary amine polypeptide programs membrane stress to drive immunogen,crossref,ms-10-1016_j-biomaterials-2026-124337.md
10.1016/j.biomaterials.2026.124468,Microenvironment-bionic scaffold and multi-cell spatial patterning for area-spec,crossref,ms-10-1016_j-biomaterials-2026-124468.md
10.1016/j.biomaterials.2026.124532,Nanoscale copper ethoxide enables immunologically enhanced hepatoma radio-immuno,crossref,ms-10-1016_j-biomaterials-2026-124532.md
10.1016/j.biomaterials.2026.124554,Oligomerized flavonoid nanointerfaces regulate gastrointestinal nutrient flux an,crossref,ms-10-1016_j-biomaterials-2026-124554.md
10.1016/j.biombioe.2026.109605,Scale-up of rhamnolipid biosynthesis via agro-waste valorization: Techno-economi,openalex,ms-10-1016_j-biombioe-2026-109605.md
10.1016/j.biombioe.2026.109616,Production of levulinic acid from microalgal euglena using a lignin-derived Brøn,crossref,ms-10-1016_j-biombioe-2026-109616.md
10.1016/j.biombioe.2026.109627,CO2 emission mitigation and energy enhancement in silica recovery from rice husk,crossref,ms-10-1016_j-biombioe-2026-109627.md
10.1016/j.biombioe.2026.109630,"From lignin to lipids, and beyond: A holistic perspective on genetic tools, lign",crossref,ms-10-1016_j-biombioe-2026-109630.md
10.1016/j.biombioe.2026.109632,Optimization of hydrodeoxygenation of palm fatty acid distillate to green diesel,crossref,ms-10-1016_j-biombioe-2026-109632.md
10.1016/j.biombioe.2026.109640,Enhancement of acid-modified digestate biochar on chicken manure anaerobic diges,crossref,ms-10-1016_j-biombioe-2026-109640.md
10.1016/j.biombioe.2026.109672,Integrated light and carbon strategy for microalgae cultivation: Enhancing bioma,crossref,ms-10-1016_j-biombioe-2026-109672.md
10.1016/j.biombioe.2026.109675,Inert-gas-free thermochemical conversion of banana pseudostem under oxygen-limit,crossref,ms-10-1016_j-biombioe-2026-109675.md
10.1016/j.biombioe.2026.109696,"Integrated physiology, transcriptome, and metabolome reveal the mechanisms of al",crossref,ms-10-1016_j-biombioe-2026-109696.md
10.1016/j.biombioe.2026.109698,"Modulating headspace hydrogen ratios: Effects on biohydrogen synthesis, volatile",openalex,ms-10-1016_j-biombioe-2026-109698.md
10.1016/j.biombioe.2026.109708,Integrated bioprocess engineering of Spirulina platensis for crude-oil phycoreme,crossref,ms-10-1016_j-biombioe-2026-109708.md
10.1016/j.biombioe.2026.109710,Circular valorization of rice husk waste into a magnetic ZnO–Fe3O4/Biochar multi,crossref,ms-10-1016_j-biombioe-2026-109710.md
10.1016/j.biombioe.2026.109722,Influence of Ca2+ and Na+ impregnation on the textural properties and compositio,crossref,ms-10-1016_j-biombioe-2026-109722.md
10.1016/j.biombioe.2026.109758,Influence of light source and intensity on the biochemical profile of Chlorella,crossref,ms-10-1016_j-biombioe-2026-109758.md
10.1016/j.biombioe.2026.109791,Performance on carboxylates extraction from dark acid fermentation of agroresidu,crossref,ms-10-1016_j-biombioe-2026-109791.md
10.1016/j.biombioe.2026.109802,Photocatalytic conversion of biomass derived furfural into fuel and fragrance pr,crossref,ms-10-1016_j-biombioe-2026-109802.md
10.1016/j.biombioe.2026.109839,Mechanistic understanding of carbon–hydrogen conversion during rice straw superc,crossref,ms-10-1016_j-biombioe-2026-109839.md
10.1016/j.biombioe.2026.109874,Plant-wide modeling and techno-economic analysis for producing bio-coal briquett,crossref,ms-10-1016_j-biombioe-2026-109874.md
10.1016/j.biombioe.2026.109892,Machine learning–driven efficient optimization for conversion of cellulose to gl,crossref,ms-10-1016_j-biombioe-2026-109892.md
10.1016/j.biombioe.2026.109976,Multi-scale response patterns of texture features derived from high-resolution r,crossref,ms-10-1016_j-biombioe-2026-109976.md
10.1016/j.biombioe.2026.109989,Particle size engineering influences astaxanthin recovery and plant-growth-promo,crossref,ms-10-1016_j-biombioe-2026-109989.md
10.1016/j.biopha.2026.119764,Carnosic acid and carnosol promote lipid mediator class-switching toward inflamm,openalex,ms-10-1016_j-biopha-2026-119764.md
10.1016/j.biortech.2026.134897,Multilevel cytochrome P450 engineering integrating protein language model-guided,crossref,ms-10-1016_j-biortech-2026-134897.md
10.1016/j.biortech.2026.134965,Simulation of a pyrolysis plant for tropical agricultural residues: biochar yiel,crossref,ms-10-1016_j-biortech-2026-134965.md
10.1016/j.biortech.2026.134967,Engineering of β-glucosidase for rare ginsenoside biosynthesis via distal confor,crossref,ms-10-1016_j-biortech-2026-134967.md
10.1016/j.biortech.2026.134994,Modular pathway engineering enables gram-scale de novo biosynthesis of narirutin,crossref,ms-10-1016_j-biortech-2026-134994.md
10.1016/j.biortech.2026.135029,"De novo gamma-decalactone bioproduction from Ashbya gossypii: Process design, te",crossref,ms-10-1016_j-biortech-2026-135029.md
10.1016/j.biortech.2026.135222,Substrate affinity and spatial proximity synergistically guide multi-enzyme arch,crossref,ms-10-1016_j-biortech-2026-135222.md
10.1016/j.bios.2026.118973,"GLASS-seq: a gel-anchored, ligation-assisted, scalable biosensing platform for l",crossref,ms-10-1016_j-bios-2026-118973.md
10.1016/j.breast.2026.104806,From CDK4/6 to CDK2 and KAT: Evolving therapeutic approaches in HR+/HER2– breast,openalex,ms-10-1016_j-breast-2026-104806.md
10.1016/j.bse.2026.105283,Chemical profile of the essential oil from leaves and fruit of Croton blanchetia,crossref,ms-10-1016_j-bse-2026-105283.md
10.1016/j.bspc.2026.111250,BCMSI-Net: Bilinear channel and multi-directional spatial attention interaction,crossref,ms-10-1016_j-bspc-2026-111250.md
10.1016/j.bspc.2026.111266,Multimodal brain tumor detection from fine grained brain image data using lightw,crossref,ms-10-1016_j-bspc-2026-111266.md
10.1016/j.cam.2026.117865,Dependence modeling and reliability inference of stress–strength model in multic,crossref,ms-10-1016_j-cam-2026-117865.md
10.1016/j.cbd.2026.101885,Molecular adaptation of caspase genes to salinity stress in the tropical sea cuc,crossref,ms-10-1016_j-cbd-2026-101885.md
10.1016/j.cbd.2026.101905,Muscular fiber properties and multi-omics investigation of larval and adult loco,crossref,ms-10-1016_j-cbd-2026-101905.md
10.1016/j.cbd.2026.101910,Multi-omics insights into the physiological mechanisms of bile acid accumulation,crossref,ms-10-1016_j-cbd-2026-101910.md
10.1016/j.cca.2026.121183,Multi-omics body-fluid biomarkers in immunoglobulin a nephropathy: Analytical Va,crossref,ms-10-1016_j-cca-2026-121183.md
10.1016/j.cca.2026.121191,Evaluating circulating tumor DNA methylation patterns of a multi-gene panel for,crossref,ms-10-1016_j-cca-2026-121191.md
10.1016/j.cca.2026.121194,Multi-omics profiling of oxeiptosis-associated biomarkers in cancer,crossref,ms-10-1016_j-cca-2026-121194.md
10.1016/j.cca.2026.121206,Multiplex methylation marker analysis for ctDNA detection in liquid biopsies fro,crossref,ms-10-1016_j-cca-2026-121206.md
10.1016/j.cca.2026.121213,Performance of Free Light Chain reagents in the Dutch External Quality Assessmen,crossref,ms-10-1016_j-cca-2026-121213.md
10.1016/j.cca.2026.121232,"Integrating lung microbiome, amino acid metabolism, and host immune response in",crossref,ms-10-1016_j-cca-2026-121232.md
10.1016/j.cca.2026.121239,"Precision forensic toxicology: Leveraging Toxicogenomics, multi-omics, and artif",crossref,ms-10-1016_j-cca-2026-121239.md
10.1016/j.cellsig.2026.112579,Multi-omics identifies RNF149 as a key molecular marker mediating neuron-glia in,crossref,ms-10-1016_j-cellsig-2026-112579.md
10.1016/j.ces.2026.124171,Multi-objective optimization of fluidized bed hydrodynamics via spatial modulati,crossref,ms-10-1016_j-ces-2026-124171.md
10.1016/j.ces.2026.124663,Robust surrogate-assisted batch-to-batch optimization of consolidated bioprocess,crossref,ms-10-1016_j-ces-2026-124663.md
10.1016/j.ces.2026.124675,In-situ visible-light efficient removal of ofloxacin by defect rich CeO2 and oxi,crossref,ms-10-1016_j-ces-2026-124675.md
10.1016/j.ces.2026.124677,Synergistic engineering of Ag-Doped ZnS/SnSe heterostructures for enhanced Visib,crossref,ms-10-1016_j-ces-2026-124677.md
10.1016/j.ces.2026.124696,Pickering HIPE-Templated Boronate-Affinity molecularly imprinted hydrogels for s,crossref,ms-10-1016_j-ces-2026-124696.md
10.1016/j.ces.2026.124699,Lignin-based Co–Mn dual single-atom catalyst with asymmetric coordination for ef,crossref,ms-10-1016_j-ces-2026-124699.md
10.1016/j.ces.2026.124715,Data-driven optimization of particle size for porous polylactic acid microsphere,crossref,ms-10-1016_j-ces-2026-124715.md
10.1016/j.ces.2026.124728,In-situ grown MIL-101(Fe) in PBI membranes enables acid-state regulation for eff,crossref,ms-10-1016_j-ces-2026-124728.md
10.1016/j.ces.2026.124738,Enhancing anaerobic digestion of lignite with nano-Fe2O3 modified biochar: roles,crossref,ms-10-1016_j-ces-2026-124738.md
10.1016/j.ces.2026.124776,Visible-light degradation of ampicillin antibiotic over S/O co-doped g-C3N4 phot,crossref,ms-10-1016_j-ces-2026-124776.md
10.1016/j.ces.2026.124868,Synthesis of Cu2O/halloysite composites for enhanced degradation of tetracycline,crossref,ms-10-1016_j-ces-2026-124868.md
10.1016/j.ces.2026.124918,Deactivation mechanisms and stabilization strategies of Bi-based catalysts for a,crossref,ms-10-1016_j-ces-2026-124918.md
10.1016/j.ces.2026.124920,"Recovery of caprolactam, copper, hydrogen-rich gas and char flakes from copper-i",crossref,ms-10-1016_j-ces-2026-124920.md
10.1016/j.ces.2026.124929,Core@shell NiCo2O4@ZnIn2S4 heterostructured photocatalyst for efficient visible-,crossref,ms-10-1016_j-ces-2026-124929.md
10.1016/j.clsr.2026.106371,Has Complexity of EU Law Increased?,openalex,ms-10-1016_j-clsr-2026-106371.md
10.1016/j.cnsns.2026.110181,Observer-based boundary consensus of reaction-diffusion multi-agent systems by p,crossref,ms-10-1016_j-cnsns-2026-110181.md
10.1016/j.cnt.2026.100028,Construction of K-doped g-C3N4-based heterojunctions for efficient light-driven,crossref,ms-10-1016_j-cnt-2026-100028.md
10.1016/j.coi.2026.102828,Human endogenous retroviruses leading to autoimmune diseases,openalex,ms-10-1016_j-coi-2026-102828.md
10.1016/j.colsurfa.2026.140904,Europium-activated silicate-based phosphors with enhanced far-red light emission,crossref,ms-10-1016_j-colsurfa-2026-140904.md
10.1016/j.colsurfa.2026.140920,Enhancement mechanisms of flavonoid-based enhancers: A sustainable strategy for,crossref,ms-10-1016_j-colsurfa-2026-140920.md
10.1016/j.colsurfa.2026.140962,Synergistic network formation of gallic acid-modified chitosan and metal ions fo,crossref,ms-10-1016_j-colsurfa-2026-140962.md
10.1016/j.colsurfb.2026.115809,De Novo developing nanoplatform encapsuling α-arbutin and α-syn inhibitor for pr,crossref,ms-10-1016_j-colsurfb-2026-115809.md
10.1016/j.compbiolchem.2026.109076,DeepStruct: Multi-modal deep learning integrating omics and energy scoring for p,crossref,ms-10-1016_j-compbiolchem-2026-109076.md
10.1016/j.compbiolchem.2026.109095,Integrative multi-omics analysis identifies stromal-immune crosstalk as a determ,crossref,ms-10-1016_j-compbiolchem-2026-109095.md
10.1016/j.compbiolchem.2026.109103,Identification and validation of cholesterol homeostasis and NK cell-associated,crossref,ms-10-1016_j-compbiolchem-2026-109103.md
10.1016/j.compbiolchem.2026.109112,A variational graph autoencoder guided by residual multi-head attention reveals,crossref,ms-10-1016_j-compbiolchem-2026-109112.md
10.1016/j.compbiolchem.2026.109138,Multi-omics and machine learning uncover the MX1-ISG15-STAT1 synergistic axis as,crossref,ms-10-1016_j-compbiolchem-2026-109138.md
10.1016/j.compbiolchem.2026.109165,Multi-omics profiling identifies ACP2 as a lysosome-associated biomarker linked,crossref,ms-10-1016_j-compbiolchem-2026-109165.md
10.1016/j.compbiolchem.2026.109170,Prediction of inflammatory bowel disease recurrence risk based on multi-omics in,crossref,ms-10-1016_j-compbiolchem-2026-109170.md
10.1016/j.compchemeng.2026.109739,Constraint programming for scheduling a fermentation plant,crossref,ms-10-1016_j-compchemeng-2026-109739.md
10.1016/j.compchemeng.2026.109746,Accelerated robust spatial Branch-and-Bound algorithm via multi-parametric progr,crossref,ms-10-1016_j-compchemeng-2026-109746.md
10.1016/j.compeleceng.2026.111288,MDSTG-Mamba: Multi-source dynamic spatial-temporal graph enhanced Mamba for traf,crossref,ms-10-1016_j-compeleceng-2026-111288.md
10.1016/j.cpa.2026.102863,"Bring it ‘into the light’: Surfacing materiality, paternalism and practitioners’",crossref,ms-10-1016_j-cpa-2026-102863.md
10.1016/j.csda.2026.108414,Gaussian copula correlation network analysis of mixed-type data using a semi-par,crossref,ms-10-1016_j-csda-2026-108414.md
10.1016/j.desal.2026.120329,Performance prediction of multi-effect desalination (MED) plant: Experimental ev,crossref,ms-10-1016_j-desal-2026-120329.md
10.1016/j.displa.2026.103542,RS-SLAM: A visual SLAM system suitable for low-light environments,crossref,ms-10-1016_j-displa-2026-103542.md
10.1016/j.displa.2026.103562,Two-dimensional liquid crystal lens array for light field 3D displays,crossref,ms-10-1016_j-displa-2026-103562.md
10.1016/j.displa.2026.103576,Image-guided pixel-level stitching scheme of multi-light sources for large-size,crossref,ms-10-1016_j-displa-2026-103576.md
10.1016/j.displa.2026.103616,Frequency-spatial interaction multi-scale feature fusion network for gland segme,crossref,ms-10-1016_j-displa-2026-103616.md
10.1016/j.dsvis.2025.100002,Spatial semantic information model (SSIM): A review for a multi-dimensional data,crossref,ms-10-1016_j-dsvis-2025-100002.md
10.1016/j.dyepig.2026.113930,Stepwise metabolic engineering enables high-level production of deoxyviolacein a,crossref,ms-10-1016_j-dyepig-2026-113930.md
10.1016/j.ecocom.2026.101178,Functional diversity drives plant-bee specialization in tropical forests,crossref,ms-10-1016_j-ecocom-2026-101178.md
10.1016/j.ecocom.2026.101180,"Plant functional and phylogenetic diversity affect herbivorous diversity, but do",crossref,ms-10-1016_j-ecocom-2026-101180.md
10.1016/j.ecoenv.2026.120529,Effects of the co-application of biochar and trace elements on cadmium passivati,openalex,ms-10-1016_j-ecoenv-2026-120529.md
10.1016/j.eist.2026.101177,Socio-technical pathways of automotive decarbonization: evidence from patent net,openalex,ms-10-1016_j-eist-2026-101177.md
10.1016/j.eja.2026.128200,Genetic gains in wheat spike fertility and associated floret development attribu,openalex,ms-10-1016_j-eja-2026-128200.md
10.1016/j.ejcped.2026.100532,A phase II trial of intrathecal liposomal cytarabine and chemoimmunotherapy with,crossref,ms-10-1016_j-ejcped-2026-100532.md
10.1016/j.engstruct.2026.123402,Spatial multi-modal vibration suppression using distributed dynamic vibration ab,crossref,ms-10-1016_j-engstruct-2026-123402.md
10.1016/j.epsr.2026.113149,A novel multi-source spatial-temporal forecasting network for power prediction o,crossref,ms-10-1016_j-epsr-2026-113149.md
10.1016/j.epsr.2026.113296,Multi-node customer load uncertainty prediction based on adaptive multi-scale sp,crossref,ms-10-1016_j-epsr-2026-113296.md
10.1016/j.epsr.2026.113446,Optimal Scheduling of Virtual Power Plant Considering Multi-Market Coordination,crossref,ms-10-1016_j-epsr-2026-113446.md
10.1016/j.epsr.2026.113677,Exploratory data analysis of lightning location and return-stroke parameters at,crossref,ms-10-1016_j-epsr-2026-113677.md
10.1016/j.epsr.2026.113825,Research on load current adaptive diagnosis method for mechanical vibration defe,crossref,ms-10-1016_j-epsr-2026-113825.md
10.1016/j.epsr.2026.113865,A single-phase-to-ground fault section location method for non-effectively groun,crossref,ms-10-1016_j-epsr-2026-113865.md
10.1016/j.epsr.2026.113877,A method for quantifying availability losses caused by PV inverter start-up dela,crossref,ms-10-1016_j-epsr-2026-113877.md
10.1016/j.epsr.2026.113889,OPF for traction power supply systems based on PWM converters with piecewise non,crossref,ms-10-1016_j-epsr-2026-113889.md
10.1016/j.epsr.2026.113927,An embedded uncertainty quantification architecture for fuel cell degradation pr,crossref,ms-10-1016_j-epsr-2026-113927.md
10.1016/j.epsr.2026.113930,Non-iterative coordinated robust scheduling method for virtual power plant-distr,crossref,ms-10-1016_j-epsr-2026-113930.md
10.1016/j.epsr.2026.113969,Electrical failure of epoxy cast insulation under tensile stress: Mechanism of e,crossref,ms-10-1016_j-epsr-2026-113969.md
10.1016/j.epsr.2026.113973,"Multispectral correlation of infrared, ultraviolet, and leakage current attribut",crossref,ms-10-1016_j-epsr-2026-113973.md
10.1016/j.epsr.2026.113977,Physics-inspired multimodal collaborative representation for single-phase-to-gro,crossref,ms-10-1016_j-epsr-2026-113977.md
10.1016/j.eswa.2026.132957,A spatial knowledge-driven decision support framework for multi-objective bus co,crossref,ms-10-1016_j-eswa-2026-132957.md
10.1016/j.eswa.2026.133087,Neural fusion and rendering of multidimensional light field for holographic ster,crossref,ms-10-1016_j-eswa-2026-133087.md
10.1016/j.eswa.2026.133238,VARSD-Net: Vision Adaptive Robust Scene Detection Network for Rainy and Low-Ligh,crossref,ms-10-1016_j-eswa-2026-133238.md
10.1016/j.eswa.2026.133240,Obfuscation-resilient malware classification via spatial perception and multi-gr,crossref,ms-10-1016_j-eswa-2026-133240.md
10.1016/j.eswa.2026.133296,SpatialSyn: A synergistic graph framework for spatial domain identification in m,crossref,ms-10-1016_j-eswa-2026-133296.md
10.1016/j.eswa.2026.133325,Physics-informed adaptive multi-head attention LSTM for shape prediction of vari,crossref,ms-10-1016_j-eswa-2026-133325.md
10.1016/j.eswa.2026.133340,Epidemiologically-constrained severity modeling for plant disease detection via,crossref,ms-10-1016_j-eswa-2026-133340.md
10.1016/j.eswa.2026.133589,LP-MBTI : A 24-latent Perceiver core for memory-light multi-post personality,crossref,ms-10-1016_j-eswa-2026-133589.md
10.1016/j.eswa.2026.133725,Spatial transcriptomics clustering via dynamic feature neighborhood reconstructi,crossref,ms-10-1016_j-eswa-2026-133725.md
10.1016/j.eswa.2026.133738,A joint modeling method for multi-point deformation monitoring to mitigate spati,crossref,ms-10-1016_j-eswa-2026-133738.md
10.1016/j.eswa.2026.133796,SMGC: Spatial multi-omics analysis with granular-ball contrastive learning frame,crossref,ms-10-1016_j-eswa-2026-133796.md
10.1016/j.eswa.2026.133827,TuckerHKN: multi-source hypergraph-guided Tucker co-learning for unraveling high,crossref,ms-10-1016_j-eswa-2026-133827.md
10.1016/j.exer.2026.111089,Regulation of lens epithelial cell senescence by cyclic mechanical stretch: Mult,crossref,ms-10-1016_j-exer-2026-111089.md
10.1016/j.fm.2026.105136,Microbial factories for lipid: Engineering synthetic routes and regulatory netwo,crossref,ms-10-1016_j-fm-2026-105136.md
10.1016/j.fm.2026.105151,Microbial succession and spoilage dynamics revealed by multi-omics in Norway lob,crossref,ms-10-1016_j-fm-2026-105151.md
10.1016/j.fm.2026.105163,Cross-feeding and stress response are the basis of increased fruitiness and leav,crossref,ms-10-1016_j-fm-2026-105163.md
10.1016/j.fm.2026.105265,Cereulide on adjacent meat: toxin transfer or de novo production?,crossref,ms-10-1016_j-fm-2026-105265.md
10.1016/j.fochms.2026.100438,Microbial-associated lipid oxidation drives flavor deterioration of Zanba during,crossref,ms-10-1016_j-fochms-2026-100438.md
10.1016/j.foodcont.2026.112382,Use of morphological and chemical features from near infrared-hyperspectral imag,crossref,ms-10-1016_j-foodcont-2026-112382.md
10.1016/j.foodcont.2026.112387,Multi-residue pesticide contamination in marketed rice and recommended mitigatio,crossref,ms-10-1016_j-foodcont-2026-112387.md
10.1016/j.foodcont.2026.112465,An integrated multi-omics framework reveals ecological and metabolic drivers of,crossref,ms-10-1016_j-foodcont-2026-112465.md
10.1016/j.foodcont.2026.112515,Recent advances in molecularly imprinted polymer-based sensors for porcine prote,crossref,ms-10-1016_j-foodcont-2026-112515.md
10.1016/j.foodhyd.2026.112786,Emerging strategies for plant protein modification to improve their foam formati,crossref,ms-10-1016_j-foodhyd-2026-112786.md
10.1016/j.foodhyd.2026.113011,"Current overview, challenges, and future prospects in the encapsulation of bioac",crossref,ms-10-1016_j-foodhyd-2026-113011.md
10.1016/j.foodhyd.2026.113044,Mechanistic modulation of macromolecular interactions in ultrasound-potentiated,crossref,ms-10-1016_j-foodhyd-2026-113044.md
10.1016/j.foodhyd.2026.113146,Molecular dynamics insights into the interaction mechanism between starch with t,crossref,ms-10-1016_j-foodhyd-2026-113146.md
10.1016/j.foodhyd.2026.113148,Construction of a plant-based egg analogue via a multicomponent emulsion-gel str,crossref,ms-10-1016_j-foodhyd-2026-113148.md
10.1016/j.foodhyd.2026.113170,Structural reorganization of Maillard-induced peanut protein isolate-gallic acid,crossref,ms-10-1016_j-foodhyd-2026-113170.md
10.1016/j.foodhyd.2026.113188,Concentration-dependent interfacial co-assembly of chitosan/whey protein isolate,crossref,ms-10-1016_j-foodhyd-2026-113188.md
10.1016/j.foodhyd.2026.113240,Solid-state stabilized sage essential oil liposomes in tamarind gum beads: dual,crossref,ms-10-1016_j-foodhyd-2026-113240.md
10.1016/j.foodhyd.2026.113256,Structural differences of starch-proteolyzed peptide complexes dictate in vitro,crossref,ms-10-1016_j-foodhyd-2026-113256.md
10.1016/j.foodhyd.2026.113257,Mitigation of guar gum with different viscosities on rosmarinic acid-induced gel,crossref,ms-10-1016_j-foodhyd-2026-113257.md
10.1016/j.foodhyd.2026.113266,Concentration-dependent ternary interaction of wheat starch-arabinoxylan-ferulic,crossref,ms-10-1016_j-foodhyd-2026-113266.md
10.1016/j.foodhyd.2026.113274,Cryoprotective effect of fermented glutinous rice wine filtrate on the pre-ferme,crossref,ms-10-1016_j-foodhyd-2026-113274.md
10.1016/j.foohum.2026.101356,Towards the establishment of a comprehensive food inspection system: An approach,crossref,ms-10-1016_j-foohum-2026-101356.md
10.1016/j.freeradbiomed.2026.05.328,Spatial multi-omics reveals region-specific redox dysregulation in chronic arist,crossref,ms-10-1016_j-freeradbiomed-2026-05-328.md
10.1016/j.fsigen.2026.103544,COSA: A consolidated methylation-based prediction panel for body fluid/tissue of,crossref,ms-10-1016_j-fsigen-2026-103544.md
10.1016/j.fsigen.2026.103545,Targeting ultrashort fragments: Development and validation of a 44-InDel panel f,crossref,ms-10-1016_j-fsigen-2026-103545.md
10.1016/j.fsigen.2026.103547,Evaluation of AutoMate and EZ2 extraction methods with surface cleaning pretreat,crossref,ms-10-1016_j-fsigen-2026-103547.md
10.1016/j.fsigen.2026.103549,Transferring a microhaplotype-specific probabilistic genotyping model from targe,crossref,ms-10-1016_j-fsigen-2026-103549.md
10.1016/j.fsigen.2026.103560,Evidentiary evaluation of complex low-template DNA mixtures using high-efficienc,crossref,ms-10-1016_j-fsigen-2026-103560.md
10.1016/j.fsigen.2026.103561,Inheritance patterns of mitochondrial DNA in multi-generational maternal pedigre,crossref,ms-10-1016_j-fsigen-2026-103561.md
10.1016/j.fsigen.2026.103566,A rare and atypical case of long-distance indirect DNA transfer: Contamination f,crossref,ms-10-1016_j-fsigen-2026-103566.md
10.1016/j.fsigen.2026.103582,Small decisions about nothing can have a large effect on DNA transfer modelling,crossref,ms-10-1016_j-fsigen-2026-103582.md
10.1016/j.fsigen.2026.103599,Influence of physiological activation on Touch DNA deposition and STR profile qu,crossref,ms-10-1016_j-fsigen-2026-103599.md
10.1016/j.fsisyn.2026.100719,"Interpol review of gunshot residue, 2022 to 2024.",openalex,ms-10-1016_j-fsisyn-2026-100719.md
10.1016/j.fuel.2026.139435,Enhanced hydrocarbons generation of cyclic catalytic pyrolysis of acid-washed sw,crossref,ms-10-1016_j-fuel-2026-139435.md
10.1016/j.fuel.2026.139468,Highly dispersed Ni-Mo encapsulated in hollow mesoporous ZSM-5 as an efficient c,crossref,ms-10-1016_j-fuel-2026-139468.md
10.1016/j.fuel.2026.139538,Tunable production of drop-in biofuels via atmospheric-pressure hydrodeoxygenati,crossref,ms-10-1016_j-fuel-2026-139538.md
10.1016/j.fuel.2026.139628,Thermodynamic evaluation of an oxy-fuel combustion power plant integrated with L,crossref,ms-10-1016_j-fuel-2026-139628.md
10.1016/j.fuel.2026.139647,Dual single-atom catalysts modulating g-C3N4/TiO2-X S-scheme heterojunctions for,crossref,ms-10-1016_j-fuel-2026-139647.md
10.1016/j.fuel.2026.139671,Stability and catalytic performance of Single-Atom catalysts supported on BN-ixe,crossref,ms-10-1016_j-fuel-2026-139671.md
10.1016/j.fuel.2026.139682,Revealing spatial distribution characteristics of current density and voltage un,crossref,ms-10-1016_j-fuel-2026-139682.md
10.1016/j.fuel.2026.139727,Evaluation of effect of Mo concentration on stability for solid oxide fuel cell,crossref,ms-10-1016_j-fuel-2026-139727.md
10.1016/j.fuel.2026.139730,Rational integration of heteroatoms/amino functionalization and catalytic site r,crossref,ms-10-1016_j-fuel-2026-139730.md
10.1016/j.fuel.2026.139731,Boosting the electrochemical performance of micro-tubular solid oxide fuel cell,crossref,ms-10-1016_j-fuel-2026-139731.md
10.1016/j.fuel.2026.139747,Microstructural evolution of coal under acid and alkali erosion,crossref,ms-10-1016_j-fuel-2026-139747.md
10.1016/j.fuel.2026.139766,Revealing metal–acid balance of Pt/ZSM-48 catalyst on n-heptane hydroisomerizati,crossref,ms-10-1016_j-fuel-2026-139766.md
10.1016/j.fuel.2026.139776,"Cooperative role of Brønsted acid Sites, Fe3+, and [Fe2(μ-O)2] Oligomers in Fe/Z",crossref,ms-10-1016_j-fuel-2026-139776.md
10.1016/j.fuel.2026.139793,A parametric numerical study on balancing CO2-to-CO conversion and thermal stres,crossref,ms-10-1016_j-fuel-2026-139793.md
10.1016/j.fuel.2026.139806,Design and optimization of the flow field in a proton exchange membrane electrol,crossref,ms-10-1016_j-fuel-2026-139806.md
10.1016/j.fuel.2026.139871,Transformation and modes of occurrence of rare earth elements in coal fly ash fr,crossref,ms-10-1016_j-fuel-2026-139871.md
10.1016/j.fuel.2026.139872,Experimental research on the performance enhancement of proton exchange membrane,crossref,ms-10-1016_j-fuel-2026-139872.md
10.1016/j.fuel.2026.139878,Tailored design of citric acid-modified NiMoS/Al2O3 catalysts for premium upgrad,crossref,ms-10-1016_j-fuel-2026-139878.md
10.1016/j.fuel.2026.139925,Tailoring iron-based catalysts via support variation and metal loading for effic,crossref,ms-10-1016_j-fuel-2026-139925.md
10.1016/j.fuel.2026.139932,Beyond stepwise pathways: electronic origin and HOMO-LUMO gap descriptor for con,crossref,ms-10-1016_j-fuel-2026-139932.md
10.1016/j.fuel.2026.139937,Roles of minerals and humic acid in lignite drying,crossref,ms-10-1016_j-fuel-2026-139937.md
10.1016/j.fuel.2026.139938,Enhancing Tetralin Selectivity via Spatially Confined Phosphidation of MoP/Al2O3,crossref,ms-10-1016_j-fuel-2026-139938.md
10.1016/j.fuel.2026.139984,Gas seepage in briquetted and raw coal under high Stress: Decoupling effective S,crossref,ms-10-1016_j-fuel-2026-139984.md
10.1016/j.fuel.2026.140027,Oxygen-containing groups in Ni@C-N2 enable catalytic hydrogenation of oleic acid,crossref,ms-10-1016_j-fuel-2026-140027.md
10.1016/j.fuel.2026.140086,Full-lifecycle numerical simulation of CO2 storage with enhanced gas recovery in,crossref,ms-10-1016_j-fuel-2026-140086.md
10.1016/j.fuel.2026.140130,Ascorbic acid-assisted reduction for oxygen vacancy-rich ferric molybdate enhanc,crossref,ms-10-1016_j-fuel-2026-140130.md
10.1016/j.fuel.2026.140164,Phase stability and spray behaviour of oleic acid-assisted ethanol-diesel blends,crossref,ms-10-1016_j-fuel-2026-140164.md
10.1016/j.fuel.2026.140186,Deep oxidative desulfurization in a continuous-flow fixed-bed system over acid-r,crossref,ms-10-1016_j-fuel-2026-140186.md
10.1016/j.fuel.2026.140188,A CO2-responsive organic acid system for selective profile control in high-tempe,crossref,ms-10-1016_j-fuel-2026-140188.md
10.1016/j.fuel.2026.140190,Architecture-dependent spillover effects in Cu/Zn–SAPO-34 catalysts for direct C,crossref,ms-10-1016_j-fuel-2026-140190.md
10.1016/j.fuel.2026.140218,BaNb2O6-modified Ce0.8Sm0.2O1.9 composite electrolytes for enhanced low-temperat,crossref,ms-10-1016_j-fuel-2026-140218.md
10.1016/j.fuel.2026.140231,Synergistic enhancement mechanism of coal wetting and dissolution induced by sur,crossref,ms-10-1016_j-fuel-2026-140231.md
10.1016/j.fuel.2026.140255,High-quality syngas from rice husks and LDPE using microwave-assisted co-gasific,crossref,ms-10-1016_j-fuel-2026-140255.md
10.1016/j.fuel.2026.140276,Techno-Economic Analysis of a Renewable Energy-Driven Industrial Complex for Nit,crossref,ms-10-1016_j-fuel-2026-140276.md
10.1016/j.fuel.2026.140278,"Di-, Tri- and Tetra-carboxylic acid facilitated nickel-based organic frameworks-",crossref,ms-10-1016_j-fuel-2026-140278.md
10.1016/j.fuel.2026.140284,The effect of interaction between Lewis and Brönsted acid sites on the tandem tr,crossref,ms-10-1016_j-fuel-2026-140284.md
10.1016/j.fuel.2026.140302,Anchoring site rich mesoporous alumina-supported Pt catalysts for hydrotreatment,crossref,ms-10-1016_j-fuel-2026-140302.md
10.1016/j.fuel.2026.140325,Modelling the chemical entropy and exergy balance during single-step chemical re,crossref,ms-10-1016_j-fuel-2026-140325.md
10.1016/j.fuel.2026.140402,Exergy performance and System-Level evaluation of cooling Topologies for Multi-S,crossref,ms-10-1016_j-fuel-2026-140402.md
10.1016/j.fuel.2026.140454,Fabrication of ZSM-5@Sn-MFI core-shell zeolite to improve light olefins producti,crossref,ms-10-1016_j-fuel-2026-140454.md
10.1016/j.fuel.2026.140493,Positively charged Pd species anchored on defect-rich N-doped carbon nanosheets:,crossref,ms-10-1016_j-fuel-2026-140493.md
10.1016/j.fuel.2026.140498,Effect of methylation of lignin phenolic hydroxyl groups on the formation of pyr,crossref,ms-10-1016_j-fuel-2026-140498.md
10.1016/j.fuel.2026.140587,Cleaner production of microalgal lipids via random mutagenesis: enhanced lipid p,crossref,ms-10-1016_j-fuel-2026-140587.md
10.1016/j.fuel.2026.140634,Intrinsic acid-base pairing enables fully aromatic polyamide membranes for robus,crossref,ms-10-1016_j-fuel-2026-140634.md
10.1016/j.fuel.2026.140662,Enhanced hydrogenation of 5-hydroxymethylfurfural over Cu/CoCeOx-CA via synergis,crossref,ms-10-1016_j-fuel-2026-140662.md
10.1016/j.fuel.2026.140673,Catalytic upgrading of bio-oil from microwave-assisted catalytic pyrolysis of se,crossref,ms-10-1016_j-fuel-2026-140673.md
10.1016/j.fuel.2026.140702,The performance of directional formic acid decomposition via light-driven novel,crossref,ms-10-1016_j-fuel-2026-140702.md
10.1016/j.fuel.2026.140724,One-pot conversion of acidic palm oil into biodiesel over a magnetically recover,crossref,ms-10-1016_j-fuel-2026-140724.md
10.1016/j.fuel.2026.140756,Thermal stress fragmentation mechanism and particle size evolution of pulverized,crossref,ms-10-1016_j-fuel-2026-140756.md
10.1016/j.fuel.2026.140846,Spatial distribution patterns and thermo-responsive mechanisms of multi-configur,crossref,ms-10-1016_j-fuel-2026-140846.md
10.1016/j.fuel.2026.140880,Factors affecting real-world ammonia emissions formation from light-duty gasolin,crossref,ms-10-1016_j-fuel-2026-140880.md
10.1016/j.fuel.2026.140907,Integration of multi objective optimization and exergy analysis for a direct red,crossref,ms-10-1016_j-fuel-2026-140907.md
10.1016/j.fuel.2026.140960,Comparative life cycle and techno-economic assessment of waste-to-energy plant w,crossref,ms-10-1016_j-fuel-2026-140960.md
10.1016/j.fuel.2026.140974,Efficient Solar-to-Hydrogen energy conversion and selective Photo-reforming of P,crossref,ms-10-1016_j-fuel-2026-140974.md
10.1016/j.fuel.2026.141004,Design and performance analysis of a sulfuric acid decomposer in a sulfur-iodine,crossref,ms-10-1016_j-fuel-2026-141004.md
10.1016/j.fuel.2026.141056,Effects of water-soluble amino acid promoters on the formation kinetics of liqui,crossref,ms-10-1016_j-fuel-2026-141056.md
10.1016/j.gene.2026.150261,Multi-omics analysis identifies CD48 and ITIH5 as potential diagnostic biomarker,crossref,ms-10-1016_j-gene-2026-150261.md
10.1016/j.geomat.2026.100122,A spatio-temporal model for wildfire spread prediction in Thailand using multi-s,crossref,ms-10-1016_j-geomat-2026-100122.md
10.1016/j.idm.2026.06.001,Stochastic threshold dynamics of an HIV model with latent cell activation under,crossref,ms-10-1016_j-idm-2026-06-001.md
10.1016/j.indcrop.2026.123709,O-methylated catechins in tea plant (Camellia sinensis): From biological activit,openalex,ms-10-1016_j-indcrop-2026-123709.md
10.1016/j.indcrop.2026.123712,"NtPNRF1, a novel gene regulating photosynthesis and flavonoid biosynthesis in Ni",openalex,ms-10-1016_j-indcrop-2026-123712.md
10.1016/j.indcrop.2026.123963,CsPPR203 regulates plastid RNA editing to mediate yellowish/albino leaf phenotyp,openalex,ms-10-1016_j-indcrop-2026-123963.md
10.1016/j.inffus.2026.104518,A brain-inspired low-light and infrared multimodal remote sensing detection netw,crossref,ms-10-1016_j-inffus-2026-104518.md
10.1016/j.inffus.2026.104609,Enhanced Fourier-based network for Low-Light image enhancement,crossref,ms-10-1016_j-inffus-2026-104609.md
10.1016/j.inffus.2026.104623,Bridging the semantic gap in extreme degradation: A cognition-vision synergistic,crossref,ms-10-1016_j-inffus-2026-104623.md
10.1016/j.ins.2026.123724,Reversible data hiding for medical images using multi-branch CNNs and class-awar,crossref,ms-10-1016_j-ins-2026-123724.md
10.1016/j.ins.2026.123892,FMTSE-FS: a hybrid feature selection method of fuzzy-multi-threshold segmentatio,crossref,ms-10-1016_j-ins-2026-123892.md
10.1016/j.ins.2026.124022,De novo design of energetic molecules via domain-guided reinforcement learning a,crossref,ms-10-1016_j-ins-2026-124022.md
10.1016/j.ipm.2026.105086,GeoAgent-MG-RAG: A multi-agent LLM framework with spatial knowledge graphs for c,crossref,ms-10-1016_j-ipm-2026-105086.md
10.1016/j.isci.2026.116452,Tandem single-cell epigenetic and transcriptomic analysis reveals spatiotemporal,openalex,ms-10-1016_j-isci-2026-116452.md
10.1016/j.isci.2026.116870,A single-cell transcriptomic atlas of peripheral blood immune cells spanning pro,openalex,ms-10-1016_j-isci-2026-116870.md
10.1016/j.jbspin.2026.106074,Strategies to overcome the full potential of mesenchymal stromal cells (MSCs) fo,crossref,ms-10-1016_j-jbspin-2026-106074.md
10.1016/j.jecp.2026.106604,Offline and online de novo motor skill learning differs in young children and ad,crossref,ms-10-1016_j-jecp-2026-106604.md
10.1016/j.jenvman.2026.130244,Lipid biosynthesis from HTC-AP of sewage sludge using engineered Yarrowia lipoly,openalex,ms-10-1016_j-jenvman-2026-130244.md
10.1016/j.jep.2026.121856,Integrated multi-omics analysis unveils biochemical mechanism of a triterpenoid-,crossref,ms-10-1016_j-jep-2026-121856.md
10.1016/j.jep.2026.121886,Gengnianshou formula inhibits estrogen deficiency induced obesity via an HSPA5-a,crossref,ms-10-1016_j-jep-2026-121886.md
10.1016/j.jep.2026.121919,Clinacanthus nutans (Burm. f.) Lindau ameliorates type 2 diabetes mellitus by su,crossref,ms-10-1016_j-jep-2026-121919.md
10.1016/j.jep.2026.121953,Systemic and topical use of herbal drugs vary by plant organ and chemosensory pr,crossref,ms-10-1016_j-jep-2026-121953.md
10.1016/j.jep.2026.121985,Rexiao Kuining decoction ameliorates ulcerative colitis by restoring immune home,crossref,ms-10-1016_j-jep-2026-121985.md
10.1016/j.jep.2026.121993,Corrigendum to “Integrated multi-omics analysis unveils biochemical mechanism of,crossref,ms-10-1016_j-jep-2026-121993.md
10.1016/j.jep.2026.122062,Multi-omics reveals the effects and mechanisms of Xinxue Granules against idiopa,crossref,ms-10-1016_j-jep-2026-122062.md
10.1016/j.jep.2026.122184,Multi-omics reveals the mechanism of Rehmannia glutinosa Libosch. Processed with,crossref,ms-10-1016_j-jep-2026-122184.md
10.1016/j.jep.2026.122194,Kunkui Baoshen Granule attenuates diabetic kidney disease via the SIRT3/FOXO3a s,crossref,ms-10-1016_j-jep-2026-122194.md
10.1016/j.jep.2026.122197,Guizhi Wuling Decoction alleviates myocardial fibrosis by restoring mitochondria,crossref,ms-10-1016_j-jep-2026-122197.md
10.1016/j.jep.2026.122216,Integrating multi-omics and network pharmacology in a systems approach: a mechan,crossref,ms-10-1016_j-jep-2026-122216.md
10.1016/j.jep.2026.122266,Multi-omics-driven network pharmacology and experimental validation elucidate th,crossref,ms-10-1016_j-jep-2026-122266.md
10.1016/j.jevs.2026.106054,Molecular detection of Toxoplasma gondii in an aborted equine fetus and serologi,crossref,ms-10-1016_j-jevs-2026-106054.md
10.1016/j.jfoodeng.2026.113139,Co-modified rice starch by extrusion and GML: multi-level structure,crossref,ms-10-1016_j-jfoodeng-2026-113139.md
10.1016/j.jfoodeng.2026.113148,Developing radio frequency technology for enhancing the processing characteristi,crossref,ms-10-1016_j-jfoodeng-2026-113148.md
10.1016/j.jfoodeng.2026.113149,Tribo-electrostatic separation of rice bran protein at distinctive pH: Where sur,crossref,ms-10-1016_j-jfoodeng-2026-113149.md
10.1016/j.jfoodeng.2026.113179,Electrical effect on multi-scale structure and gelatinization properties of rice,crossref,ms-10-1016_j-jfoodeng-2026-113179.md
10.1016/j.jfoodeng.2026.113182,Light propagation in an intact egg: Combining bulk optical properties measuremen,crossref,ms-10-1016_j-jfoodeng-2026-113182.md
10.1016/j.jfutfo.2024.11.021,Light-stable carboxymethyl cellulose-based smart packaging film for real-time vi,crossref,ms-10-1016_j-jfutfo-2024-11-021.md
10.1016/j.jfutfo.2024.11.022,Multi-omics analysis reveals the anti-obesity and hepatoprotective properties of,crossref,ms-10-1016_j-jfutfo-2024-11-022.md
10.1016/j.jfutfo.2024.11.024,"Biological functions, synthetic biology strategies, and application prospects of",crossref,ms-10-1016_j-jfutfo-2024-11-024.md
10.1016/j.jfutfo.2025.02.011,Discovery of novel key non-volatile metabolites linked to Lactiplantibacillus pl,crossref,ms-10-1016_j-jfutfo-2025-02-011.md
10.1016/j.jfutfo.2025.07.011,Improving physicochemical and sensory properties of plant-based meat patties wit,crossref,ms-10-1016_j-jfutfo-2025-07-011.md
10.1016/j.jfutfo.2025.08.007,New insights into the improvement of static magnetic field on α-amylase activity,crossref,ms-10-1016_j-jfutfo-2025-08-007.md
10.1016/j.jia.2026.06.001,Unraveling the molecular and metabolic mechanisms of 6-benzylaminopurine-mediate,openalex,ms-10-1016_j-jia-2026-06-001.md
10.1016/j.jid.2026.06.076,0045 Spatial neuro-immune networks of dorsal root ganglion and skin in an MC903-,openalex,ms-10-1016_j-jid-2026-06-076.md
10.1016/j.jid.2026.06.144,0113 High-resolution spatial and single-cell atlas of human scalp skin defines c,openalex,ms-10-1016_j-jid-2026-06-144.md
10.1016/j.jid.2026.06.665,0634 Chronic sun exposure induces localized epigenetic age acceleration in photo,openalex,ms-10-1016_j-jid-2026-06-665.md
10.1016/j.jid.2026.06.684,0653 Epigenetic drivers of keloid formation: A systematic review,openalex,ms-10-1016_j-jid-2026-06-684.md
10.1016/j.jid.2026.06.709,0678 Skin commensal yeast attenuates inflammation via AhR-mediated epigenetic re,openalex,ms-10-1016_j-jid-2026-06-709.md
10.1016/j.jms.2026.112114,Theoretical structural and spectroscopic characterization of HOCH2CP: A phosphor,crossref,ms-10-1016_j-jms-2026-112114.md
10.1016/j.jmst.2026.03.017,Co-mediation of oxygen-doping and S-vacancies in CdIn2S4 enables optimal electro,crossref,ms-10-1016_j-jmst-2026-03-017.md
10.1016/j.jmst.2026.04.022,Three-dimensional and multimodal X-ray microscopy for structural materials: Towa,crossref,ms-10-1016_j-jmst-2026-04-022.md
10.1016/j.jmst.2026.04.037,Stress competition mechanism and ultra-clean process optimization of Marangoni d,crossref,ms-10-1016_j-jmst-2026-04-037.md
10.1016/j.jmst.2026.05.006,Robust corrosion inhibition by thiadiazole derivatives for Q235 steel in methane,crossref,ms-10-1016_j-jmst-2026-05-006.md
10.1016/j.jmst.2026.05.019,Excellent creep resistance with synergistic strengthening mechanisms of a lightw,crossref,ms-10-1016_j-jmst-2026-05-019.md
10.1016/j.jmst.2026.05.033,Synergistic effect of local chemical fluctuation and oxygen-induced nanodomains,crossref,ms-10-1016_j-jmst-2026-05-033.md
10.1016/j.jmst.2026.05.039,Upgraded anti-corrosion strategies: Oil meal-based inhibitors for steel in phosp,crossref,ms-10-1016_j-jmst-2026-05-039.md
10.1016/j.jmst.2026.05.040,Bio-based phytic acid-amino acid/OMMT synergistic system for fire safety and per,crossref,ms-10-1016_j-jmst-2026-05-040.md
10.1016/j.jmst.2026.05.042,Superior defect trapping at lattice misfit interfaces in ODS steels under single,crossref,ms-10-1016_j-jmst-2026-05-042.md
10.1016/j.jmst.2026.05.061,Origin of interfacial stress in homoepitaxial GaN grown by Na-flux method,crossref,ms-10-1016_j-jmst-2026-05-061.md
10.1016/j.jmst.2026.05.067,Effects of different tensile stress magnitudes on the in vitro corrosion behavio,crossref,ms-10-1016_j-jmst-2026-05-067.md
10.1016/j.jmst.2026.05.068,Ligand side-chain engineering of amino acid-copper MOF coatings: Tunable morphol,crossref,ms-10-1016_j-jmst-2026-05-068.md
10.1016/j.jmst.2026.05.076,Magnesium-assisted fabrication of platinum single-atom electrocatalysts anchored,crossref,ms-10-1016_j-jmst-2026-05-076.md
10.1016/j.jmst.2026.06.002,Ductility enhancement mechanism of stress-aged Al-Zn-Mg-Cu alloy considering the,crossref,ms-10-1016_j-jmst-2026-06-002.md
10.1016/j.jmst.2026.06.062,Electronic modulation of atomically dispersed Cu single atom nanozyme by boron d,crossref,ms-10-1016_j-jmst-2026-06-062.md
10.1016/j.jmst.2026.06.064,Physics-based electromigration lifetime modeling for low-temperature Sn-Bi-Ag so,crossref,ms-10-1016_j-jmst-2026-06-064.md
10.1016/j.jmst.2026.07.005,Optimizing cathodic protection potential to simultaneously mitigate microbial co,crossref,ms-10-1016_j-jmst-2026-07-005.md
10.1016/j.jmst.2026.07.012,Stress-mediated microstructural evolution for enhancing thermal stability and me,crossref,ms-10-1016_j-jmst-2026-07-012.md
10.1016/j.jmst.2026.07.021,Thermal history and stress redistributions achieving reduced crack susceptibilit,crossref,ms-10-1016_j-jmst-2026-07-021.md
10.1016/j.jmst.2026.07.058,Surface sulfur passivation for unprecedented stability of CdS in photoreforming,crossref,ms-10-1016_j-jmst-2026-07-058.md
10.1016/j.jpba.2026.117584,Study on the correlation between external traits and intrinsic quality of Pseudo,openalex,ms-10-1016_j-jpba-2026-117584.md
10.1016/j.jpba.2026.117617,Multi-omics analysis reveals mitochondrial dysfunction-driven oxidative stress p,crossref,ms-10-1016_j-jpba-2026-117617.md
10.1016/j.jphotochem.2026.117357,Unraveling the transport properties of ZnS(en)0.5 hybrid and ZnS/g-C3N4 for the,crossref,ms-10-1016_j-jphotochem-2026-117357.md
10.1016/j.jphotochem.2026.117379,A Core structural design strategy for molecular resists based on inhibiting acid,crossref,ms-10-1016_j-jphotochem-2026-117379.md
10.1016/j.jphotochem.2026.117408,Carbon-confined CNT@PDA@Fe3O4 water purification catalyst for visible-light-assi,crossref,ms-10-1016_j-jphotochem-2026-117408.md
10.1016/j.jphotochem.2026.117415,"Synthesis, mechanical and self-healing properties of light-switchable supramolec",crossref,ms-10-1016_j-jphotochem-2026-117415.md
10.1016/j.jphotochem.2026.117475,Degradation of tetracycline hydrochloride with a transition metal free sulfur do,crossref,ms-10-1016_j-jphotochem-2026-117475.md
10.1016/j.jphotochem.2026.117520,Dumbbell-shaped CdS@MoS2 S-scheme heterojunction for efficient visible-light pho,crossref,ms-10-1016_j-jphotochem-2026-117520.md
10.1016/j.jphotochem.2026.117546,Highly efficient photocatalytic degradation of brilliant green and reactive red,crossref,ms-10-1016_j-jphotochem-2026-117546.md
10.1016/j.jphotochem.2026.117569,High-efficient photocatalytic degradation of enrofloxacin by bamboo charcoal sup,crossref,ms-10-1016_j-jphotochem-2026-117569.md
10.1016/j.jphotochem.2026.117575,Z-scheme NiCo2S4/CuS nano-disks derived from MOF-199(Cu) for LED light induced p,crossref,ms-10-1016_j-jphotochem-2026-117575.md
10.1016/j.jphotochem.2026.117580,Efficient degradation of tetracycline hydrochloride by a visible-light-responsiv,crossref,ms-10-1016_j-jphotochem-2026-117580.md
10.1016/j.jphotochem.2026.117582,A theoretical study of ICT-driven dual-anion sensing: Unraveling the mechanism a,crossref,ms-10-1016_j-jphotochem-2026-117582.md
10.1016/j.jphotochem.2026.117587,Interfacial Schottky engineering of MoB MBene/MnxCd(1-x)S for accelerated visibl,crossref,ms-10-1016_j-jphotochem-2026-117587.md
10.1016/j.jphotochem.2026.117603,Boosting visible-light photocatalytic reduction of Cr(VI) via a Sb2S3/Co9S8 type,crossref,ms-10-1016_j-jphotochem-2026-117603.md
10.1016/j.jphotochem.2026.117616,Bi2-xLaTiVO9:xEu3+: A highly thermally stable red phosphor for W-LED and plant g,crossref,ms-10-1016_j-jphotochem-2026-117616.md
10.1016/j.jshs.2025.101098,Human development and gender inequality are associated with cardiorespiratory fi,crossref,ms-10-1016_j-jshs-2025-101098.md
10.1016/j.jshs.2025.101099,Associations of accelerometer-measured light-intensity physical activity with mo,crossref,ms-10-1016_j-jshs-2025-101099.md
10.1016/j.jspi.2026.106442,Doubly robust and efficient estimation in a partially linear additive single-ind,crossref,ms-10-1016_j-jspi-2026-106442.md
10.1016/j.jtice.2026.106822,Organic color converter-enhanced UV-pumped white LEDs for high-bandwidth visible,crossref,ms-10-1016_j-jtice-2026-106822.md
10.1016/j.jxh.2026.100008,Modulating terpenoid biosynthesis in mint (Mentha spicata L.) through the applic,crossref,ms-10-1016_j-jxh-2026-100008.md
10.1016/j.landusepol.2026.108137,Unpacking spatially explicit cropland non-agriculturalization in China based on,crossref,ms-10-1016_j-landusepol-2026-108137.md
10.1016/j.marpolbul.2026.119965,In situ experimental evidence of the effects of commercial sunscreens and their,openalex,ms-10-1016_j-marpolbul-2026-119965.md
10.1016/j.mcat.2026.116108,Multi-enzyme cascade strategy for efficient biosynthesis of 5-hydroxypipecolic a,openalex,ms-10-1016_j-mcat-2026-116108.md
10.1016/j.mec.2026.e00286,"Reconstituting a two-step pathway for N,N-dimethyltryptamine (DMT) biosynthesis",crossref,ms-10-1016_j-mec-2026-e00286.md
10.1016/j.micres.2026.128562,Mutualistic interaction between Herbaspirillum seropedicae and Trichoderma longi,crossref,ms-10-1016_j-micres-2026-128562.md
10.1016/j.micres.2026.128618,Integrative multi-omics analysis uncovers the critical role of plant-derived fer,crossref,ms-10-1016_j-micres-2026-128618.md
10.1016/j.mores.2026.100003,Recent research progress of plant-derived chlorogenic acid in cancer therapy: An,openalex,ms-10-1016_j-mores-2026-100003.md
10.1016/j.mssp.2026.110968,Spatial-frequency-resolved roughness evolution in single-crystal silicon CMP tow,crossref,ms-10-1016_j-mssp-2026-110968.md
10.1016/j.napere.2026.100212,Seed biopriming with Trichoderma-secondary metabolites promotes plant growth and,crossref,ms-10-1016_j-napere-2026-100212.md
10.1016/j.ncrops.2025.100089,Establishment and optimization of CUT&amp;Tag for identifying transcription fact,crossref,ms-10-1016_j-ncrops-2025-100089.md
10.1016/j.neucom.2026.134054,A brain-inspired SLAM system with multi-scale spatial cell model and visual temp,crossref,ms-10-1016_j-neucom-2026-134054.md
10.1016/j.neunet.2026.109345,ARetinex-Net: Low-light image enhancement with adaptive retinex model and global,crossref,ms-10-1016_j-neunet-2026-109345.md
10.1016/j.neunet.2026.109361,MSESTA: Multi-scale evolving spatial-temporal attention for long-term traffic pr,crossref,ms-10-1016_j-neunet-2026-109361.md
10.1016/j.neunet.2026.109371,PDA-AR: Progressive low-light facial expression recognition via multi-level alig,crossref,ms-10-1016_j-neunet-2026-109371.md
10.1016/j.neunet.2026.109422,SSL-LODDA: Self-supervised learning for low-light object detection with domain a,crossref,ms-10-1016_j-neunet-2026-109422.md
10.1016/j.nonrwa.2026.104700,The role of dormancy in survival under periodic stress: A delayed chemostat mode,crossref,ms-10-1016_j-nonrwa-2026-104700.md
10.1016/j.nxnano.2026.100562,Engineering cellulose nanocrystals from plant waste biomass as next-generation f,crossref,ms-10-1016_j-nxnano-2026-100562.md
10.1016/j.patcog.2026.113433,Multi-modal object tracking with detailed spatial prompt learning,crossref,ms-10-1016_j-patcog-2026-113433.md
10.1016/j.patcog.2026.113442,FMaMIL: Synergistic spatial-frequency Mamba multi-instance learning for weakly s,crossref,ms-10-1016_j-patcog-2026-113442.md
10.1016/j.patcog.2026.113925,MrsNet: Multi-scale dual-domain reconstruction with spatial-spectral masked netw,crossref,ms-10-1016_j-patcog-2026-113925.md
10.1016/j.patcog.2026.113962,Shannon entropy-weighted views and adversarial learning for light field microsco,crossref,ms-10-1016_j-patcog-2026-113962.md
10.1016/j.patcog.2026.114094,"A single-cell feature selection method based on subspace and minimum redundancy,",crossref,ms-10-1016_j-patcog-2026-114094.md
10.1016/j.patcog.2026.114139,ACIDNet: Asymmetric Chromaticity-Intensity Decoupling for low-light image enhanc,crossref,ms-10-1016_j-patcog-2026-114139.md
10.1016/j.patcog.2026.114316,Multi-view masked graph representation learning with semantic alignment for spat,crossref,ms-10-1016_j-patcog-2026-114316.md
10.1016/j.patcog.2026.114355,HGNet: Hypergraph-coordinated multi-scale spatial dependency-aware fusion for im,crossref,ms-10-1016_j-patcog-2026-114355.md
"10.1016/j.pbiomolbio.2026.02.004"">10.1016/j.pbiomolbio.2026.02.004</a></p","The Phoenix Flora: Plant Survival, Succession, and Putative Adaptation in the Po",openalex,"ms-10-1016_j-pbiomolbio-2026-02-004"">10-1016_j-pbiomolbio-2026-.md"
10.1016/j.pce.2026.104520,Application of remote sensing for identification of Invasive Plant Species (IPS),crossref,ms-10-1016_j-pce-2026-104520.md
10.1016/j.pce.2026.104578,Analysis of the standardized precipitation index and its impact on drought hydro,crossref,ms-10-1016_j-pce-2026-104578.md
10.1016/j.phage.2026.100005,"Enhanced suppression of Pseudomonas coronafaciens pv. garcae, the etiological ag",crossref,ms-10-1016_j-phage-2026-100005.md
10.1016/j.phrs.2026.108350,Oleoylethanolamide attenuates early skeletal muscle metabolic remodeling induced,openalex,ms-10-1016_j-phrs-2026-108350.md
10.1016/j.plantsci.2026.113157,Effects of loss of CO<sub>2</sub>-Responsive CCT Protein interaction with 14-3-3,openalex,ms-10-1016_j-plantsci-2026-113157.md
10.1016/j.plantsci.2026.113196,Predictive models for phenotyping and classification of wheat cultivar viability,crossref,ms-10-1016_j-plantsci-2026-113196.md
10.1016/j.plantsci.2026.113214,Physiological and agronomic responses of cucurbit crops to drought and combined,crossref,ms-10-1016_j-plantsci-2026-113214.md
10.1016/j.plantsci.2026.113216,Integrated multi-omics reveals divergent salt stress response mechanisms in thre,crossref,ms-10-1016_j-plantsci-2026-113216.md
10.1016/j.plantsci.2026.113243,Mechanical disturbance of trichomes enhances Cd2+ accumulation via malate-mediat,crossref,ms-10-1016_j-plantsci-2026-113243.md
10.1016/j.plantsci.2026.113246,Integrated transcriptomic and metabolomic analyses reveal the involvement of AtG,crossref,ms-10-1016_j-plantsci-2026-113246.md
10.1016/j.plantsci.2026.113264,Avena sativa L. boosts Lolium perenne L. growth through root exudate reprogrammi,crossref,ms-10-1016_j-plantsci-2026-113264.md
10.1016/j.plantsci.2026.113265,miR5810–OsMRLP6 module regulates rice salt tolerance by affecting ROS accumulati,crossref,ms-10-1016_j-plantsci-2026-113265.md
10.1016/j.plantsci.2026.113266,"Role of plant nutritional balance under combined abiotic stress conditions, and",crossref,ms-10-1016_j-plantsci-2026-113266.md
10.1016/j.plantsci.2026.113348,PlantST: Unraveling plant tissue heterogeneity and developmental trajectories vi,openalex,ms-10-1016_j-plantsci-2026-113348.md
10.1016/j.plaphy.2026.111412,"PmTCP18, a class I TCP transcription factor from Prunus mume, regulates plant he",openalex,ms-10-1016_j-plaphy-2026-111412.md
10.1016/j.plaphy.2026.111468,The pentose phosphate pathway coordinates cytokinin homeostasis and CpG island m,openalex,ms-10-1016_j-plaphy-2026-111468.md
10.1016/j.plaphy.2026.111567,The auxin response factor PgARF19 directly activates PgFLP and PgPIN3 to regulat,openalex,ms-10-1016_j-plaphy-2026-111567.md
10.1016/j.plares.2026.100014,Combined metabolomic and transcriptomic analyses reveal mechanisms of Aspergillu,crossref,ms-10-1016_j-plares-2026-100014.md
10.1016/j.pmatsci.2026.101774,Metamaterials for light generation,crossref,ms-10-1016_j-pmatsci-2026-101774.md
10.1016/j.pmatsci.2026.101789,Epigenetic-targeted nanomedicine in cancer: from molecular mechanisms to therape,crossref,ms-10-1016_j-pmatsci-2026-101789.md
10.1016/j.postharvbio.2026.114448,Multi-omics analysis reveals that preharvest arginine application enhances antio,crossref,ms-10-1016_j-postharvbio-2026-114448.md
10.1016/j.postharvbio.2026.114480,MaMYB44/MaIAA regulatory module mediates proanthocyanidin biosynthesis and fruit,openalex,ms-10-1016_j-postharvbio-2026-114480.md
10.1016/j.postharvbio.2026.114526,Functional characterization of PsMYC2 involved in cold-induced anthocyanin biosy,crossref,ms-10-1016_j-postharvbio-2026-114526.md
10.1016/j.postharvbio.2026.114622,Integrated multi-omics reveals postharvest quality variation and regulatory netw,crossref,ms-10-1016_j-postharvbio-2026-114622.md
10.1016/j.precisioneng.2026.06.011,Photometrically robust Fourier light field microscopy measuring method using spa,crossref,ms-10-1016_j-precisioneng-2026-06-011.md
10.1016/j.psychres.2026.117277,Multi-omics integration identifies cell-type-specific CISD1 and QDPR as druggabl,crossref,ms-10-1016_j-psychres-2026-117277.md
10.1016/j.pvmrsr.2026.100016,"Presence and diversity of Leptospira species and serogroups in domestic animals,",crossref,ms-10-1016_j-pvmrsr-2026-100016.md
10.1016/j.radphyschem.2026.114114,Gamma irradiation combined with natural antimicrobials to improve the safety and,crossref,ms-10-1016_j-radphyschem-2026-114114.md
10.1016/j.rama.2026.01.006,A Case for Vegetative Restoration via Sprigging as an Effective Restoration Tool,openalex,ms-10-1016_j-rama-2026-01-006.md
10.1016/j.rama.2026.06.010,Evaluating Herbicide Combinations and Application Rates on Texas Pricklypear,openalex,ms-10-1016_j-rama-2026-06-010.md
10.1016/j.ress.2026.112807,Correlation analysis framework based on spatial traffic characteristics and modi,crossref,ms-10-1016_j-ress-2026-112807.md
10.1016/j.ress.2026.112892,Mitigation action-dependent prediction of nuclear plant parameters for severe ac,crossref,ms-10-1016_j-ress-2026-112892.md
10.1016/j.ress.2026.112930,Modeling and reliability assessment method for multi-stress accelerated degradat,crossref,ms-10-1016_j-ress-2026-112930.md
10.1016/j.ress.2026.112986,Optimal design of step-stress accelerated degradation tests for harmonic reducer,crossref,ms-10-1016_j-ress-2026-112986.md
10.1016/j.ress.2026.112987,A Petri Net-based asset management model for polymer electrolyte membrane electr,crossref,ms-10-1016_j-ress-2026-112987.md
10.1016/j.ress.2026.113120,Seismic fragility of nuclear power plant structure considering raft-pile-soil-st,crossref,ms-10-1016_j-ress-2026-113120.md
10.1016/j.ress.2026.113176,Post-disaster recovery of infrastructure system with spatial zonation based on m,crossref,ms-10-1016_j-ress-2026-113176.md
10.1016/j.ress.2026.113188,Quantitative impact analysis of environmental factors on frequency of support sy,crossref,ms-10-1016_j-ress-2026-113188.md
10.1016/j.ress.2026.113255,Multi-factor coupled risk assessment model for coal mine gas explosions based on,crossref,ms-10-1016_j-ress-2026-113255.md
10.1016/j.rineng.2026.111675,Tracking microfibres along the sludge line of a full-scale wastewater treatment,crossref,ms-10-1016_j-rineng-2026-111675.md
10.1016/j.saa.2026.128216,Micellization-controlled self-assembly of ZnPc(SO₂Cl)₄ in aqueous media: spectro,crossref,ms-10-1016_j-saa-2026-128216.md
10.1016/j.saa.2026.128229,Through-space charge transfer enables efficient carbonyl/amine multi-resonance e,crossref,ms-10-1016_j-saa-2026-128229.md
10.1016/j.sajb.2026.06.003,Development of an efficient in vitro regeneration protocol using apical bud expl,openalex,ms-10-1016_j-sajb-2026-06-003.md
10.1016/j.semcdb.2026.103686,Multiscale biophysical control of epithelial shape transitions during animal dev,openalex,ms-10-1016_j-semcdb-2026-103686.md
10.1016/j.sigpro.2026.110730,WaveCD: Physics-guided wavelet cold diffusion for low-light image denoising,crossref,ms-10-1016_j-sigpro-2026-110730.md
10.1016/j.sigpro.2026.110832,EA-NACFE: Edge-aware nonlinear low-light image enhancement via closed-form diffu,crossref,ms-10-1016_j-sigpro-2026-110832.md
10.1016/j.snb.2026.140239,SERS sensor based on metabolic oligosaccharide engineering for detection of glyc,crossref,ms-10-1016_j-snb-2026-140239.md
10.1016/j.supmat.2025.100121,Light-triggered one-pot synthesis of covalent-supramolecular double network elas,crossref,ms-10-1016_j-supmat-2025-100121.md
10.1016/j.supmat.2026.100139,Single-molecule studies reveal that the Ca2+ ions form maximum bridges with poly,crossref,ms-10-1016_j-supmat-2026-100139.md
10.1016/j.synbio.2026.04.010,Metabolic engineering of Saccharomyces cerevisiae for co-production of ergothion,crossref,ms-10-1016_j-synbio-2026-04-010.md
10.1016/j.synbio.2026.04.021,High-level amyrin production in Yarrowia lipolytica via metabolic and enzyme eng,crossref,ms-10-1016_j-synbio-2026-04-021.md
10.1016/j.synbio.2026.04.023,Unconditional de novo generation and functional validation of synthetic promoter,crossref,ms-10-1016_j-synbio-2026-04-023.md
10.1016/j.synbio.2026.04.031,The acetylation mechanism and engineering strategy of isocitrate lyase for optim,crossref,ms-10-1016_j-synbio-2026-04-031.md
10.1016/j.synbio.2026.04.041,Metabolic engineering of Vibrio natriegens for the efficient biosynthesis of erg,crossref,ms-10-1016_j-synbio-2026-04-041.md
10.1016/j.synbio.2026.05.002,"De novo production of (−)-limonene, (−)-carveol and (−)-carvone via engineering",crossref,ms-10-1016_j-synbio-2026-05-002.md
10.1016/j.synbio.2026.05.011,Metabolic engineering of Escherichia coli based on adaptive evolution and omics,crossref,ms-10-1016_j-synbio-2026-05-011.md
10.1016/j.synbio.2026.05.012,Systematic enzyme and cofactor engineering for efficient ursolic acid biosynthes,crossref,ms-10-1016_j-synbio-2026-05-012.md
10.1016/j.synbio.2026.05.015,Improved catalytic efficiency of P450 OleP for converting lithocholic acid into,crossref,ms-10-1016_j-synbio-2026-05-015.md
10.1016/j.synbio.2026.06.006,"Characterization of OsNrx3i1, the first intron of rice OsNrx3 gene, as a candida",crossref,ms-10-1016_j-synbio-2026-06-006.md
10.1016/j.synbio.2026.06.007,Engineering short-sequence elements for condensate-like assemblies by de novo de,crossref,ms-10-1016_j-synbio-2026-06-007.md
10.1016/j.talanta.2026.130276,MgFe2O4/graphene nanocomposites for bifunctional wastewater remediation: A criti,crossref,ms-10-1016_j-talanta-2026-130276.md
10.1016/j.talanta.2026.130297,CRISPR-responsive hybrid MOF assembling assay for rapid electrochemical detectio,crossref,ms-10-1016_j-talanta-2026-130297.md
10.1016/j.talanta.2026.130314,Towards selective fluorimetric nanospheres sensor for perfluorooctanoic acid ani,crossref,ms-10-1016_j-talanta-2026-130314.md
10.1016/j.talanta.2026.130315,Signal-on electrochemiluminescence biosensor for hepatitis B virus DNA based on,crossref,ms-10-1016_j-talanta-2026-130315.md
10.1016/j.talanta.2026.130319,A microfluidic paper-based device for on-site colorimetric detection of scopolam,crossref,ms-10-1016_j-talanta-2026-130319.md
10.1016/j.talanta.2026.130324,CRISPR/Cas12a-coupled organic electrochemical transistors for highly sensitive d,crossref,ms-10-1016_j-talanta-2026-130324.md
10.1016/j.talanta.2026.130328,Sensitive determination of mandelic acid in urine samples by D-μSPE using an H-Z,crossref,ms-10-1016_j-talanta-2026-130328.md
10.1016/j.talanta.2026.130354,Design of a red-emitting camphor-derived benzothiazole ratiometric fluorescent p,crossref,ms-10-1016_j-talanta-2026-130354.md
10.1016/j.talanta.2026.130356,Interfacially programmable triblock DNA probes enable highly specific PDGF-BB de,crossref,ms-10-1016_j-talanta-2026-130356.md
10.1016/j.tbs.2026.101288,Commercial OD flow prediction with multi-feature spatial representation learning,crossref,ms-10-1016_j-tbs-2026-101288.md
10.1016/j.tbs.2026.101299,From anxiety to advantage: a multi-year longitudinal evidence of behavioral and,crossref,ms-10-1016_j-tbs-2026-101299.md
10.1016/j.tice.2026.103535,Integrative multi‑omics and experimental validation reveal that Duhuo Jisheng De,crossref,ms-10-1016_j-tice-2026-103535.md
10.1016/j.tice.2026.103587,Mechanistic reprogramming by stem cell-derived extracellular vesicles: From carg,crossref,ms-10-1016_j-tice-2026-103587.md
10.1016/j.tice.2026.103741,Dehydrocostus lactone attenuates hyperthyroidism-induced myocardial remodeling a,crossref,ms-10-1016_j-tice-2026-103741.md
10.1016/j.tice.2026.103747,Dapagliflozin uncouples the anti-inflammatory and lipogenic effects of pioglitaz,crossref,ms-10-1016_j-tice-2026-103747.md
10.1016/j.tice.2026.103753,Salidroside inhibits extracellular matrix deposition and oxidative stress in hum,crossref,ms-10-1016_j-tice-2026-103753.md
10.1016/j.tice.2026.103754,Hybrid chitosan sponges biofunctionalized with decellularized porcine bladder ex,crossref,ms-10-1016_j-tice-2026-103754.md
10.1016/j.tice.2026.103756,Integrating multi-omics reveals the protective effects of Lycium ruthenicum anth,crossref,ms-10-1016_j-tice-2026-103756.md
10.1016/j.tice.2026.103763,Mitigation of cyclophosphamide-induced nephrotoxicity by raspberry ketones throu,crossref,ms-10-1016_j-tice-2026-103763.md
10.1016/j.tice.2026.103784,Fenofibrate attenuates cisplatin-induced nephrotoxicity in rats by restoring mit,crossref,ms-10-1016_j-tice-2026-103784.md
10.1016/j.tice.2026.103796,Hydroxytyrosol attenuates STZ-induced nephropathy in pinealectomized rats: Assoc,crossref,ms-10-1016_j-tice-2026-103796.md
10.1016/j.tice.2026.103800,Radioprotective effects of melatonin on colon epithelium: Role in oxidative stre,crossref,ms-10-1016_j-tice-2026-103800.md
10.1016/j.tice.2026.103807,Silymarin mitigates tartrazine-induced fetal nephrotoxicity and oxidative stress,crossref,ms-10-1016_j-tice-2026-103807.md
10.1016/j.tice.2026.103830,Prunin attenuates aflatoxin B1-induced testicular toxicity by alleviating oxidat,crossref,ms-10-1016_j-tice-2026-103830.md
10.1016/j.tice.2026.103836,Marine algae as a source of bioactive nanofibers: Innovations in tissue repair a,crossref,ms-10-1016_j-tice-2026-103836.md
10.1016/j.tourman.2026.105498,Going beyond a stress reliever: A human-supported mindfulness intervention enhan,crossref,ms-10-1016_j-tourman-2026-105498.md
10.1016/j.toxrep.2026.102308,Multi-omics integration deciphers arsenic-induced multi-organ toxicity and the n,crossref,ms-10-1016_j-toxrep-2026-102308.md
10.1016/j.triboint.2026.112036,Tribological synergy of carboxylic-acid-modified h-BN in polyalphaolefin under d,crossref,ms-10-1016_j-triboint-2026-112036.md
10.1016/j.triboint.2026.112332,Effect of non-uniform stress distribution on the erosion behavior of multi-phase,crossref,ms-10-1016_j-triboint-2026-112332.md
10.1016/j.triboint.2026.112466,A stress-intensity-factor-based model for the ductile-to-brittle transition in s,crossref,ms-10-1016_j-triboint-2026-112466.md
10.1016/j.triboint.2026.112477,A biomass-derived L-proline/glycolic acid deep eutectic solvent for superlubrici,crossref,ms-10-1016_j-triboint-2026-112477.md
10.1016/j.triboint.2026.112498,"Mechanism of synergistic enhancement in mechanical strength, interfacial adhesio",crossref,ms-10-1016_j-triboint-2026-112498.md
10.1016/j.ultras.2026.108158,A Modal Synergistic Actuation Multi-Degree-of-Freedom Rotary Piezoelectric Actua,crossref,ms-10-1016_j-ultras-2026-108158.md
10.1016/j.uncres.2026.100457,Nanoparticle-assisted enzymatic pretreatment enhances biomethane recovery and te,crossref,ms-10-1016_j-uncres-2026-100457.md
10.1016/j.watbs.2025.100529,Temporal hedonic regulation of feeding behavior in rainbow trout: a role for the,crossref,ms-10-1016_j-watbs-2025-100529.md
10.1016/j.watres.2026.126655,Capillary fringe microbial hotspots driven by spatial encounters reshape multi-f,crossref,ms-10-1016_j-watres-2026-126655.md
10.1021/acs.chemrev.5c01105,Membrane Protein Design: From Reprogramming Functions to AI-Guided <i>De Novo</i,openalex,ms-10-1021_acs-chemrev-5c01105.md
10.1021/acs.jafc.5c14938,Peroxisomal Surface Display of Cat2 in <i>Yarrowia lipolytica</i> Enhances the B,openalex,ms-10-1021_acs-jafc-5c14938.md
10.1021/acs.jafc.5c15406,Deciphering the Genetic Basis of Polymethoxylated Flavones Biosynthesis in <i>Ci,openalex,ms-10-1021_acs-jafc-5c15406.md
10.1021/acs.jafc.6c04483,Self-Assembled Dual-Functional Anti-Idiotypic Nanobody on IMX313 Nanoscaffolds f,openalex,ms-10-1021_acs-jafc-6c04483.md
10.1021/acs.jafc.6c04788,Discovery of a Unique NRPS Gene Cluster <i>San</i> for the Biosynthesis of Anti-,openalex,ms-10-1021_acs-jafc-6c04788.md
10.1021/acs.jafc.6c05648,"Trends in the PromisingFunctional Pigment, Phycocyanobilin:Preparation, Health B",openalex,ms-10-1021_acs-jafc-6c05648.md
10.1021/acs.jcim.6c00859,AI-Enforced Ultra-Large Virtual Screening Discovers Potent CD28 Binders,openalex,ms-10-1021_acs-jcim-6c00859.md
10.1021/acs.jmedchem.5c03448,Mechanistic Exploration of Half-Sandwich Iridium(III) Anticancer Compounds throu,openalex,ms-10-1021_acs-jmedchem-5c03448.md
10.1021/acs.jmedchem.6c01988,Drug Discovery of Allosteric Molecular Glue Degraders (aMGDs): Expanding the Lan,openalex,ms-10-1021_acs-jmedchem-6c01988.md
10.1021/acs.jnatprod.6c00175,Engineering <i>Bacillus Subtilis</i> and Fermentation Process Optimization for H,openalex,ms-10-1021_acs-jnatprod-6c00175.md
10.1021/acs.jpclett.6c01344,Mapping the Binding Landscape of Allosteric Inhibitor G6PDi-1 on Human G6PD,openalex,ms-10-1021_acs-jpclett-6c01344.md
10.1021/acsaenm.6c00314,"Speculum-Free Biomaterials, Multi-omics Liquid Biopsy, and AI-Driven Theranostic",openalex,ms-10-1021_acsaenm-6c00314.md
10.1021/acsapm.6c01102,Solution Blow Spinning of Programmable Biofunctionalized Polymer Fibers,openalex,ms-10-1021_acsapm-6c01102.md
10.1021/acsestengg.6c00605,NanomagnetitePromotes Sub-Thermophilic AnaerobicDigestion by Enhancing Electron,openalex,ms-10-1021_acsestengg-6c00605.md
10.1021/acsinfecdis.6c00340,Synthesis of 4-Aminoindole-Containing Cephalosporin Prodrugs and Their Biologica,openalex,ms-10-1021_acsinfecdis-6c00340.md
10.1021/acsomega.5c13275,Plant-Microbe-Assisted Approaches for Remediating Heavy Metals and Organic Pollu,openalex,ms-10-1021_acsomega-5c13275.md
10.1021/acsomega.6c00213,Effects of Water Deficit and GABA-Containing Biostimulant on Maize Plants: Nonde,openalex,ms-10-1021_acsomega-6c00213.md
10.1021/acssuschemeng.5c14002,Green Synthesis of Chitooligosaccharides and Lacto- <i>N</i> -Triose II Catalyze,openalex,ms-10-1021_acssuschemeng-5c14002.md
10.1021/jacs.6c08575,Unraveling the Chemical and Enzymatic Logic of Cytokinin Biosynthesis and Inacti,openalex,ms-10-1021_jacs-6c08575.md
10.1021/jacsau.6c00381,<i>cis</i> -Selective Direct Halocyclopropanation of Alkenes Mediated by Nucleop,openalex,ms-10-1021_jacsau-6c00381.md
10.1038/d41586-026-02240-x,Fly neurons carry a molecular ‘timestamp’ that encodes their birth order,openalex,ms-10-1038_d41586-026-02240-x.md
10.1038/s41388-026-03899-2,KLF12-mediated suppression of androgen receptor accelerates metastasis in endome,openalex,ms-10-1038_s41388-026-03899-2.md
10.1038/s41401-026-01835-4,Epigenetic plasticity in cancer drug resistance: mechanistic insights and strate,openalex,ms-10-1038_s41401-026-01835-4.md
10.1038/s41417-026-01059-y,Target therapeutic exploitation of engineered exosome-mediated delivery of ncRNA,openalex,ms-10-1038_s41417-026-01059-y.md
10.1038/s41419-026-09011-6,AARS1-catalyzed H4K12 lactylation promotes HCC resistance to targeted therapy by,openalex,ms-10-1038_s41419-026-09011-6.md
10.1038/s41467-026-73996-z,Genetic architecture of white matter microstructure captured by unsupervised dee,openalex,ms-10-1038_s41467-026-73996-z.md
10.1038/s41467-026-74048-2,Chromobox 3 assembles an epigenetic complex contributing to cystathionine γ-lyas,openalex,ms-10-1038_s41467-026-74048-2.md
10.1038/s41467-026-74446-6,Epigenetic compartmentalization of mitotic chromosomes by phase-separation-drive,openalex,ms-10-1038_s41467-026-74446-6.md
10.1038/s41467-026-75623-3,Dysregulated differentiation kinetics underlie the essential role of DNA damage,openalex,ms-10-1038_s41467-026-75623-3.md
10.1038/s41477-026-02392-8,Cambium needs no preprophase band,openalex,ms-10-1038_s41477-026-02392-8.md
10.1038/s41522-026-01100-w,Vaginal resistome redundancy is associated with microbial metabolic potential an,openalex,ms-10-1038_s41522-026-01100-w.md
10.1038/s41556-026-02027-2,Mapping mesenchymal diversity in the human small intestine and organoids,openalex,ms-10-1038_s41556-026-02027-2.md
10.1038/s41577-026-01319-w,Senescent B cells accumulate in germinal centre niches of the aged human lymph n,openalex,ms-10-1038_s41577-026-01319-w.md
10.1038/s41585-026-01162-7,An expanded paternal legacy: epididymal mRNAs are transmitted to the embryo,openalex,ms-10-1038_s41585-026-01162-7.md
10.1038/s41586-026-10797-w,A global molecular code for birth order and neuronal identity in Drosophila,openalex,ms-10-1038_s41586-026-10797-w.md
10.1038/s41587-026-03160-x,"Programmable, multiplexed and orthogonal gene control in bacteria with attenuate",openalex,ms-10-1038_s41587-026-03160-x.md
10.1038/s41598-026-54083-1,Stable state of hepatocyte chromatin during hepatitis B virus infection,openalex,ms-10-1038_s41598-026-54083-1.md
10.1038/s42003-026-10432-4,Neofunctionalization of H1 linker histones drives divergent gene expression and,openalex,ms-10-1038_s42003-026-10432-4.md
10.1038/s43586-026-00491-6,Enzyme tethering for in situ epigenomics,openalex,ms-10-1038_s43586-026-00491-6.md
10.1042/ebc20250050,Plant defence priming and memory mechanisms under climate change,openalex,ms-10-1042_ebc20250050.md
10.1051/bioconf/202624600006/pdf,Preliminary assessment: Colchicine-induced mutants of wild,openalex,ms-10-1051_bioconf_202624600006_pdf.md
10.1055/s-0046-1824454,Congenital Sideroblastic Anemia with Persistent Neutropenia in a Female Infant:,openalex,ms-10-1055_s-0046-1824454.md
10.1061/jccee5.cpeng-6877,Data-Driven Look-Ahead Planning: Automating Task Completion Rate Estimation in C,openalex,ms-10-1061_jccee5-cpeng-6877.md
10.1071/fp26012,Proteomic insights into growth-related molecular responses in the leaves of Para,openalex,ms-10-1071_fp26012.md
10.1073/pnas.2522063123,Growth under pressure: The pros and cons of polyploidy induced by stress,openalex,ms-10-1073_pnas-2522063123.md
10.1073/pnas.2537088123,"Terephthalate, a plastic monomer, triggers phosphate metabolism rewiring in yeas",openalex,ms-10-1073_pnas-2537088123.md
10.1080/03007995.2026.2682580,Skin as a mirror of endocrine diseases: emerging biomarkers and targeted therapi,openalex,ms-10-1080_03007995-2026-2682580.md
10.1080/07388551.2026.2691230,From discovery to application: cytochrome P450 enzyme in filamentous fungi for b,openalex,ms-10-1080_07388551-2026-2691230.md
10.1080/07853890.2026.2680845,Efficacy of atopic dermatitis alleviation through transcutaneous auricular vagus,openalex,ms-10-1080_07853890-2026-2680845.md
10.1080/10242694.2026.2714097,The Northern Ethiopia War and the persistence of internal displacement: subnatio,openalex,ms-10-1080_10242694-2026-2714097.md
10.1080/14737159.2026.2687507,KIM-1 and beyond: emerging biomarkers for adjuvant immunotherapy in clear cell r,openalex,ms-10-1080_14737159-2026-2687507.md
10.1080/14756366.2026.2678755,Lidocaine enhances antitumor effects of sorafenib and GW5074 in colorectal cance,openalex,ms-10-1080_14756366-2026-2678755.md
10.1080/15592324.2026.2684157,Postharvest preservation of fruits and vegetables by light-emitting diodes,openalex,ms-10-1080_15592324-2026-2684157.md
10.1080/15592324.2026.2684389,Active ROP2 triggers leaf senescence and orchestrates the growth-senescence trad,openalex,ms-10-1080_15592324-2026-2684389.md
10.1080/17501911.2026.2685054,Epigenetic regulation of nuclear mechanics,openalex,ms-10-1080_17501911-2026-2685054.md
10.1080/19490976.2026.2679497,Diet and microbiome shape small-molecule cytokinin pools in mammals,openalex,ms-10-1080_19490976-2026-2679497.md
10.1080/21670811.2026.2686381,Who Checks the Fact-Checkers? Studying the Work of External Assessors Behind Fac,openalex,ms-10-1080_21670811-2026-2686381.md
10.1080/23311983.2026.2697670,An ecophenomenological dendrochronology: Shlain’s <i>Dendrofemonology</i> throug,openalex,ms-10-1080_23311983-2026-2697670.md
10.1080/27694127.2026.2687045,Seeing is believing: visualizing spatiotemporal lipophagic flux in vivo with the,openalex,ms-10-1080_27694127-2026-2687045.md
10.1088/1741-4326/ae78e5,Summary of the theory and modelling contributions at the 30th IAEA Fusion Energy,openalex,ms-10-1088_1741-4326_ae78e5.md
10.1088/2976-601x/ae7a76,Characterization of plastic contamination entering food waste management and imp,openalex,ms-10-1088_2976-601x_ae7a76.md
10.1091/mbc.e26-03-0116,A spatial and temporal atlas of tubulin isotype gene expression during vertebrat,openalex,ms-10-1091_mbc-e26-03-0116.md
10.1093/eep/dvag024,Silent Regulators of Trauma: The microRNA Blueprint Underlying Post-traumatic St,openalex,ms-10-1093_eep_dvag024.md
10.1093/femsyr/foag024,Overexpression of the MAPK Transcription Factor Gene <i>MSS11</i> Enhances Ethan,openalex,ms-10-1093_femsyr_foag024.md
10.1093/glycob/cwag044,Mapping ST3GAL Transferase Specificities in the Glycosylation Landscape of N/TER,openalex,ms-10-1093_glycob_cwag044.md
10.1093/hr/uhag354,The BpZAT10-BpWRKY31 module enhances the drought tolerance and herbivore resista,openalex,ms-10-1093_hr_uhag354.md
10.1093/ijfood/vvag178,"Thermal, Structural, and Functional Interactions of Date Seed Powder-Sucrose Com",openalex,ms-10-1093_ijfood_vvag178.md
10.1093/insilicoplants/diag022,Secondary Growth and Exodermal Barriers Shape Local Root Hydraulics: Modeling In,openalex,ms-10-1093_insilicoplants_diag022.md
10.1093/jbmrpl/ziag142,Inhibition of EED Enhances osteogenic differentiation and Bone Formation: A Pote,openalex,ms-10-1093_jbmrpl_ziag142.md
10.1093/jeb/voag053,"Plant hormone manipulation impacts salt spray tolerance, which preempts herbivor",openalex,ms-10-1093_jeb_voag053.md
10.1093/jhered/esag035,A Chromosome-Level Assembly of the Pine Processionary Moth (Thaumetopoea pityoca,openalex,ms-10-1093_jhered_esag035.md
10.1093/jxb/erag353,Zaxinone and its Mimics: New Frontier in Apocarotenoid-Mediated Growth Regulatio,openalex,ms-10-1093_jxb_erag353.md
10.1093/jxb/erag375,Emerging applications of single cell and spatial transcriptomics under abiotic s,openalex,ms-10-1093_jxb_erag375.md
10.1093/jxb/erag406,Reframing Pathogenesis-Related proteins: from plant immune drivers to stress res,openalex,ms-10-1093_jxb_erag406.md
10.1093/jxb/erag408,Positive pressure does not efficiently repair xylem embolism after drought,openalex,ms-10-1093_jxb_erag408.md
10.1093/nargab/lqag084,Predictive models of the genetic bases underlying budding yeast fitness in multi,openalex,ms-10-1093_nargab_lqag084.md
10.1093/plphys/kiag358,Far-red perception by vegetative organs and not fruits drives fruit growth respo,openalex,ms-10-1093_plphys_kiag358.md
10.1093/plphys/kiag542,CYCLING DOF FACTOR 2 (LdCDF2) functions as a positive regulator integrating GA s,openalex,ms-10-1093_plphys_kiag542.md
10.1093/pnasnexus/pgag270,Measuring narrative polarization in online discourse,openalex,ms-10-1093_pnasnexus_pgag270.md
10.1094/pdis-05-26-0883-re,Disease-stage-associated transcriptional responses underlying bacterial wilt res,openalex,ms-10-1094_pdis-05-26-0883-re.md
10.1094/pdis-07-25-1370-re,Integrated transcriptome and metabolome analysis of resistant and susceptible to,openalex,ms-10-1094_pdis-07-25-1370-re.md
10.1096/fj.202600280rr,<scp>SREBPs</scp> in Metabolic Reprogramming and Disease: Mechanisms and Therape,openalex,ms-10-1096_fj-202600280rr.md
10.1096/fj.202601335r,<scp>H3</scp> . <scp>3K36me3</scp> Reader <scp>ZMYND11</scp> Localizes to Gene P,openalex,ms-10-1096_fj-202601335r.md
10.1097/bor.0000000000001172,Polyarticular juvenile idiopathic arthritis: insights from genetic studies on di,openalex,ms-10-1097_bor-0000000000001172.md
10.1097/hep.0000000000001808,H4K12 lactylation drives TREM2 high macrophages differentiation in liver fibrosi,openalex,ms-10-1097_hep-0000000000001808.md
10.1097/js9.0000000000005405,Comprehensive multi-omics and single-cell analysis reveals a ferroptosis signatu,openalex,ms-10-1097_js9-0000000000005405.md
10.1097/md.0000000000049943,"TACC3, correlated with immune cell infiltrates, is a novel prognostic biomarker",openalex,ms-10-1097_md-0000000000049943.md
10.1097/ms9.0000000000005221,CRISPR-based epigenetic modulation of endothelial dysfunction in sepsis-induced,openalex,ms-10-1097_ms9-0000000000005221.md
10.1098/rsos.252196,Immune suppression and metabolic reprogramming in <i>Bactrocera dorsalis</i> par,openalex,ms-10-1098_rsos-252196.md
10.1108/qmr-10-2025-0223,Buyer–seller relationships in live shopping marketplaces,openalex,ms-10-1108_qmr-10-2025-0223.md
10.1111/iej.70190,Association Between the Root Canal Microbiome and Apical Lesion Size: An Observa,openalex,ms-10-1111_iej-70190.md
10.1111/iji.70060,Wildlife Trade and Genetic Basis of Disease Susceptibility: A Review,openalex,ms-10-1111_iji-70060.md
10.1111/jcpe.70155,<scp>METTL14</scp> ‐Mediated <scp>m6A</scp> Modification of <scp>NEAT1_2</scp> R,openalex,ms-10-1111_jcpe-70155.md
10.1111/jipb.70300,A CLE–RLK–LBD signaling module promotes <i>de novo</i> shoot regeneration in pla,openalex,ms-10-1111_jipb-70300.md
10.1111/jipb.70313,Genome editing precisely boosts salt‐tolerant <i>japonica</i> rice yield,openalex,ms-10-1111_jipb-70313.md
10.1111/mec.70394,Contrasting Genomic Signatures of Climate Adaptation and Adaptive Plasticity Acr,openalex,ms-10-1111_mec-70394.md
10.1111/mmi.70099,<scp>AP2XI</scp> ‐3 is Critical for the Cell Cycle of <i>Toxoplasma</i> to Progr,openalex,ms-10-1111_mmi-70099.md
10.1111/nph.71228,COCHLEATA controls spatial regulation of cytokinin and auxin during nodule devel,openalex,ms-10-1111_nph-71228.md
10.1111/nph.71323,Organized peripheral vascular strand development in nodules is controlled by a <,openalex,ms-10-1111_nph-71323.md
10.1111/pce.70676,Knockout of <i>TaCKX2.2</i> in Wheat Improved Grain Yield by Increasing Grain Nu,openalex,ms-10-1111_pce-70676.md
10.1111/pce.70752,"Trichomes in Plant Defence, Development and Metabolic Integration Under Environm",openalex,ms-10-1111_pce-70752.md
10.1111/pce.70812,MdSPL1‐MdNF‐YB4‐MdCKX7 Module Positively Regulates Saline‐Alkali Tolerance by Me,openalex,ms-10-1111_pce-70812.md
10.1126/sciadv.adw9707,Single-cell and high-resolution spatial profiling of podocytopathies reveals cor,openalex,ms-10-1126_sciadv-adw9707.md
10.1126/sciadv.ady7139,Decoupled carbon assimilation and growth responses to aridity in temperate decid,openalex,ms-10-1126_sciadv-ady7139.md
10.1126/sciadv.adz6836,Synaptic vesicles that store monoamines and glutamate differ in protein composit,openalex,ms-10-1126_sciadv-adz6836.md
10.1126/sciadv.aeb0060,Single-cell chromatin state transitions during epigenetic memory formation,openalex,ms-10-1126_sciadv-aeb0060.md
10.1126/sciadv.aec2424,Dose-dependent hormone actions at estrogen receptor enhancers specify distinct m,openalex,ms-10-1126_sciadv-aec2424.md
10.1126/sciadv.aec7965,Scalable multiplexed machine learning gas sensor chips for food classification,openalex,ms-10-1126_sciadv-aec7965.md
10.1126/sciadv.aed0666,Ultrasound priming gated by solid tumor hallmarks to guide CAR-T therapy,openalex,ms-10-1126_sciadv-aed0666.md
10.1126/sciadv.aee2172,Natural variation in <i>PtoCPK3</i> governs drought tolerance by orchestrating x,openalex,ms-10-1126_sciadv-aee2172.md
10.1126/sciadv.aeg2614,Life-span–dependent transcriptional dynamics of the human heart,openalex,ms-10-1126_sciadv-aeg2614.md
10.1126/sciimmunol.ady8948,Atlas of human gut-associated lymphoid tissue reveals immunomodulatory interacti,openalex,ms-10-1126_sciimmunol-ady8948.md
10.1128/aem.00094-26,Optimizing rhamnolipid biosynthesis: evaluating predictive methods using <i>Pseu,openalex,ms-10-1128_aem-00094-26.md
10.1128/aem.02535-25,"Characterization and therapeutic potential of DepZ57, a stable depolymerase targ",openalex,ms-10-1128_aem-02535-25.md
10.1128/jb.00373-25,Integrating multi-omics data with network modeling to characterize <i>Pseudomona,openalex,ms-10-1128_jb-00373-25.md
10.1128/jvi.00376-26,DNA damage responses in HCMV infection: emerging mechanisms and outstanding ques,openalex,ms-10-1128_jvi-00376-26.md
10.1128/mbio.00661-26,An epigenetic mechanism of azole tolerance facilitates acquired antifungal resis,openalex,ms-10-1128_mbio-00661-26.md
10.1128/mbio.00933-26,Arginine metabolism supports <i>de novo</i> pyrimidine biosynthesis to block DNA,openalex,ms-10-1128_mbio-00933-26.md
10.1128/msphere.00191-26,Sorbose metabolism promotes fitness and virulence in <i>Escherichia coli</i>,openalex,ms-10-1128_msphere-00191-26.md
10.1128/msphere.00256-26,Kiss and spit metabolomics highlight the role of host purine metabolism during p,openalex,ms-10-1128_msphere-00256-26.md
10.1128/spectrum.00359-26,Targeting the stringent response alters gene expression and extracellular vesicl,openalex,ms-10-1128_spectrum-00359-26.md
10.1128/spectrum.01363-26,Cobamide excretion allows <i>Salmonella</i> to transition from its anaerobic to,openalex,ms-10-1128_spectrum-01363-26.md
10.1152/ajpcell.00145.2026,Deciphering LonP1’s Role in Glioblastoma: An Alternative Mechanism of Treatment,openalex,ms-10-1152_ajpcell-00145-2026.md
10.1158/0008-5472.32530494,Supplementary Figure 4 from The Hippo Pathway Is Dysregulated in Cancer-Associat,openalex,ms-10-1158_0008-5472-32530494.md
10.1158/0008-5472.32675118,Figure S1 from DPY30 Is an Epigenetic Decoupler Linking Replication Stress to Im,openalex,ms-10-1158_0008-5472-32675118.md
10.1158/0008-5472.32697539,Supplementary Figure 1 from Epigenetic Inactivation of the Groucho Homologue Gen,openalex,ms-10-1158_0008-5472-32697539.md
10.1158/0008-5472.32700857,Table S3 from H4K20me3-Mediated Repression of Inflammatory Genes Is a Characteri,openalex,ms-10-1158_0008-5472-32700857.md
10.1158/0008-5472.32700860,Table S2 from H4K20me3-Mediated Repression of Inflammatory Genes Is a Characteri,openalex,ms-10-1158_0008-5472-32700860.md
10.1158/0008-5472.32711659,Supp Fig S11 from Single-Cell and Spatial Transcriptomic Profiling Reveals Epith,openalex,ms-10-1158_0008-5472-32711659.md
10.1158/0008-5472.32712202,Figure S9 from SAICAR Drives T Regulatory Cell Differentiation and FOXP3 Mainten,openalex,ms-10-1158_0008-5472-32712202.md
10.1158/0008-5472.32712253,Figure S1 from SAICAR Drives T Regulatory Cell Differentiation and FOXP3 Mainten,openalex,ms-10-1158_0008-5472-32712253.md
10.1158/0008-5472.32713158,Figure S9 from TENT5A Maintains MYC mRNA Stability to Enhance Osteosarcoma Stemn,openalex,ms-10-1158_0008-5472-32713158.md
10.1158/0008-5472.c.8536802,Data from Mitochondrial-Localized Keratin 17 Promotes Chemoresistance in Basal-l,openalex,ms-10-1158_0008-5472-c-8536802.md
10.1158/0008-5472.c.8542484,Data from Spatial Multiomics Analyses Reveal That Diabetes Promotes Pancreatic C,openalex,ms-10-1158_0008-5472-c-8542484.md
10.1158/1078-0432.c.8536790,Data from Computationally Derived Spatial Immune Signature Identifies Trastuzuma,openalex,ms-10-1158_1078-0432-c-8536790.md
10.1158/1541-7786.32712853,Supplementary Figure S10 from Contrasting Features of Papillary and Chromophobe,openalex,ms-10-1158_1541-7786-32712853.md
10.1158/1541-7786.32713524,Supplementary Table S2 from USP44 Overexpression Drives a MYC-Like Gene Expressi,openalex,ms-10-1158_1541-7786-32713524.md
10.1158/1541-7786.32714647,Supplementary Figure S5 from Loss of PI5P4Kα Slows the Progression of a &lt;i&gt,openalex,ms-10-1158_1541-7786-32714647.md
10.1158/1541-7786.32742579,Supplementary Figure 5 from Nrf2 Drives Hepatocellular Carcinoma Progression thr,openalex,ms-10-1158_1541-7786-32742579.md
10.1158/1541-7786.32742582,Supplementary Figure 4 from Nrf2 Drives Hepatocellular Carcinoma Progression thr,openalex,ms-10-1158_1541-7786-32742582.md
10.1158/1541-7786.32743059,Supplementary Table S10 from Epigenetic Atlas of Bladder Cancer Reveals Master T,openalex,ms-10-1158_1541-7786-32743059.md
10.1158/1541-7786.32743074,Supplementary Figure S6 from Epigenetic Atlas of Bladder Cancer Reveals Master T,openalex,ms-10-1158_1541-7786-32743074.md
10.1158/1541-7786.c.8547651,Data from &lt;i&gt;LINC01235&lt;/i&gt; Is an Upstream Regulator of the &lt;i&gt;,openalex,ms-10-1158_1541-7786-c-8547651.md
10.1158/2159-8290.32530725,Supplementary Tables S1-S18 from Single-Cell Spatial Atlas of High-Grade Serous,openalex,ms-10-1158_2159-8290-32530725.md
10.1158/2159-8290.32698353,Supplementary Figures S1-S8 from Phosphocreatine Promotes Epigenetic Reprogrammi,openalex,ms-10-1158_2159-8290-32698353.md
10.1158/2159-8290.32699950,Supplementary Figure S7 from Mechanisms of Response and Tolerance to Active RAS,openalex,ms-10-1158_2159-8290-32699950.md
10.1158/2159-8290.32701450,Supplementary Table 8 from Stratified Medicine Pediatrics: Cell-Free DNA and Ser,openalex,ms-10-1158_2159-8290-32701450.md
10.1158/2159-8290.32701456,Supplementary Table 7 from Stratified Medicine Pediatrics: Cell-Free DNA and Ser,openalex,ms-10-1158_2159-8290-32701456.md
10.1158/2159-8290.c.8509389,Data from A Tumor-Promoting Inflammatory &lt;i&gt;SPP1&lt;/i&gt;&lt;sup&gt;+&lt;,openalex,ms-10-1158_2159-8290-c-8509389.md
10.1158/2159-8290.cd-16-6-iti,Highlighted Research Articles,openalex,ms-10-1158_2159-8290-cd-16-6-iti.md
10.1158/2159-8290.cd-rw2026-058,Spatial Atlas Decodes Tumor Immune Hubs Across Cancer Types,openalex,ms-10-1158_2159-8290-cd-rw2026-058.md
10.1158/2326-6066.c.8541944,Data from The Presence of CD11c&lt;sup&gt;+&lt;/sup&gt; B Cells with Potent Effe,openalex,ms-10-1158_2326-6066-c-8541944.md
10.1158/2767-9764.c.8542095,Data from Genomic and Transcriptomic Analysis of High-Grade Endometrial Carcinom,openalex,ms-10-1158_2767-9764-c-8542095.md
10.1177/10445498261460199,"The Single-Cell Atlas Revolution: Integrating Lineage, Space, and Evolution to D",openalex,ms-10-1177_10445498261460199.md
10.1177/10998004261473903,Differential microRNA Expression Reveals Sex-Specific Neuroinflammatory and Neur,openalex,ms-10-1177_10998004261473903.md
10.1182/blood.2026034529,Epigenetic toggling between multipotency and differentiation,openalex,ms-10-1182_blood-2026034529.md
10.1186/s11671-026-04628-0,Biosynthesis of silver nanoparticles using Musca domestica extract as a novel bi,openalex,ms-10-1186_s11671-026-04628-0.md
10.1186/s12711-026-01058-5,Integrative multi-omics analysis identifies GNAZ and SLC5A4 as critical regulato,openalex,ms-10-1186_s12711-026-01058-5.md
10.1186/s12863-026-01453-3,Muscle-specific CUT&amp;Tag profiling dataset of UNC-130 in Caenorhabditis elega,openalex,ms-10-1186_s12863-026-01453-3.md
10.1186/s12863-026-01465-z,Complete genome sequence of psychrotolerant Lacisediminihabitans sp. FW035 isola,openalex,ms-10-1186_s12863-026-01465-z.md
10.1186/s12870-026-09060-1,Dynamic response of growth and organ nutrient allocation in Ochroma lagopus plan,openalex,ms-10-1186_s12870-026-09060-1.md
10.1186/s12870-026-09062-z,Transcriptome analysis and hormone metabolic profiling provide molecular insight,openalex,ms-10-1186_s12870-026-09062-z.md
10.1186/s12870-026-09136-y,Agrobacterium rhizogenes-mediated stable and transient transformation systems en,openalex,ms-10-1186_s12870-026-09136-y.md
10.1186/s12870-026-09153-x,Expression dynamics of starch and proanthocyanidin biosynthesis genes during Que,openalex,ms-10-1186_s12870-026-09153-x.md
10.1186/s12870-026-09192-4,Dynamics of H3K4me3 and H3K36me3 histone modifications in response to powdery mi,openalex,ms-10-1186_s12870-026-09192-4.md
10.1186/s12870-026-09199-x,Effects of extraction solvents on the recovery of bioactive compounds from Platy,openalex,ms-10-1186_s12870-026-09199-x.md
10.1186/s12870-026-09220-3,Genome-wide identification and expression profiling of the HMGR gene family in B,openalex,ms-10-1186_s12870-026-09220-3.md
10.1186/s12870-026-09254-7,Melatonin activates the ZjERF34-ZjMYB1 regulatory pathway to promote flavonoid b,openalex,ms-10-1186_s12870-026-09254-7.md
10.1186/s12870-026-09267-2,HAM1 negatively regulates drought tolerance in Brassica juncea,openalex,ms-10-1186_s12870-026-09267-2.md
10.1186/s12870-026-09301-3,Biochar and melatonin alleviate microplastic–cadmium (MP-Cd) stress in rice by e,openalex,ms-10-1186_s12870-026-09301-3.md
10.1186/s12870-026-09500-y,Genomic early growth mechanisms of two endangered Mexican spruces,openalex,ms-10-1186_s12870-026-09500-y.md
10.1186/s12870-026-09522-6,"Ectopic expression of the flavonoid 3′,5′-hydroxylase gene in Ipomoea nil induce",openalex,ms-10-1186_s12870-026-09522-6.md
10.1186/s12870-026-09673-6,Full-length transcriptome atlas of Panax vietnamensis var. fuscidiscus reveals n,openalex,ms-10-1186_s12870-026-09673-6.md
10.1186/s12885-026-16327-1,Sex differences in gastric cancer mutational burden reflect MLH1-associated epig,openalex,ms-10-1186_s12885-026-16327-1.md
10.1186/s12885-026-16329-z,Bioinformatics mining and clinical validation of CD274 as a prognostic indicator,openalex,ms-10-1186_s12885-026-16329-z.md
10.1186/s12916-026-04954-1,A large-scale single-nucleus resource reveals a cardiomyocyte-like fibroblast an,openalex,ms-10-1186_s12916-026-04954-1.md
10.1186/s12935-026-04364-6,Multi-dimensional profiling of lactylation-related signatures for prognostic and,openalex,ms-10-1186_s12935-026-04364-6.md
10.1186/s12935-026-04377-1,BRD4 regulation of PIM1 identifies a novel therapeutic vulnerability in acute me,openalex,ms-10-1186_s12935-026-04377-1.md
10.1186/s12943-026-02703-9,MiR-494-5p suppresses colorectal cancer metastasis by multi-level targeting of K,openalex,ms-10-1186_s12943-026-02703-9.md
10.1186/s12943-026-02741-3,Single-cell profiling defines cellular ecosystems and malignant cell state coupl,openalex,ms-10-1186_s12943-026-02741-3.md
10.1186/s12951-026-04687-6,Runx1-Snx9 axis drives the pathological secretion of mitochondrial-derived vesic,openalex,ms-10-1186_s12951-026-04687-6.md
10.1186/s12957-026-04549-3,DNA methylation age deceleration is correlated with a poor survival in triple-ne,openalex,ms-10-1186_s12957-026-04549-3.md
10.1186/s12964-026-02985-y,Multi-omics and experimental evidence in human chondrocytes identify caspase-8 a,openalex,ms-10-1186_s12964-026-02985-y.md
10.1186/s12967-026-08363-z,Proteomics in bone malignancies: from bulk profiling to single-cell and ultra-lo,openalex,ms-10-1186_s12967-026-08363-z.md
10.1186/s12967-026-08396-4,Long-read sequencing technologies and bioinformatics: a new perspective for deco,openalex,ms-10-1186_s12967-026-08396-4.md
10.1186/s12967-026-08681-2,A bladder cancer–associated gene signature for exploratory qPCR-based survival s,openalex,ms-10-1186_s12967-026-08681-2.md
10.1186/s12967-026-08836-1,FSTL1 promotes M2 polarization of macrophages via the DIP2A–Smad2/3 Axis in gast,openalex,ms-10-1186_s12967-026-08836-1.md
10.1186/s12984-026-02048-w,Functional reorganization of the contralesional precentral gyrus following acute,openalex,ms-10-1186_s12984-026-02048-w.md
10.1186/s13046-026-03747-x,Targeting the lipid desaturation network in cancer: from metabolic plasticity to,openalex,ms-10-1186_s13046-026-03747-x.md
10.1186/s13046-026-03758-8,Inhibition of 5’-tiRNAGly restores anti-PD-1 immunotherapy efficacy via DLST-med,openalex,ms-10-1186_s13046-026-03758-8.md
10.1186/s13048-026-02150-6,Ferroptosis and chemotherapy resistance in ovarian cancer: molecular mechanisms,openalex,ms-10-1186_s13048-026-02150-6.md
10.1186/s13048-026-02165-z,From cytoreduction to precision oncology: evolution of ovarian cancer therapy,openalex,ms-10-1186_s13048-026-02165-z.md
10.1186/s13059-026-04215-7,The evolutionary processes of bacterial aromatic polyketide ketosynthases,openalex,ms-10-1186_s13059-026-04215-7.md
10.1186/s13062-026-00852-x,USP20 as a key regulator of immunosuppression and a novel predictor of poor prog,openalex,ms-10-1186_s13062-026-00852-x.md
10.1186/s13062-026-00946-6,Triphenyl phosphate promotes gastric cancer progression via LDHA deubiquitinatio,openalex,ms-10-1186_s13062-026-00946-6.md
10.1186/s13068-026-02780-4,Biosynthesis of medium-chain length polyhydroxyalkanoates from pre-treated food,openalex,ms-10-1186_s13068-026-02780-4.md
10.1186/s13072-026-00690-1,ASH2L-mediated H3K4me3 methylation governs palatal development by regulating WNT,openalex,ms-10-1186_s13072-026-00690-1.md
10.1186/s13073-026-01720-z,Cumulative cgMLST provides increased discrimination of nested phylogenetic group,openalex,ms-10-1186_s13073-026-01720-z.md
10.1186/s13073-026-01730-x,Mapping fibroblast plasticity across non-cancer lung diseases at single-cell res,openalex,ms-10-1186_s13073-026-01730-x.md
10.1186/s13148-026-02174-1,New perspective on epigenetic modification and immunotherapy in endometrial canc,openalex,ms-10-1186_s13148-026-02174-1.md
10.1186/s13287-026-05089-z,Integrated single cell and spatial transcriptomics reveals the cellular and mole,openalex,ms-10-1186_s13287-026-05089-z.md
10.1186/s13293-026-00939-0,"Functional and transcriptomic insights into 46,XY disorders of sex development a",openalex,ms-10-1186_s13293-026-00939-0.md
10.1186/s13578-026-01613-z,Unveiling a unique microglial phenotype promoting oxidation in the iBRB: insight,openalex,ms-10-1186_s13578-026-01613-z.md
10.1186/s40001-026-04552-0,"Atherosclerosis revisited: integrating cellular plasticity, inflammatory circuit",openalex,ms-10-1186_s40001-026-04552-0.md
10.1186/s40001-026-04666-5,HBO1-mediated epigenetic regulation of LAMB1 in pancreatic ductal injury during,openalex,ms-10-1186_s40001-026-04666-5.md
10.1186/s40793-026-00917-4,A cooperative cobalamide biosynthesis guild in the endosphere of the edible aqua,openalex,ms-10-1186_s40793-026-00917-4.md
10.1186/s42483-026-00418-9,Mechanism of tea infusion as a novel control agent against Fusarium graminearum,openalex,ms-10-1186_s42483-026-00418-9.md
10.1186/s42523-026-00584-3,The price of survival: comparative adaptation to high altitudes between yaks and,openalex,ms-10-1186_s42523-026-00584-3.md
10.1210/jendso/bvag164,Functional Assessment of a Constitutively Activating <i>CASR</i> Variant Causing,openalex,ms-10-1210_jendso_bvag164.md
10.1249/mss.0000000000004029,Triangulating Evidence from Observational and Mendelian Randomization Studies of,openalex,ms-10-1249_mss-0000000000004029.md
10.1261/rna.081083.126,EF-P Inhibits Ribosomal α-Hydroxy Acid Incorporation: Strategic tRNA Body Select,openalex,ms-10-1261_rna-081083-126.md
10.1302/2046-3758.156.bjr-2025-0474.r1,"The transcriptional atlas, intercellular communication, and metabolic reprogramm",openalex,ms-10-1302_2046-3758-156-bjr-2025-0474-r1.md
10.13189/app.2026.140312,Aloe vera for Health and Industry: A Comprehensive Review of Bioactivity and App,openalex,ms-10-13189_app-2026-140312.md
10.1360/csb-2026-0468,Progress in multi-omics and molecular breeding of Chrysanthemum,openalex,ms-10-1360_csb-2026-0468.md
10.14288/1.0451800,"Biological age is a concept, not a construct : assessments of healthy aging usin",openalex,ms-10-14288_1-0451800.md
10.14288/1.0451935,Novel gene discovery in the salicylic acid biosynthesis pathway in Nicotiana ben,openalex,ms-10-14288_1-0451935.md
10.14288/1.0452540,Spatially resolved proteomic profiling of recurrent triple-negative breast cance,openalex,ms-10-14288_1-0452540.md
10.14309/ctg.0000000000001052,Pathogenesis of Eosinophilic Esophagitis: A PRISMA-based systematic review of Ge,openalex,ms-10-14309_ctg-0000000000001052.md
10.14670/hh-25-037,Lonp1 expression and correlation with mitophagy and immune infiltration markers,openalex,ms-10-14670_hh-25-037.md
10.14719/pst.15069,Direct regeneration pathway for the mass propagation of commercial banana cv. Ne,openalex,ms-10-14719_pst-15069.md
10.1504/ijaac.2027.10076098,Parametric optimisation of neural sliding controller for nonlinear coupling tank,crossref,ms-10-1504_ijaac-2027-10076098.md
10.1504/ijbpm.2027.10070054,Family incivility and its influence on job performance: mediating role of work s,crossref,ms-10-1504_ijbpm-2027-10070054.md
10.1504/ijbpm.2028.10079397,"The role of organisational culture, occupational stress and job satisfaction in",crossref,ms-10-1504_ijbpm-2028-10079397.md
10.1504/ijbpscm.2027.10079150,An Integrated Vendor Managed Inventory with Consignment Stock Model for Single-,crossref,ms-10-1504_ijbpscm-2027-10079150.md
10.1504/ijcis.2027.10069859,Integrating Machine Learning and Meta-Heuristic Algorithms for Single Machine Sc,crossref,ms-10-1504_ijcis-2027-10069859.md
10.1504/ijesdf.2027.10070133,Enhancing fake news detection using light gradient boosting machine and term fre,crossref,ms-10-1504_ijesdf-2027-10070133.md
10.1504/ijims.2027.10073261,Nutrient Deficiency Classification using D-ResNet50 for Rice Crop in Indoor Farm,crossref,ms-10-1504_ijims-2027-10073261.md
10.1504/ijipt.2027.10078455,Edge-IoT Architecture for Real-Time Cross-Border Safety Monitoring Using Light-B,crossref,ms-10-1504_ijipt-2027-10078455.md
10.1504/ijmme.2027.10079954,Improving the Coal Flow Conditions of the Coal Conveying System in a Thermal Pow,crossref,ms-10-1504_ijmme-2027-10079954.md
10.1504/ijmmno.2028.10079127,A stage-structured population model for the critically endangered Isli trout (Sa,crossref,ms-10-1504_ijmmno-2028-10079127.md
10.1504/ijmmno.2028.10080510,An investigation on a single server non-Markovian queueing system with multi-ser,crossref,ms-10-1504_ijmmno-2028-10080510.md
10.15120/gsi-2026-00822,Spin dynamics and ortho–para conversion in $H_{2}O$ during the phase transition,openalex,ms-10-15120_gsi-2026-00822.md
10.1515/jpem-2025-0640,A novel PAPSS2 pathogenic variant: expanding the mutational spectrum and genotyp,openalex,ms-10-1515_jpem-2025-0640.md
10.15283/ijsc25144,Rejuvenation Potential of Developmental Genes Downregulated in Aging,openalex,ms-10-15283_ijsc25144.md
10.1530/erc-25-0529,Molecular determinants of AR-enhancer interaction and cistrome reprogramming in,openalex,ms-10-1530_erc-25-0529.md
10.15547/bjvm.2025-0051,Influence of nano bee propolis on methicillin resistant Staphylococcus aureus (M,openalex,ms-10-15547_bjvm-2025-0051.md
10.15556/ijsim.02.01.002,Corporate Social Responsibility: A marketing tool and/or a factor for the promot,crossref,ms-10-15556_ijsim-02-01-002.md
10.15556/ijsim.04.03.001,The Development of Loyalty with Online Services Customers,crossref,ms-10-15556_ijsim-04-03-001.md
10.1556/030.2026.02874,Gut microbiome profiles as predictors of response to chemoradiotherapy in locall,openalex,ms-10-1556_030-2026-02874.md
10.15575/biodjati.v11i1.53999,Effect of PGRs and Immersion Time on the Growth of Green Jordan Fig Cuttings (Fi,openalex,ms-10-15575_biodjati-v11i1-53999.md
10.1595/205651327x17703026459384,Lanthanide Tantalum Perovskite Oxynitrides for Photocatalytic Water Splitting: E,crossref,ms-10-1595_205651327x17703026459384.md
10.1649/0010-065x-80.2.209,Checklist of the Bark and Ambrosia Beetle Species (Coleoptera: Curculionidae: Pl,openalex,ms-10-1649_0010-065x-80-2-209.md
10.17129/botsci.3804,In vitro induction of microrhizomes and microtubers as a propagation strategy fo,openalex,ms-10-17129_botsci-3804.md
10.17474/artvinofd.1932665,Doğal Yaşlı Kızılçam Meşceresinde Kontrollü Yakmaların Ağaçların Hayatta Kalma O,openalex,ms-10-17474_artvinofd-1932665.md
10.17613/6rq5n-5tm04,Construction of an Automated Quality Control Model for Industrial Waste Gas Onli,openalex,ms-10-17613_6rq5n-5tm04.md
10.17613/ewm0r-am417,Educational Management Resilience under Low Fertility: Theoretical Construction,openalex,ms-10-17613_ewm0r-am417.md
10.17613/sb76m-v2e23,From Embedded Finance to Embedded Obligation: A Law-and-Economics Theory of Cons,openalex,ms-10-17613_sb76m-v2e23.md
10.17613/vpe2q-5qg42,Research on Attention Guidance and User Autonomy in AI-Powered Immersive Environ,openalex,ms-10-17613_vpe2q-5qg42.md
10.17615/72c3-7v95,Atlas-guided discovery of transcription factors for T cell programming.,openalex,ms-10-17615_72c3-7v95.md
10.17615/81hm-r837,Histone decrotonylation plays a distinct role in HIV latency,openalex,ms-10-17615_81hm-r837.md
10.17638/03195029,Dynamic Mitochondrial Protein Succinylation Induced by Nutritional Intervention,openalex,ms-10-17638_03195029.md
10.17638/03195330,From Sparse to Dense: Label-Efficient Weakly Supervised Segmentation for Images,openalex,ms-10-17638_03195330.md
10.17660/actahortic.2029.1462.19,Whole-plant,crossref,ms-10-17660_actahortic-2029-1462-19.md
10.18282/po5678,Nutrigenetic modulators of COMT and MAO pathways: relevance of green tea and cur,openalex,ms-10-18282_po5678.md
10.18290/rpsych.2017.20.4-3en,Grandparental social support and communication with peers as predictores of resi,crossref,ms-10-18290_rpsych-2017-20-4-3en.md
10.18671/scifor.v54.06,Activated charcoal mitigating the effects of indaziflam on the germination of re,openalex,ms-10-18671_scifor-v54-06.md
10.20429/tag.2026.130104,The Connected Vertex Cover in Graphs,openalex,ms-10-20429_tag-2026-130104.md
10.20935/acadmolbiogen8336,Molecular mechanisms and RNA biomarkers in cardiomyopathy diagnosis,openalex,ms-10-20935_acadmolbiogen8336.md
10.2139/ssrn.2389355,Not Only are Protectionist Measures Harmful for Economic Development but the Rec,crossref,ms-10-2139_ssrn-2389355.md
10.21597/jist.1704888,Antimicrobial Activity of Microorganisms Isolated from Probiotic Products and Pr,openalex,ms-10-21597_jist-1704888.md
10.21597/jist.1746285,Changes in the Antioxidant Enzyme Activities and Physiological Responses of Sea,openalex,ms-10-21597_jist-1746285.md
10.21597/jist.1781471,"Avokado Kabuğu Tozu ile Zenginleştirilmiş Bisküvilerin Besinsel, Teknolojik ve D",openalex,ms-10-21597_jist-1781471.md
10.21606/drs.2026.1724,Frame excavation: Revealing and critiquing existing problem frames to improve mi,openalex,ms-10-21606_drs-2026-1724.md
10.21606/drs.2026.1993,Re-voicing Identity: Care Ethics and the Politics of Unsilencing After Total Lar,openalex,ms-10-21606_drs-2026-1993.md
10.21608/eajbsf.2017.145562,Efficac of Some Plant Extracts on Lucilia Sericata (Meigen) (Diptera: Calliphori,crossref,ms-10-21608_eajbsf-2017-145562.md
10.21608/ejmm.2026.466693.2175,Histopathological Changes in Mice liver Infected with Methicillin-Sensitive Stap,crossref,ms-10-21608_ejmm-2026-466693-2175.md
10.21608/ejmm.2026.470901.2216,The Effects of Fungal Melanin on Skin Cancer (Squamous Cell Carcinoma - SCC) Ind,crossref,ms-10-21608_ejmm-2026-470901-2216.md
10.21608/ejmm.2026.471034.2217,Epigenetic Dysregulation of DNMT3B and Independent-Caspase-1 Serum levels in SAR,crossref,ms-10-21608_ejmm-2026-471034-2217.md
10.21608/ejmm.2026.472135.2234,The Effect of Toxoplasma gondii Infection on Gamma-Aminobutyric Acid (GABA) Leve,crossref,ms-10-21608_ejmm-2026-472135-2234.md
10.21608/ejmm.2026.477250.2286,"The Impact of Intermittent Fasting during Ramadan on Immune Cell Profiles, Pro-i",crossref,ms-10-21608_ejmm-2026-477250-2286.md
10.21608/ejmm.2026.477574.2293,"Correlation Between T-Cell Subsets (CD4⁺/CD8⁺), IL-17 Levels, and Multidrug-Resi",crossref,ms-10-21608_ejmm-2026-477574-2293.md
10.21608/ejmm.2026.478614.2303,Association of Parvovirus B19 Serostatus with Elevated Serum Levels of Soluble K,crossref,ms-10-21608_ejmm-2026-478614-2303.md
10.21608/ejmm.2026.479778.2313,"Assessment of FOXP3, Helios and Glucocorticoid-Induced Tumor Necrosis Factor Rec",crossref,ms-10-21608_ejmm-2026-479778-2313.md
10.21608/ejmm.2026.481240.2332,Cytotoxic Activity of Purified Nisin from Local Lactococcus lactis against the O,crossref,ms-10-21608_ejmm-2026-481240-2332.md
10.21608/ejmm.2026.485454.2379,Association of HOTAIR single Nucleotide Polymorphisms (rs920778 and rs12826786),crossref,ms-10-21608_ejmm-2026-485454-2379.md
10.21608/ejmm.2026.487314.2400,Synergistic Potentiation of Standard Antibiotics by Cnicus Benedictus Leaves Ext,crossref,ms-10-21608_ejmm-2026-487314-2400.md
10.21608/ejmm.2026.493591.2462,"Diagnostic Utility of Serum Interleukin-6, Matrix Metalloproteinase-9, and Myelo",crossref,ms-10-21608_ejmm-2026-493591-2462.md
10.21608/ejmm.2026.494154.2470,Anticancer Activity of Melanin Extracted from Candida albicans against Selected,crossref,ms-10-21608_ejmm-2026-494154-2470.md
10.21608/ejmm.2026.494900.2478,Evaluation of the Correlation of Human Cytomegalovirus and Pro-inflammatory Cyto,crossref,ms-10-21608_ejmm-2026-494900-2478.md
10.21608/ejmm.2026.497670.2519,Association between Latent Epstein–Barr Virus Infection and Natural Killer Cell,crossref,ms-10-21608_ejmm-2026-497670-2519.md
10.21608/ejmm.2026.502871.2595,Optimization of Gallic acid Production from Locally Isolated Bacillus subtilis u,crossref,ms-10-21608_ejmm-2026-502871-2595.md
10.21608/ejmm.2026.505329.2621,Biosynthesis Selenium Nanoparticles Using Lentinula Edodes and Their Anticancer,crossref,ms-10-21608_ejmm-2026-505329-2621.md
10.2196/89173,A Locally Executable AI System for Improving Preoperative Patient Communication:,openalex,ms-10-2196_89173.md
10.22038/ijbms.2026.92524.19981,Beyond bioactivity: Chitosan macromolecular coatings on titanium surfaces drive,openalex,ms-10-22038_ijbms-2026-92524-19981.md
10.22108/liar.2026.148335.2570,From Poetry to Design: Interpreting Conceptual Metaphors in Persian Poetry in th,openalex,ms-10-22108_liar-2026-148335-2570.md
10.22194/jgias/26.1817,Marker-Assisted Pyramiding of Multiple Disease Resistance Genes in Market-Class,openalex,ms-10-22194_jgias_26-1817.md
10.22194/jgias/27.2188,Antagonistic Activity of Endophytic Fungi from the Medicinal Plant Strychnos luc,crossref,ms-10-22194_jgias_27-2188.md
10.22376/ijpbs.2017.8.2.b964-972,In vitro and in vivo anticancer activity of aqueous extract of hydnocarpus penta,crossref,ms-10-22376_ijpbs-2017-8-2-b964-972.md
10.22409/5xd66f73,&lt;b&gt;LESÃO PERIFÉRICAS DE CÉLULAS GIGANTES EM PACIENTE PEDIÁTRICO: RELATO DE,crossref,ms-10-22409_5xd66f73.md
10.22409/8qwkfh70,POLIMORFISMOS DE NUCLEOTÍDEOS ÚNICOS NOS GENES XPD E XPF E SUA ASSOCIAÇÃO COM A,crossref,ms-10-22409_8qwkfh70.md
10.2337/db26-1084-or,1084-OR: PanKbase Integrated Pancreatic Islet Single-Cell Map: A Comprehensive R,openalex,ms-10-2337_db26-1084-or.md
10.2337/db26-1114-or,1114-OR: Nephropathy- and Retinopathy-Associated DNA Methylation Changes Are Tis,openalex,ms-10-2337_db26-1114-or.md
10.2337/db26-1241-or,1241-OR: A Cross-Species Systematic Atlas of cGAS-STING Signaling: Regulation of,openalex,ms-10-2337_db26-1241-or.md
10.2337/db26-1383-p,1383-P: Lipotoxic Kidney Injury by Fructose Is Mediated through High Risk XOR Va,openalex,ms-10-2337_db26-1383-p.md
10.2337/db26-1686-p,1686-P: Dual GLP-1R/GCGR Activation Reprograms Systemic and Hepatic Metabolism t,openalex,ms-10-2337_db26-1686-p.md
10.2337/db26-1795-p,1795-P: Bezisterim Treatment Is Associated with Changes in DNA Promoter Methylat,openalex,ms-10-2337_db26-1795-p.md
10.2337/db26-2412-p,2412-P: Inhibition of Histone Acetylation Protects against TNF-α–Mediated Metabo,openalex,ms-10-2337_db26-2412-p.md
10.2337/db26-2432-p,2432-P: Distinct Regulation of Insulin Action in Different Adipose Depots Contri,openalex,ms-10-2337_db26-2432-p.md
10.2337/db26-2489-p,2489-P: Hepatic NgBR Is Essential for KAT7-Dependent Adiponectin Receptor Regula,openalex,ms-10-2337_db26-2489-p.md
10.2337/db26-2685-p,2685-P: Acute Glucose Stimulation Drives Coordinated Translational Reprogramming,openalex,ms-10-2337_db26-2685-p.md
10.2337/db26-2951-lb,2951-LB: MiRNA Abundance in Mesenchymal Stem Cells Exposed to Diabetes In Utero,openalex,ms-10-2337_db26-2951-lb.md
10.2337/db26-3002-lb,3002-LB: Multimodal AI System to Infer the Progression of Type 1 Diabetes,openalex,ms-10-2337_db26-3002-lb.md
10.2337/db26-3039-lb,3039-LB: Beyond the Pancreas: The Human Stomach as a Source of Insulin,openalex,ms-10-2337_db26-3039-lb.md
10.23880/cclsj-16000132,Water Lily or Camelotte Sign in Pulmonary Hydatid Cyst – An Orphan Disease,crossref,ms-10-23880_cclsj-16000132.md
10.24821/dkv.v19i1.18244,Perancangan Kampanye Digital tentang Sustainable Fashion melalui Konsep Capsule,openalex,ms-10-24821_dkv-v19i1-18244.md
10.24931/2413-9432-2026-15-2-18-26,Investigation of lipofuscin photooxidation extent using visible spectroscopy and,openalex,ms-10-24931_2413-9432-2026-15-2-18-26.md
10.24976/discov.med.202638209.141,"HEATR1 Promotes Glioblastoma Cell Proliferation, Migration, and Invasion Through",openalex,ms-10-24976_discov-med-202638209-141.md
10.25225/jvb.26002,Amphibian decline in focus: population dynamics and life history of the Near Eas,openalex,ms-10-25225_jvb-26002.md
10.25225/jvb.26042,Wing morphology correlates and functional consequences of alternative reproducti,openalex,ms-10-25225_jvb-26042.md
10.25259/jqus_1_2026,"Eucalyptus Essential Oils: Composition, Bioactivity, and Extraction Trends",openalex,ms-10-25259_jqus_1_2026.md
10.25259/stn_12_2026,Decoding the Gut Microbiome–Metabolome Interface in Colorectal Cancer using Adva,openalex,ms-10-25259_stn_12_2026.md
10.25772/m417-tt81,Ontological Runtime Monitoring for Mission Engineering,openalex,ms-10-25772_m417-tt81.md
10.25772/nbet-j565,TMS PHANTOMS FOR INVESTIGATING MULTIMODAL NEUROMODULATION PROCEDURES,openalex,ms-10-25772_nbet-j565.md
10.25772/ty81-d967,LOCAL LUNG DELIVERY OF GINKGETIN FOR THERAPEUTIC INTERVENTION IN LUNG FIBROSIS,openalex,ms-10-25772_ty81-d967.md
10.26076/bjec-6598,Pesticide Dissipation in Agroecosystems – Exploring Pesticide Fate and Transport,openalex,ms-10-26076_bjec-6598.md
10.26076/ejma-xz30,The Impact of AI on the Landscape Design Process,openalex,ms-10-26076_ejma-xz30.md
10.26077/3xak-yx06,Advancing Wavelet-Adaptive Interference Cancellation to Enable CubeSat Constella,openalex,ms-10-26077_3xak-yx06.md
10.26077/e53r-1441,Passive Thermal Imaging and Failure Detection of Large-Area Space Structures Usi,openalex,ms-10-26077_e53r-1441.md
10.26434/chemrxiv.15004094/v1,Bioorthogonal tools for ethanolamine lipids and protein conjugates,openalex,ms-10-26434_chemrxiv-15004094_v1.md
10.28921/vigyaksha/46,Microbial Fermentation Technology for the Production of Functional Food and Beve,openalex,ms-10-28921_vigyaksha_46.md
10.29133/yyutbd.1804815,Efficient in vitro Micropropagation of Hemp (Cannabis sativa) genotype,openalex,ms-10-29133_yyutbd-1804815.md
10.29244/jji.v11i4.535,"LC-HRMS Metabolite Profiling, Antioxidant, and α-Glucosidase Inhibitory Activiti",openalex,ms-10-29244_jji-v11i4-535.md
10.31015/jaefs.2026.2.5,"Effects of micronized calcite, hoagland solution and Ascophyllum nodosum extract",openalex,ms-10-31015_jaefs-2026-2-5.md
10.31108/1.2026.12.2.3,STRESS RESILIENCE AS AN INTEGRAL CHARACTERISTIC AND ITS PROTECTIVE FUNCTION IN T,crossref,ms-10-31108_1-2026-12-2-3.md
10.3120/0024-9637-260016,"DEER MICE AND LOW PRECIPITATION LIMIT SEEDLING RECRUITMENT IN A RARE, ENDEMIC IS",openalex,ms-10-3120_0024-9637-260016.md
10.31623/iksad.64,TÜRKİYE EKONOMİSİNDE CARİ AÇIK VE NEDENLERİ: ARDL ANALİZİ,crossref,ms-10-31623_iksad-64.md
10.3168/jds.2025-27965,Effects of different milk allowances on the behavior and liveweight of Holstein-,openalex,ms-10-3168_jds-2025-27965.md
10.31830/2348-7542.2026.roc-1296,"Optimising in vitro growth, chlorophyll content and secondary metabolite product",openalex,ms-10-31830_2348-7542-2026-roc-1296.md
10.31830/2348-7542.2026.roc-1303,Effect of auxins and cytokinins biostimulant formulations on the growth of Citro,openalex,ms-10-31830_2348-7542-2026-roc-1303.md
10.31989/ffhd.v16i7.2051,Piceatannol intake reduces wake after sleep onset in healthy adults: A randomize,openalex,ms-10-31989_ffhd-v16i7-2051.md
10.33158/asb.r264.v12.2026,"Fungal endophytes as multifunctional agents in crop protection: mechanisms, appl",openalex,ms-10-33158_asb-r264-v12-2026.md
10.33865/wjb.002.02.0086,"EFFECT OF FERTILIZER FACTORY WASTES ON SEED GERMINATION, PLANT GROWTH AND ROOT-K",crossref,ms-10-33865_wjb-002-02-0086.md
10.33899/magrj.2022.133497.1169,EFFECT OF SPRAYING WITH SALICYLIC ACID AND CALCIUM CHLORIDE ON THE YIELD CHARACT,crossref,ms-10-33899_magrj-2022-133497-1169.md
10.3389/fimmu.2026.1835156,Multi-omics identification and functional validation of signal regulatory protei,openalex,ms-10-3389_fimmu-2026-1835156.md
10.3389/fmicb.2026.1847172,Sugarcane smut fungus hijacks the host meristem: phytohormone-mediated sorus mor,openalex,ms-10-3389_fmicb-2026-1847172.md
10.3389/fncel.2026.1844360,Mesenchymal stromal/stem cells for neurological disorders in humans: an evidence,openalex,ms-10-3389_fncel-2026-1844360.md
10.3389/fonc.2026.1856788,POC1A promotes malignant phenotypes in non-triple-negative breast cancer cell mo,openalex,ms-10-3389_fonc-2026-1856788.md
10.3389/fpls.2026.1852363,A plastidic starch biosynthetic pathway defines columella-specific carbon metabo,openalex,ms-10-3389_fpls-2026-1852363.md
10.3389/fpls.2026.1853789,Untargeted metabolomics reveals the metabolic basis of sugar–acid balance and qu,openalex,ms-10-3389_fpls-2026-1853789.md
10.3390/agriculture16141515,Foliar Application of Protein Hydrolysates to Soybean [Glycine max (L.) Merr.] P,openalex,ms-10-3390_agriculture16141515.md
10.3390/agriculture16141553,Strip Tillage and No Tillage with Integrated Agronomic Practices Improve Maize Y,openalex,ms-10-3390_agriculture16141553.md
10.3390/agronomy16121175,Differential Phenotypic and Ion–Hormone Homeostatic Responses of Two Thinopyrum,openalex,ms-10-3390_agronomy16121175.md
10.3390/agronomy16141377,Effects of an Ascophyllum nodosum-Based Biofertilizer Applied Through Different,openalex,ms-10-3390_agronomy16141377.md
10.3390/ani16152296,"Estimating Survival, Growth, and Morphometric Relationships of Blue Crab (Callin",openalex,ms-10-3390_ani16152296.md
10.3390/antiox15060763,"Comparative Evaluation of Antioxidant Potential in Natural Plants, In Vitro Rege",openalex,ms-10-3390_antiox15060763.md
10.3390/antiox15080919,"From Oxidative Stress to Fibrotic Remodeling: Integrating Redox Biology, Galecti",openalex,ms-10-3390_antiox15080919.md
10.3390/biom16071065,Plasticity of Non-Apoptotic Residual Tumor Cells After Neoadjuvant Immunochemoth,openalex,ms-10-3390_biom16071065.md
10.3390/biom16081076,MAFB in Pancreatic β-Cell Development and Dysfunction: Implications for Diabetes,openalex,ms-10-3390_biom16081076.md
10.3390/buildings16122391,Public Value Perception and Conservation Strategies for Urban Industrial Heritag,openalex,ms-10-3390_buildings16122391.md
10.3390/cancers18142348,Dissecting Immune Determinants in Lesional Skin of Cutaneous T-Cell Lymphoma Dur,openalex,ms-10-3390_cancers18142348.md
10.3390/cancers18152386,NLRP7 in Hydatidiform Mole and Gestational Trophoblastic Neoplasia: From Materna,openalex,ms-10-3390_cancers18152386.md
10.3390/cancers18162713,Transcriptomic Profiling Identifies a Subset of Renal Tumors with Overlapping Fe,openalex,ms-10-3390_cancers18162713.md
10.3390/cells15141295,Rewiring Tumor Lifelines: Translating Hypoxia- and Pseudohypoxia-Driven Angiogen,openalex,ms-10-3390_cells15141295.md
10.3390/cimb48070742,Integrative Analysis Uncovers SETD5 as an Epigenetic Regulator of Transcriptiona,openalex,ms-10-3390_cimb48070742.md
10.3390/cryptography10040052,Dipper: A Lightweight Hybrid SPN–ARX Block Cipher,openalex,ms-10-3390_cryptography10040052.md
10.3390/d18060374,Functional Stability of the Common Bean (Phaseolus vulgaris L.) Nodule Microbiom,openalex,ms-10-3390_d18060374.md
10.3390/d18070427,Early Changes in Soil Organic Carbon Following Ecological Restoration in Mangrov,openalex,ms-10-3390_d18070427.md
10.3390/drones10070520,UAV-Based Estimation of Fuel Structure and Dynamics in a California Canyon Fire,openalex,ms-10-3390_drones10070520.md
10.3390/epigenomes10030049,"GPX Knockdown Is Associated with Altered Redox Homeostasis, Plant Development, a",openalex,ms-10-3390_epigenomes10030049.md
10.3390/f17070860,Interactive Effects of Litter and Understory Removal on Soil Nematodes Community,openalex,ms-10-3390_f17070860.md
10.3390/fi18070377,"Trigger, Not Root Cause: Re-Examining GitHub’s 2024 to 2026 Availability Decline",openalex,ms-10-3390_fi18070377.md
10.3390/foods15111996,Optimization of Fermentation and Transcriptomic Analysis of a High-Protein-Produ,openalex,ms-10-3390_foods15111996.md
10.3390/foods15122061,Drying-Induced Changes in Metabolite Profiles and Antioxidant Activity of Cordyc,openalex,ms-10-3390_foods15122061.md
10.3390/foods15122181,Integrated Metaproteomics and Untargeted Metabolomics Reveal Season-Specific Enz,openalex,ms-10-3390_foods15122181.md
10.3390/greenhealth2020017,Mechanistic Insights into Biogenic Multifunctional Metal-Based Nanoparticles: Bi,openalex,ms-10-3390_greenhealth2020017.md
10.3390/horticulturae12060694,Melatonin-Induced Leaf Growth in Lithocarpus litseifolius: A Synergistic Interpl,openalex,ms-10-3390_horticulturae12060694.md
10.3390/horticulturae12060741,The Gshdz4-GsNAC019-GsEXPA8 Multi-Component Module Enhances Alkaline Stress Tole,openalex,ms-10-3390_horticulturae12060741.md
10.3390/horticulturae12070858,Effects of IBA Combined with NAA/Melatonin/Citric Acid on Rooting Characteristic,openalex,ms-10-3390_horticulturae12070858.md
10.3390/horticulturae12070860,Piriformospora indica in Improving Stress Resistance in Horticultural Plants: Fu,openalex,ms-10-3390_horticulturae12070860.md
10.3390/horticulturae12070886,"Dynamic Analysis of Sugar, Organic Acid, Phytohormones, and Enzyme Activities in",openalex,ms-10-3390_horticulturae12070886.md
10.3390/horticulturae12070888,Integrated Transcriptomic and Metabolomic Analysis Reveals Multi-Hormone Regulat,openalex,ms-10-3390_horticulturae12070888.md
10.3390/horticulturae12080908,Monochromatic Light Orchestrates Integrated Transcriptomic and Metabolic Reprogr,openalex,ms-10-3390_horticulturae12080908.md
10.3390/horticulturae12081045,Nutrient Solution Flow Influences Cell Atlas and Root Morphogenesis in Hydroponi,openalex,ms-10-3390_horticulturae12081045.md
10.3390/ijms27125274,Silver Nanoparticles Produced by Rooibos Kombucha Suppress Bacterial Biofilms an,openalex,ms-10-3390_ijms27125274.md
10.3390/ijms27125393,Searching for Amaranthin—A Multipotential Betacyanin from Natural Sources and In,openalex,ms-10-3390_ijms27125393.md
10.3390/ijms27125402,"Biomarkers for Treatment Response in Orthodontics: Molecular Mechanisms, Clinica",openalex,ms-10-3390_ijms27125402.md
10.3390/ijms27125494,The Influence of Humic Substances and Auxin-Producing Bacteria on Acer saccharin,openalex,ms-10-3390_ijms27125494.md
10.3390/ijms27146259,"Plant Regeneration: Influencing Factors, Regulatory Networks, and Epigenetic Mec",openalex,ms-10-3390_ijms27146259.md
10.3390/ijms27146426,Screening of Reference Gene for RT-qPCR in Leymus chinensis During Environmental,openalex,ms-10-3390_ijms27146426.md
10.3390/ijms27146523,Effects of Perfluorotetradecanoic Acid (PFTeDA) and Biostimulants on Soil Bacter,openalex,ms-10-3390_ijms27146523.md
10.3390/ijms27156554,"Metainflammation, Mitochondrial Dysfunction, and Organokine Crosstalk: A Central",openalex,ms-10-3390_ijms27156554.md
10.3390/ijms27156583,Combined Short-Chain Fatty Acids Induce an Anti-Inflammatory and Anti-Chemotacti,openalex,ms-10-3390_ijms27156583.md
10.3390/ijms27156599,Poly(ADP-Ribose) polymerase1 Has Potential to Facilitate the Nucleosome Disassem,openalex,ms-10-3390_ijms27156599.md
10.3390/insects17070730,Carrying Regiella insecticola Does Not Impose Detectable Life-History Costs on D,openalex,ms-10-3390_insects17070730.md
10.3390/microorganisms14061296,Coral Mucus Microbial Community Change and Resistant Strategy Under UV Radiation,openalex,ms-10-3390_microorganisms14061296.md
10.3390/microorganisms14061317,Integrated Microbiomics and Metabolomics Reveal That Moisture Content and Lactip,openalex,ms-10-3390_microorganisms14061317.md
10.3390/microplastics5030141,Plastic in the Galleries: Conceptual Micro- and Nanoplastic Particle Exposure Du,openalex,ms-10-3390_microplastics5030141.md
10.3390/molecules31121995,Comparative Structural Modeling Suggests Distinct Signatures of Conformational P,openalex,ms-10-3390_molecules31121995.md
10.3390/molecules31121999,Mitochondrial Targeting of MVA Pathway Triggers Severe Inhibition of Post-Squale,openalex,ms-10-3390_molecules31121999.md
10.3390/molecules31122140,Insights into the Cytochrome P450 Monooxygenase Superfamily in Kadsura heterocli,openalex,ms-10-3390_molecules31122140.md
10.3390/onco6020027,Tumor Immune Infiltration and Its Association with Immune-Active Tumor Phenotype,openalex,ms-10-3390_onco6020027.md
10.3390/pathogens15070746,"Toxoplasma gondii in Wild Cervids and Wild Canids: Feeding Ecology, Environmenta",openalex,ms-10-3390_pathogens15070746.md
10.3390/plants15111732,Jasmonoyl-L-Isoleucine Induces Systemic Photosynthetic Responses to Local Heat S,openalex,ms-10-3390_plants15111732.md
10.3390/plants15111752,Correlative Changes in Endogenous Polyamines and Hormones Associated with Aging,openalex,ms-10-3390_plants15111752.md
10.3390/plants15121795,BnaA01.BRC1 Negatively Regulates Branch Number and Responds to Gibberellin Signa,openalex,ms-10-3390_plants15121795.md
10.3390/plants15121814,ZmNAC17 Integrates Transcriptional and Protein Interaction Networks to Regulate,openalex,ms-10-3390_plants15121814.md
10.3390/plants15121826,The Kelch-Repeat Superfamily Gene SiNL4 Regulates the Leaf Width in Foxtail Mill,openalex,ms-10-3390_plants15121826.md
10.3390/plants15121828,Enhanced Yield of GmJAG1-Edited Soybeans Accompanied by Improved Function of the,openalex,ms-10-3390_plants15121828.md
10.3390/plants15121834,"Decoding Bacillus spp.: Antimicrobial Diversity, Biocontrol Mechanisms, and Safe",openalex,ms-10-3390_plants15121834.md
10.3390/plants15121839,Provenance-Specific Photosynthetic Regulation and Recovery Mechanisms of Phoebe,openalex,ms-10-3390_plants15121839.md
10.3390/plants15121850,"Genotype, Vernalization Duration and Nutrition Interactions in Sugar Beet Speed",openalex,ms-10-3390_plants15121850.md
10.3390/plants15121855,"Strigolactones in Plant Abiotic Stress Resilience: Hormonal Crosstalk, Mechanist",openalex,ms-10-3390_plants15121855.md
10.3390/plants15142205,Genome-Wide Identification of Melon Single-Nucleotide Polymorphisms and Structur,openalex,ms-10-3390_plants15142205.md
10.3390/plants15142226,Early Dynamics of Zinc-Based Nanofertilizer Absorption in Plants of Glycine max,openalex,ms-10-3390_plants15142226.md
10.3390/plants15152246,"Small Anther, a C2H2-Type Zinc Finger Transcription Repressor, Controls Rice Ant",openalex,ms-10-3390_plants15152246.md
10.3390/psychiatryint7030139,Is Social Media Use Disorder a Thing?,openalex,ms-10-3390_psychiatryint7030139.md
10.3390/rs18121982,"High-Resolution Mapping, Attribution, and Carbon Loss Assessment of Forest Distu",openalex,ms-10-3390_rs18121982.md
10.3390/stresses6030052,Investigating the Effects of Conventional and No-Tillage Cultivation Methods on,openalex,ms-10-3390_stresses6030052.md
10.34172/jnp.28735,Preeclampsia-associated nephropathy; current insights into renal histopathology,openalex,ms-10-34172_jnp-28735.md
10.35791/jat.v7i2.67813,Concentration Level Test of Antagonistic Bacteria from Oil Palm Rhizosphere on V,openalex,ms-10-35791_jat-v7i2-67813.md
10.36899/japs.2026.2.0043,IDENTIFICATION OF THREATENED AND ENDEMIC ANGELICA GLAUCA: INSIGHT FROM DNA BARCO,crossref,ms-10-36899_japs-2026-2-0043.md
10.36899/japs.2026.2.0045,"GROWTH PERFORMANCE, TIBIAL BONE MORPHOMETRICS, COPPER AND ZINC STATUS IN ASEEL C",crossref,ms-10-36899_japs-2026-2-0045.md
10.37394/232013.2026.21.3,Laboratory Evaluation of Local Albanian Clays for Water-Based Drilling Fluids: A,openalex,ms-10-37394_232013-2026-21-3.md
10.3748/wjg.v32.i23.118199,Gallbladder cancer: Is significant attention to this pathology justified?,openalex,ms-10-3748_wjg-v32-i23-118199.md
10.3760/cma.j.cn112148-20260409-00227,[Research progress on epigenetics of coronary artery calcification].,openalex,ms-10-3760_cma-j-cn112148-20260409-00227.md
10.38042/biotechstudies.1969727,Scale-up production of Vigna caracalla meristematic nodules in a pneumatically a,openalex,ms-10-38042_biotechstudies-1969727.md
10.3847/1538-4357/ae8b97,Rigorous Use of Light-curve Inversion and Stellar Occultation Techniques for Der,openalex,ms-10-3847_1538-4357_ae8b97.md
10.3917/spub.pr2.0055,Impact du stress professionnel sur la santé physique des travailleurs : une revu,crossref,ms-10-3917_spub-pr2-0055.md
10.3998/sdi.3753,Title Pending 3753,crossref,ms-10-3998_sdi-3753.md
10.3998/tia.5821,Title Pending 5821,crossref,ms-10-3998_tia-5821.md
10.3998/tia.6951,Title Pending 6951,crossref,ms-10-3998_tia-6951.md
10.3998/tia.7151,Title Pending 7151,crossref,ms-10-3998_tia-7151.md
10.3998/tia.7246,Title Pending 7246,crossref,ms-10-3998_tia-7246.md
10.3998/tia.7813,Title Pending 7813,crossref,ms-10-3998_tia-7813.md
10.3998/tia.7983,Title Pending 7983,crossref,ms-10-3998_tia-7983.md
10.3998/tia.8087,Title Pending 8087,crossref,ms-10-3998_tia-8087.md
10.3998/tia.8172,Title Pending 8172,crossref,ms-10-3998_tia-8172.md
10.3998/tia.8661,Title Pending 8661,crossref,ms-10-3998_tia-8661.md
10.3998/tia.8888,Title Pending 8888,crossref,ms-10-3998_tia-8888.md
10.3998/tia.9011,Title Pending 9011,crossref,ms-10-3998_tia-9011.md
10.3998/tia.9281,Title Pending 9281,crossref,ms-10-3998_tia-9281.md
10.4251/wjgo.v18.i6.117110,Letter to the Editor: Exosomal miR-191 activates the NF-κB pathway to drive M2 m,openalex,ms-10-4251_wjgo-v18-i6-117110.md
10.4268/cjcmm20110223,Study of Rongban Tongmai granule on anti-oxidant stress in atherosclerosis,crossref,ms-10-4268_cjcmm20110223.md
10.4268/cjcmm20110225,Cell continuous extraction-HPLC determination biological affinity of 8 bufadieno,crossref,ms-10-4268_cjcmm20110225.md
10.46309/biodicon.2026.1853170,In vitro propagation of Alhagi maurorum (Fabaceae),openalex,ms-10-46309_biodicon-2026-1853170.md
10.46309/biodicon.2026.1920583,Some anatomical and palynological characteristics of Onobrychis paucijuga Bornm.,openalex,ms-10-46309_biodicon-2026-1920583.md
10.46889/aed.2026.2201,Association Between Non-Nutritive and Nutritive Sweetener Intake and Gastrointes,openalex,ms-10-46889_aed-2026-2201.md
10.48175/ijarsct-36557,Extended-Spectrum Beta-Lactamase (ESBL)-Producing Klebsiella pneumoniae in Urina,openalex,ms-10-48175_ijarsct-36557.md
10.48321/d189f17b4c,PP55α-Directed PP2A in Cellular Senescence,openalex,ms-10-48321_d189f17b4c.md
10.48620/97160,The duodenal microbiota is compartmentalized and clinically stable yet rapidly r,openalex,ms-10-48620_97160.md
10.51470/er.2026.8.1.20,Relationship between Haematology and environmental Stress Influence on Uda rams,crossref,ms-10-51470_er-2026-8-1-20.md
10.51532/meyve.1922109,Effect of Different Auxins on Root and Vegetative Development of Aronia melanoca,openalex,ms-10-51532_meyve-1922109.md
10.52058/2786-6165-2026-4(46)-2555-2565,ОСОБЛИВОСТІ ПЕРЕКЛАДУ СУЧАСНОЇ НІМЕЦЬКОЇ ПРОЗИ АНГЛІЙСЬКОЮ МОВОЮ (НА ПРИКЛАДІ ТВ,openalex,ms-10-52058_2786-6165-2026-4(46)-2555-2565.md
10.52152/fh9183,BATF/RORgt/IL-17 Axis as a Therapeutic Target in Systemic Lupus Erythematosus: I,openalex,ms-10-52152_fh9183.md
10.5281/zenodo.17751215,The Architecture of Limitation: Manuscript I — Metaphysical Expression,openalex,ms-10-5281_zenodo-17751215.md
10.5281/zenodo.17960403,"Optimal storage temperature for fresh fruits: physiological responses, quality r",openalex,ms-10-5281_zenodo-17960403.md
10.5281/zenodo.17960404,"Optimal storage temperature for fresh fruits: physiological responses, quality r",openalex,ms-10-5281_zenodo-17960404.md
10.5281/zenodo.18150174,"Interference RNA and microRNA in Rheumatoid Arthritis: Diagnostic Biomarkers, Ep",openalex,ms-10-5281_zenodo-18150174.md
10.5281/zenodo.18150175,"Interference RNA and microRNA in Rheumatoid Arthritis: Diagnostic Biomarkers, Ep",openalex,ms-10-5281_zenodo-18150175.md
10.5281/zenodo.18382569,expanded theories,openalex,ms-10-5281_zenodo-18382569.md
10.5281/zenodo.18662160,"Free – White Genes"" (1988): Art as Information Architecture of Epigenetics and",openalex,ms-10-5281_zenodo-18662160.md
10.5281/zenodo.18681631,The Decoupling Mechanism as a Boundary Condition: Geometric Resolution to the Da,openalex,ms-10-5281_zenodo-18681631.md
10.5281/zenodo.18683466,The Decoupling Mechanism as a Boundary Condition: Geometric Resolution to the Da,openalex,ms-10-5281_zenodo-18683466.md
10.5281/zenodo.18683680,The Decoupling Mechanism as a Boundary Condition: Geometric Resolution to the Da,openalex,ms-10-5281_zenodo-18683680.md
10.5281/zenodo.18842827,AI Topics Module 2: Education,openalex,ms-10-5281_zenodo-18842827.md
10.5281/zenodo.18842863,AI for Epigenetics,openalex,ms-10-5281_zenodo-18842863.md
10.5281/zenodo.19468376,Role of Plant Growth Regulators in Vegetative Propagation,openalex,ms-10-5281_zenodo-19468376.md
10.5281/zenodo.19468377,Role of Plant Growth Regulators in Vegetative Propagation,openalex,ms-10-5281_zenodo-19468377.md
10.5281/zenodo.20453404,Two families of dyadic–extremal cubic vertex–transitive graphs of girth six: a p,openalex,ms-10-5281_zenodo-20453404.md
10.5281/zenodo.20455760,MODERN ASPECTS OF ENDOCRINE FACTORS AND CELL PHYSIOLOGY,openalex,ms-10-5281_zenodo-20455760.md
10.5281/zenodo.20464721,Two families of dyadic–extremal cubic vertex–transitive graphs of girth six: a p,openalex,ms-10-5281_zenodo-20464721.md
10.5281/zenodo.20470687,DRUG RESISTANCE MECHANISMS IN CANCER: GENETIC AND EPIGENETIC DRIVERS,openalex,ms-10-5281_zenodo-20470687.md
10.5281/zenodo.20488554,Integrated Hybrid Renewable Power Plant with Hydrogen Energy Storage for Continu,openalex,ms-10-5281_zenodo-20488554.md
10.5281/zenodo.20488555,Integrated Hybrid Renewable Power Plant with Hydrogen Energy Storage for Continu,openalex,ms-10-5281_zenodo-20488555.md
10.5281/zenodo.20501748,Dermatophytes and the Rising Threat of Antifungal Resistance: Exploring Herbal C,openalex,ms-10-5281_zenodo-20501748.md
10.5281/zenodo.20553302,Processed single-cell RNA-seq and BCR (VDJ) data for wild-type vs Pax5-mutant mo,openalex,ms-10-5281_zenodo-20553302.md
10.5281/zenodo.20553303,Processed single-cell RNA-seq and BCR (VDJ) data for wild-type vs Pax5-mutant mo,openalex,ms-10-5281_zenodo-20553303.md
10.5281/zenodo.20573941,The Genetics of Consciousness: 5 Things DNA and Darshan Both Say About Who We Ar,openalex,ms-10-5281_zenodo-20573941.md
10.5281/zenodo.20573942,The Genetics of Consciousness: 5 Things DNA and Darshan Both Say About Who We Ar,openalex,ms-10-5281_zenodo-20573942.md
10.5281/zenodo.20578238,Effects of Kinetin Applications on Growth and Morphological Damage in Cucumber (,openalex,ms-10-5281_zenodo-20578238.md
10.5281/zenodo.20578239,Effects of Kinetin Applications on Growth and Morphological Damage in Cucumber (,openalex,ms-10-5281_zenodo-20578239.md
10.5281/zenodo.20579697,"Topology, Autocatalysis, and Epigenetic Control: How Network Architecture Shapes",openalex,ms-10-5281_zenodo-20579697.md
10.5281/zenodo.20593820,Somatic Embryogenesis Induction Using Varying Auxin-Cytokinin Ratio By Using Bac,openalex,ms-10-5281_zenodo-20593820.md
10.5281/zenodo.20593821,Somatic Embryogenesis Induction Using Varying Auxin-Cytokinin Ratio By Using Bac,openalex,ms-10-5281_zenodo-20593821.md
10.5281/zenodo.20605184,"A Research Program for Theoretical Life Science: High-Dimensional Life States, L",openalex,ms-10-5281_zenodo-20605184.md
10.5281/zenodo.20618159,What Lies Between: Transition Cost as the Missing Mechanism in Identity Theory,openalex,ms-10-5281_zenodo-20618159.md
10.5281/zenodo.20648929,Estudio:«Frei – weiße Gene» (1988): El arte como arquitectura informativa de la,openalex,ms-10-5281_zenodo-20648929.md
10.5281/zenodo.20657142,Impact of High Sugar Intake on KRAS-Mediated Pancreatic Carcinogenesis in Diabet,openalex,ms-10-5281_zenodo-20657142.md
10.5281/zenodo.20657143,Impact of High Sugar Intake on KRAS-Mediated Pancreatic Carcinogenesis in Diabet,openalex,ms-10-5281_zenodo-20657143.md
10.5281/zenodo.20679438,PRODUCTION OF NATURAL FOOD COLORANTS BY MICROORGANISMS,openalex,ms-10-5281_zenodo-20679438.md
10.5281/zenodo.20679439,PRODUCTION OF NATURAL FOOD COLORANTS BY MICROORGANISMS,openalex,ms-10-5281_zenodo-20679439.md
10.5281/zenodo.20681707,Agent Concretization: An Evolutionary Framework for Persistent Agent Personas in,openalex,ms-10-5281_zenodo-20681707.md
10.5281/zenodo.20683554,SCADA Command Custody Through A Pre-Binary Sign Net Gate,openalex,ms-10-5281_zenodo-20683554.md
10.5281/zenodo.20683555,SCADA Command Custody Through A Pre-Binary Sign Net Gate,openalex,ms-10-5281_zenodo-20683555.md
10.5281/zenodo.20704099,What are the genetic causes of gender dysphoria?,openalex,ms-10-5281_zenodo-20704099.md
10.5281/zenodo.20719493,"Maternal Obesity and Pregnancy: A Comprehensive Review of Epidemiology, Pathophy",openalex,ms-10-5281_zenodo-20719493.md
10.5281/zenodo.21457626,Transient CB2R Modulation Durably Restricts Breast Cancer Plasticity by Stabiliz,openalex,ms-10-5281_zenodo-21457626.md
10.5281/zenodo.21471590,BİOSYNTHESİS OF PLANT ALKALOİDS,openalex,ms-10-5281_zenodo-21471590.md
10.5281/zenodo.21479041,expanded theories,openalex,ms-10-5281_zenodo-21479041.md
10.5281/zenodo.21492387,KSR2 is a novel oncogene in TAL1 subtype of T-cell acute lymphoblastic leukemia,openalex,ms-10-5281_zenodo-21492387.md
10.5281/zenodo.21492388,KSR2 is a novel oncogene in TAL1 subtype of T-cell acute lymphoblastic leukemia,openalex,ms-10-5281_zenodo-21492388.md
10.5281/zenodo.21494541,Ptochoryctis simbleuta Meyrick 1907,openalex,ms-10-5281_zenodo-21494541.md
10.5281/zenodo.21494542,Ptochoryctis simbleuta Meyrick 1907,openalex,ms-10-5281_zenodo-21494542.md
10.5281/zenodo.21498946,Ptochoryctis Meyrick 1894,openalex,ms-10-5281_zenodo-21498946.md
10.5281/zenodo.21498947,Ptochoryctis Meyrick 1894,openalex,ms-10-5281_zenodo-21498947.md
10.5281/zenodo.21523720,Lunar Regolith Cement Mixer (LRCM) A Governed ISRU Construction-Material Process,openalex,ms-10-5281_zenodo-21523720.md
10.5281/zenodo.21538663,NEW ZEALAND DAIRY INDUSTRY INWARD INVESTMENT & MACROECONOMIC TRANSFORMATION PROS,openalex,ms-10-5281_zenodo-21538663.md
10.5281/zenodo.21538664,NEW ZEALAND DAIRY INDUSTRY INWARD INVESTMENT & MACROECONOMIC TRANSFORMATION PROS,openalex,ms-10-5281_zenodo-21538664.md
10.5281/zenodo.21543579,The Model Is a Dependency: Testing the Audit Case for Open Weights in Finance,openalex,ms-10-5281_zenodo-21543579.md
10.5281/zenodo.21543580,The Model Is a Dependency: Testing the Audit Case for Open Weights in Finance,openalex,ms-10-5281_zenodo-21543580.md
10.5281/zenodo.21737603,Gimme a rainy week life more: a computational study on the signal-to-noise ratio,openalex,ms-10-5281_zenodo-21737603.md
10.5281/zenodo.21737604,Gimme a rainy week life more: a computational study on the signal-to-noise ratio,openalex,ms-10-5281_zenodo-21737604.md
10.5281/zenodo.21797986,Traffic governance and regulatory compliance among commercial motorists in Niger,openalex,ms-10-5281_zenodo-21797986.md
10.5281/zenodo.21797987,Traffic governance and regulatory compliance among commercial motorists in Niger,openalex,ms-10-5281_zenodo-21797987.md
10.5281/zenodo.22036524,Science and Medicine Reinterpretation Under Host Absolute Authorship Framework (,openalex,ms-10-5281_zenodo-22036524.md
10.5281/zenodo.22036525,Science and Medicine Reinterpretation Under Host Absolute Authorship Framework (,openalex,ms-10-5281_zenodo-22036525.md
10.5281/zenodo.7368979,Journal of GIS based Historical Studies,openalex,ms-10-5281_zenodo-7368979.md
10.5304/jafscd.2013.041.001,Peri-Urban Food Futures: Opportunities and Challenges to Reconfiguring Sustainab,crossref,ms-10-5304_jafscd-2013-041-001.md
10.53388/tmr2027003,"Xiao-Ke-Shen-An formula alleviates inflammation, oxidative stress and fibrosis i",crossref,ms-10-53388_tmr2027003.md
10.53523/ijoirvol13i1id646,Current Status and Future Prospects in Sustainable Wireless Energy Transfer: A C,openalex,ms-10-53523_ijoirvol13i1id646.md
10.54055/ejtr.v43i.4127,Modelling Destination Loyalty in Wellness Tourism: Evidence from Portugal,openalex,ms-10-54055_ejtr-v43i-4127.md
10.54508/rsdu.2026.08,Regenerarea urbană şi patrimoniul istoric - situaţia României / Urban regenerati,crossref,ms-10-54508_rsdu-2026-08.md
10.54508/rsdu.2026.12,"Regenerarea urbană, soluţie pentru zonele aflate în declin / Urban regeneration,",crossref,ms-10-54508_rsdu-2026-12.md
10.5559/di.34.4.04,Minority Stress and Mental Health: The Role of Self-Compassion,crossref,ms-10-5559_di-34-4-04.md
10.55640/ijmsdh-12-05-11,Association Between Neopterin And Oxidative Stress in Patients with Psoriasis,crossref,ms-10-55640_ijmsdh-12-05-11.md
10.55665/troiamedj.1930193,Yaşlanma karşıtı yeni bir ufuk: karaciğerde klotho ve moleküler hedefler,openalex,ms-10-55665_troiamedj-1930193.md
10.55677/ijcsmr/v6i6-08/2026,Impact of High Sugar Intake on KRAS-Mediated Pancreatic Carcinogenesis in Diabet,openalex,ms-10-55677_ijcsmr_v6i6-08_2026.md
10.56251/pdhy1805,The Australian National Audit Office and the Australian Capital Territory Audit,crossref,ms-10-56251_pdhy1805.md
10.56251/qgsl3291,Pioneering Sustainable Technology Audit Practice in SAIs for Better Use of Techn,crossref,ms-10-56251_qgsl3291.md
10.56557/jogae/2026/v18i310651,Morphological and Anatomical Studies on Ipomoea aquatica,openalex,ms-10-56557_jogae_2026_v18i310651.md
10.5705/ss.202024.0104,A Semiparametric Quantile Single-Index Model for Zero-Inflated and Overdispersed,crossref,ms-10-5705_ss-202024-0104.md
10.5705/ss.202025.0456,Locally Efficient Estimators for Partially Linear Single Index Quantile Regressi,crossref,ms-10-5705_ss-202025-0456.md
10.5829/ije.2027.40.02b.02,Thermal and Economic Assessment of Cooling Technologies in a Combined Cycle Powe,crossref,ms-10-5829_ije-2027-40-02b-02.md
10.6084/m9.figshare.32604792.v1,expression gene and different gene in different stages in grafting-growth,openalex,ms-10-6084_m9-figshare-32604792-v1.md
10.6084/m9.figshare.32604792,expression gene and different gene in different stages in grafting-growth,openalex,ms-10-6084_m9-figshare-32604792.md
10.6084/m9.figshare.32664708.v1,Additional file 1 of Premeiotic chromatin states orchestrate gene expression dur,openalex,ms-10-6084_m9-figshare-32664708-v1.md
10.6084/m9.figshare.32664708,Additional file 1 of Premeiotic chromatin states orchestrate gene expression dur,openalex,ms-10-6084_m9-figshare-32664708.md
10.6084/m9.figshare.32664711.v1,Additional file 2 of Premeiotic chromatin states orchestrate gene expression dur,openalex,ms-10-6084_m9-figshare-32664711-v1.md
10.6084/m9.figshare.32677454,Supplementary tables and figures from Inferences from epigenetic information in,openalex,ms-10-6084_m9-figshare-32677454.md
10.61189/030332bzapdu,Advances in endoscopic closure devices for postoperative gastrointestinal defect,openalex,ms-10-61189_030332bzapdu.md
10.62273/awxk7246,Teaching Tip: A Data Preparation and Enrichment Exercise for Location-Aware Anal,openalex,ms-10-62273_awxk7246.md
10.64784/200,Las dos Polaridades del Desequilibrio de la Homeostasis Energética Estudio de Bi,openalex,ms-10-64784_200.md
10.64823/ijter.2605025,An AI-Powered Career Readiness Ecosystem for Campus Placements,openalex,ms-10-64823_ijter-2605025.md
10.64898/2026.05.27.727026,S-nitrosylation of protein kinase A is required for its activation by GPCRs,openalex,ms-10-64898_2026-05-27-727026.md
10.64898/2026.05.27.728152,Top-down and bottom-up landscape processes influence the formation of microbial,openalex,ms-10-64898_2026-05-27-728152.md
10.64898/2026.05.27.728164,Engineering xylose metabolism for diverse polyhydroxyalkanoates synthesis in Hal,openalex,ms-10-64898_2026-05-27-728164.md
10.64898/2026.05.27.728175,SCD-dependent lipid metabolism licenses alternative macrophage activation and ma,openalex,ms-10-64898_2026-05-27-728175.md
10.64898/2026.05.28.726140,Ultra-efficient High Resolution 3D Reconstruction of Spatial Omics Data with Neu,openalex,ms-10-64898_2026-05-28-726140.md
10.64898/2026.05.29.728167,Histone succinylation directly inhibits Jumonji domain demethylases and stabiliz,openalex,ms-10-64898_2026-05-29-728167.md
10.64898/2026.05.29.728846,Carbamylome analysis reveals regulatory roles for lysine carbamylation in β-cell,openalex,ms-10-64898_2026-05-29-728846.md
10.64898/2026.05.30.729020,CpG Atlas: A centralized multi-layer database and AI interface for DNA methylati,openalex,ms-10-64898_2026-05-30-729020.md
10.64898/2026.05.31.727005,A tonoplast cytokinin riboside transporter gates intracellular hormone availabil,openalex,ms-10-64898_2026-05-31-727005.md
10.64898/2026.05.31.729161,Single-cell multimodal profiling of pan-cancer cell lines uncovers gene regulato,openalex,ms-10-64898_2026-05-31-729161.md
10.64898/2026.06.01.728087,A multimodal perturbation atlas defines the phenotypic resolution of cellular mo,openalex,ms-10-64898_2026-06-01-728087.md
10.64898/2026.06.01.729035,A Non-Viral CRISPR/Cas9 HDR Platform for Stable Engineering of Solid Tumor Model,openalex,ms-10-64898_2026-06-01-729035.md
10.64898/2026.06.01.729058,Multiome Profiling Reveals Astrocyte and Neuroendocrine Targets of Prenatal Acou,openalex,ms-10-64898_2026-06-01-729058.md
10.64898/2026.06.01.729395,Vermeer: Autoregressive generative modeling of microscopy predicts protein local,openalex,ms-10-64898_2026-06-01-729395.md
10.64898/2026.06.02.729566,Cellpin enables reference-based imputation and denoising of spatial transcriptom,openalex,ms-10-64898_2026-06-02-729566.md
10.64898/2026.06.03.724713,ATML1-GIR1-TPL/TPR transcriptional repression module controls glucosinolates and,openalex,ms-10-64898_2026-06-03-724713.md
10.64898/2026.06.03.724934,USP7 sustains PAX3::FOXO1 enhancer reprogramming and represents a therapeutic vu,openalex,ms-10-64898_2026-06-03-724934.md
10.64898/2026.06.03.729557,STITCH: Spatial Transcriptomics Imputation via Flow Matching with Internal Learn,openalex,ms-10-64898_2026-06-03-729557.md
10.64898/2026.06.03.729916,"MLL3 adaptor function, not methyltransferase catalytic activity, is essential fo",openalex,ms-10-64898_2026-06-03-729916.md
10.64898/2026.06.04.729731,Fasting Status and Epigenetic Clock Stability: Implications for Aging Research,openalex,ms-10-64898_2026-06-04-729731.md
10.64898/2026.06.04.729929,Somatic cells non-autonomously control germline incomplete cytokinesis through F,openalex,ms-10-64898_2026-06-04-729929.md
10.64898/2026.06.05.729520,Multimodal physical evidence uncovers interpretable gene regulatory networks for,openalex,ms-10-64898_2026-06-05-729520.md
10.64898/2026.06.05.730084,scFAIR Consortium: a decentralized hub for single-cell RNA-Seq data standardizat,openalex,ms-10-64898_2026-06-05-730084.md
10.64898/2026.06.05.730350,Reduced parenteral glucose supply in preterm neonatal infection ameliorates the,openalex,ms-10-64898_2026-06-05-730350.md
10.64898/2026.06.05.730381,Spatial atlas of the ovary identifies molecular events in primordial follicle ac,openalex,ms-10-64898_2026-06-05-730381.md
10.64898/2026.06.05.730472,Astrocyte subtype-specific expression of the sodium-coupled citrate transporter,openalex,ms-10-64898_2026-06-05-730472.md
10.64898/2026.06.05.730478,Hippocampal CA2 modulates trace fear conditioning through circuit-specific contr,openalex,ms-10-64898_2026-06-05-730478.md
10.64898/2026.06.05.730538,M6A-modified circEZH2 Protects Endothelial Cells from Senescence and Suppresses,openalex,ms-10-64898_2026-06-05-730538.md
10.64898/2026.06.07.730766,A complete-genome view of phylum Omnitrophota and a multi-order capacity for ver,openalex,ms-10-64898_2026-06-07-730766.md
10.64898/2026.06.07.730773,A high-quality chromosome-scale reference genome assembly for Asparagus racemosu,openalex,ms-10-64898_2026-06-07-730773.md
10.64898/2026.06.08.726441,Cellular Complexity and Systemic Immune Profiles across Ancestral Diversity in T,openalex,ms-10-64898_2026-06-08-726441.md
10.64898/2026.06.08.730950,Two SID-1-dependent genes sensitive to heritable epigenetic changes can also imp,openalex,ms-10-64898_2026-06-08-730950.md
10.64898/2026.06.09.26355168,Hormonal Contraceptives Drive Genital Lipid Metabolism Reprogramming and Suscept,openalex,ms-10-64898_2026-06-09-26355168.md
10.64898/2026.06.09.731212,Epigenetic de-repression of basal cell metaplasia in aging AT2 cells is a risk f,openalex,ms-10-64898_2026-06-09-731212.md
10.64898/2026.06.09.731222,SCD1 inhibition synergizes with TMZ to improve IDH1MUT glioma survival of mice v,openalex,ms-10-64898_2026-06-09-731222.md
10.64898/2026.06.09.731259,A Computational Framework for Domain Insertion into Type IV Pili for Bacterial D,openalex,ms-10-64898_2026-06-09-731259.md
10.64898/2026.06.10.730433,Internal decay in living trees: a quantitative tomography framework and its appl,openalex,ms-10-64898_2026-06-10-730433.md
10.64898/2026.06.10.731275,Regulatory landscape of widespread stop codon readthrough in Drosophila,openalex,ms-10-64898_2026-06-10-731275.md
10.64898/2026.06.11.731395,Unraveling candidate genomic regions responsible for delayed post-harvest deteri,openalex,ms-10-64898_2026-06-11-731395.md
10.64898/2026.06.11.731538,"The ENIGMA-PD-WML Pipeline: A Containerized, User-Friendly Approach for Accurate",openalex,ms-10-64898_2026-06-11-731538.md
10.64898/2026.06.11.731719,<i>Xist</i> expression in male <i>Peromyscus leucopus</i> is associated with res,openalex,ms-10-64898_2026-06-11-731719.md
10.64898/2026.06.11.731752,Deep Cellular and Spatial Profiling of the Mouse Spinal Cord Reveals Sex-Specifi,openalex,ms-10-64898_2026-06-11-731752.md
10.64898/2026.06.12.731621,Extracranial lymphatic-venous anastomosis remodels the choroid plexus-vascular a,openalex,ms-10-64898_2026-06-12-731621.md
10.64898/2026.06.12.731885,Dual profiling of DNA modifications with enhancer features during the exit of na,openalex,ms-10-64898_2026-06-12-731885.md
10.64898/2026.06.12.732001,DNA 6mA marks transcriptionally active chromatin in malaria parasites,openalex,ms-10-64898_2026-06-12-732001.md
10.64898/2026.06.13.727340,Mtf2 Safeguards Naive Pluripotency by Restricting Trophectoderm Competence,openalex,ms-10-64898_2026-06-13-727340.md
10.64898/2026.06.15.26355744,Exercise Training Improves Skeletal Muscle Insulin Sensitivity and Reprograms th,openalex,ms-10-64898_2026-06-15-26355744.md
10.64898/2026.06.15.731445,Benchmarking gene expression reconstruction from single-cell latent representati,openalex,ms-10-64898_2026-06-15-731445.md
10.64898/2026.06.15.732404,FORGE-KI: A Modular Framework for Endogenous Knock-In Engineering Across HDR and,openalex,ms-10-64898_2026-06-15-732404.md
10.64898/2026.06.16.732047,An in vitro regeneration system with efficient rooting in sweet orange (Citrus s,openalex,ms-10-64898_2026-06-16-732047.md
10.64898/2026.06.16.732172,Multicellular Spatial Programs Define the Histopathological Architecture of Meni,openalex,ms-10-64898_2026-06-16-732172.md
10.64898/2026.06.16.732522,Single-cell chromatin tracing reveals multimodal molecular programs during memor,openalex,ms-10-64898_2026-06-16-732522.md
10.64898/2026.06.16.732612,Identification and molecular characterization of a novel TYLCV isolate breaking,openalex,ms-10-64898_2026-06-16-732612.md
10.64898/2026.06.16.732617,Multimodal Hypersampling of the adult human heart resolves tissue-specific cell,openalex,ms-10-64898_2026-06-16-732617.md
10.64898/2026.06.16.732632,Phytoplasma mediated transcriptional changes in poinsettia buds suggest MAF3 and,openalex,ms-10-64898_2026-06-16-732632.md
10.64898/2026.06.16.732687,"RNA virus-mediated metabolic reprogramming in a bloom-forming, marine diatom",openalex,ms-10-64898_2026-06-16-732687.md
10.64898/2026.06.18.732629,Mitochondrial one-carbon enzyme MTHFD1L sustains stemness and metastatic progres,openalex,ms-10-64898_2026-06-18-732629.md
10.65822/j.pcl/2026.32,Immature Embryo Culture Based in-Vitro Selection To Enhance Heat Stress Toleranc,crossref,ms-10-65822_j-pcl_2026-32.md
10.66606/ieti2025v1n103,Bio-Hybrid Plant-Inspired Soft Robot with Self-Healing and Growth-Like Motion fo,crossref,ms-10-66606_ieti2025v1n103.md
10.70278/aanaj/.0000001096,Beyond the Nociceptor--Addressing Social Determinants of Pain in Anesthesia Care,openalex,ms-10-70278_aanaj_-0000001096.md
10.70609/g-tech.v10i3.10300,Germination of Expired Spinach (Amaranthus hybridus L.) Seeds with Various Cocon,openalex,ms-10-70609_g-tech-v10i3-10300.md
10.71005/458kdy25,Integrated Bioinformatics and Machine Learning Analysis Identifies MT1F as a Pot,openalex,ms-10-71005_458kdy25.md
10.71454/pa.004.06.0309,Antileishmanial and Antibacterial Activities of Aminobenzothiazole Sulfonamides,crossref,ms-10-71454_pa-004-06-0309.md
10.71454/pa.004.06.0309a,Integrated Ecological Strategies for the Management of Fruit Flies (&lt;i&gt;Bac,crossref,ms-10-71454_pa-004-06-0309a.md
10.71454/pa.004.06.0311,Correlation and Regression Analysis for Yield and its Associated Traits in Hexap,crossref,ms-10-71454_pa-004-06-0311.md
10.7554/elife.109886.2,A systematic interactome of SET1C expands its functional landscape and identifie,openalex,ms-10-7554_elife-109886-2.md
10.7717/peerj.21508,Decoding aging clocks from a metabolomic perspective,openalex,ms-10-7717_peerj-21508.md
10.9734/ajess/2026/v52i73218,"Self-reported Digital Literacy among Female Service-sector Workers in Semarang,",openalex,ms-10-9734_ajess_2026_v52i73218.md
10.9734/aprj/2026/v14i3377,Efficient Micropropagation System for Tuberose (Polianthes tuberosa L.) from Cor,openalex,ms-10-9734_aprj_2026_v14i3377.md
10.9787/pbb.2026.14.152,Beyond Productivity: CRISPR-Based Genome Editing for High-Value and Well-being T,openalex,ms-10-9787_pbb-2026-14-152.md
10.1016/j.molp.2026.03.016,Single-cell and haplotype-resolved transcriptomics reveal molecular signatures o,,orchid-flower-sc-haplotype.md
10.1111/nph.70160status:,created: 2026-05-28,,pakchoi-root-sc-multiomics-salt.md
10.1111/nph.70232,Single-cell transcriptomes reveal spatiotemporal heat stress response in pearl m,,pearl-millet-heat-scrna.md
10.1016/j.tplants.2026.03.003,Mapping plant cell-type-specific responses to environmental stresses.,,plant-sc-stress-review-tips.md
10.1016/0012-1606(61)90009-4,Origin of the blastema in regenerating limbs of the newt Triturus viridescens,,ref-0012-1606-61-90009-4.md
10.1080/15592324.2015.1011949,Cortex proliferation in the root is a protective mechanism against abiotic stres,,ref-15592324-2015-1011949.md
10.3791/1673-v,Fluorescence Activated Cell Sorting of Plant Protoplasts,,ref-1673-v.md
10.3791/64876,A Simple Protocol for Mapping the Plant Root System Architecture Traits.,,ref-64876.md
10.1007/978-1-4939-3142-2_13,Cell Proliferation Analysis Using EdU Labeling in Whole Plant and Histological S,,ref-978-1-4939-3142-2_13.md
10.1007/978-1-4939-3572-7_13,Optimizing RNA-Seq Mapping with STAR.,,ref-978-1-4939-3572-7_13.md
10.1007/978-1-4939-8657-6_9,Isolation of Arabidopsis Palisade and Spongy Mesophyll Cells.,,ref-978-1-4939-8657-6_9.md
10.1007/978-1-60327-563-7_16,Computer vision as a tool to study plant development.,,ref-978-1-60327-563-7_16.md
10.1360/jos171731,Representation of Mathematical Knowledge in National Knowledge Infrastructure,,ref-BSgenome--software-infrastruct.md
10.1016/S0014-5793(00)01675-6,化学抑制剂：植物细胞周期研究的工具,,ref-S0014-5793-00-01675-6.md
10.1016/S0092-8674(00)80115-4,稻草人基因调节不对称的细胞分裂，这对于产生桡骨,,ref-S0092-8674-00-80115-4.md
10.1016/S0092-8674(00)81536-6,狼人是拟南芥中的MYB相关蛋白，是表皮细胞的位置依赖性调节因子,,ref-S0092-8674-00-81536-6.md
10.1016/S0959-437X(00)00150-7,细胞周期依赖性翻译控制,,ref-S0959-437X-00-00150-7.md
10.1016/S0960-9822(98)70176-9,根表皮中的位置信息在胚胎发育过程中定义，并在,,ref-S0960-9822-98-70176-9.md
10.1093/plcell/koac047,玉米单核转录组全面描述了控制moveme的信号网络,,ref-The-maize-single‐nucleus-trans.md
10.1146/annurev-arplant-042817-040549,分生组织大小的控制。,,ref-annurev-arplant-042817-04.md
10.4028/b-XDTcg5,第十二届国际材料科学与工程年会（ ICMSE ）,,ref-b-XDTcg5.md
10.1093/bib/bbad195,CIForm作为大规模单细胞RNA-seq数据的细胞类型标注的基于Transformer的模型,,ref-bbad195.md
10.1093/bib/bbz096,单细胞RNA测序数据集的单细胞分类器的评估。,,ref-bbz096.md
10.1093/bioinformatics/btp324,使用Burrows-Wheeler变换进行快速准确的短读对齐。,,ref-btp324.md
10.1093/bioinformatics/btp352,序列对齐/映射格式和SAMtools。,,ref-btp352.md
10.1093/bioinformatics/btq033,BEDTools ：用于比较基因组特征的灵活实用程序套件。,,ref-btq033.md
10.1093/bioinformatics/btr330,变体调用格式和VCFtools。,,ref-btr330.md
10.1093/bioinformatics/btw354,MultiQC ：在单个报告中汇总多个工具和样品的分析结果。,,ref-btw354.md
10.1093/bioinformatics/btx194,SCODE ：一种来自单细胞RNA-Seq的有效调控网络推断算法，在不同的,,ref-btx194.md
10.1093/bioinformatics/btz701,scDAPA ：从单细胞RNA-seq检测和可视化动态替代多聚腺苷酸化,,ref-btz701.md
10.1242/dev.01186,拟南芥的不对称叶片发育和叶片扩张由KANADI和YABBY ACTI介导,,ref-dev-01186.md
10.1242/dev.019349,ACAULIS5通过预防细胞过早死亡来控制拟南芥木质部规格。,,ref-dev-019349.md
10.1242/dev.117.3.873,大鼠原肠胚形成期间异常快速的细胞周期表征。,,ref-dev-117-3-873.md
10.1242/dev.119.1.57,<i>拟南芥</i>根系发育：根系形态发生显著改变的四种突变体,,ref-dev-119-1-57.md
10.1242/dev.119.1.71,拟南芥根的细胞组织。,,ref-dev-119-1-71.md
10.1242/dev.129.13.3207,联合芽MERISTEMLESS和WUSCHEL触发拟南芥异位器官发生。,,ref-dev-129-13-3207.md
10.1242/dev.136283,拟南芥侧根的出现依赖于生长素的转录因子LBD29调节,,ref-dev-136283.md
10.1242/dev.198614,Developmental single-cell transcriptomics in the Lytechinus variegatus sea urchi,,ref-dev-198614.md
10.1002/dvdy.10239,Regeneration or scarring: an immunologic perspective.,,ref-dvdy-10239.md
10.7554/eLife.26792.024,created: 2026-05-28,,ref-eLife-26792-024.md
10.1093/jxb/erm335,Roles of the bundle sheath cells in leaves of C3 plants.,,ref-erm335.md
10.1101/gad.1819909,Signals and prepatterns: new insights into organ polarity in plants.,,ref-gad-1819909.md
10.1101/gad.305504,Mosaic analyses using marked activation and deletion clones dissect Arabidopsis,,ref-gad-305504.md
10.1186/gb-2008-9-9-r137,Model-based analysis of ChIP-Seq (MACS).,,ref-gb-2008-9-9-r137.md
10.1534/genetics.104.033142,"Reversible histone acetylation and deacetylation mediate genome-wide, promoter-d",,ref-genetics-104-033142.md
10.1534/genetics.114.164350,fastSTRUCTURE: variational inference of population structure in large SNP data s,,ref-genetics-114-164350.md
10.1093/gigascience/giab008,Twelve years of SAMtools and BCFtools.,,ref-giab008.md
10.1093/nar/gkad521,Spatially resolved transcriptomic analysis of the germinating barley grain.,,ref-gkad521.md
10.1093/nar/gkh340,MUSCLE: multiple sequence alignment with high accuracy and high throughput.,,ref-gkh340.md
10.1093/nar/gkr591,Measuring cell identity in noisy biological systems.,,ref-gkr591.md
10.1093/nar/gku555,Single-cell RNA-seq: advances and future challenges.,,ref-gku555.md
10.1093/nar/gkx382,"agriGO v2.0: a GO analysis toolkit for the agricultural community, 2017 update.",,ref-gkx382.md
10.1093/nar/gkz781,Cell-type-specific analysis of alternative polyadenylation using single-cell tra,,ref-gkz781.md
10.1101/gr.210757.116,Genome-wide dynamics of alternative polyadenylation in rice.,,ref-gr-210757-116.md
10.1101/gr.271346.120,Analysis of alternative polyadenylation from single-cell RNA-seq using scDaPars,,ref-gr-271346-120.md
10.3390/ijms25147668,Genome-Wide Analysis of the WOX Family and Its Expression Pattern in Root Develo,,ref-ijms25147668.md
10.1111/j.1365-313X.2008.03641.x,The DOF transcription factor OBP1 is involved in cell cycle regulation in Arabid,,ref-j-1365-313X-2008-03641-x.md
10.1111/j.1365-313X.2009.04086.x,The development of Arabidopsis as a model plant.,,ref-j-1365-313X-2009-04086-x.md
10.1016/j.ccell.2020.06.012,Emergence of a High-Plasticity Cell State during Lung Cancer Evolution.,,ref-j-ccell-2020-06-012.md
10.1016/j.cell.2008.02.001,Plant stem cell niches: standing the test of time.,,ref-j-cell-2008-02-001.md
10.1016/j.cell.2009.04.018,BASL controls asymmetric cell division in Arabidopsis.,,ref-j-cell-2009-04-018.md
10.1016/j.cell.2014.01.020,Nonstochastic reprogramming from a privileged somatic cell state.,,ref-j-cell-2014-01-020.md
10.1016/j.cell.2015.05.002,Highly Parallel Genome-wide Expression Profiling of Individual Cells Using Nanol,,ref-j-cell-2015-05-002.md
10.1016/j.cell.2016.04.038,Cistrome and Epicistrome Features Shape the Regulatory DNA Landscape.,,ref-j-cell-2016-04-038.md
10.1016/j.cell.2016.04.046,Root Regeneration Triggers an Embryo-like Sequence Guided by Hormonal Interactio,,ref-j-cell-2016-04-046.md
10.1016/j.cell.2019.01.006,Optimal-Transport Analysis of Single-Cell Gene Expression Identifies Development,,ref-j-cell-2019-01-006.md
10.1016/j.cell.2019.03.006,A Jasmonate Signaling Network Activates Root Stem Cells and Promotes Regeneratio,,ref-j-cell-2019-03-006.md
10.1016/j.cell.2019.04.015,Re-activation of Stem Cell Pathways for Pattern Restoration in Plant Wound Heali,,ref-j-cell-2019-04-015.md
10.1016/j.cell.2020.07.032,Genome-Scale Imaging of the 3D Organization and Transcriptional Activity of Chro,,ref-j-cell-2020-07-032.md
10.1016/j.cell.2022.04.003,Spatiotemporal transcriptomic atlas of mouse organogenesis using DNA nanoball-pa,,ref-j-cell-2022-04-003.md
10.1016/j.cell.2025.03.024,An Arabidopsis single-nucleus atlas decodes leaf senescence and nutrient allocat,,ref-j-cell-2025-03-024.md
10.1016/j.celrep.2014.06.033,A genome-scale resource for the functional characterization of Arabidopsis trans,,ref-j-celrep-2014-06-033.md
10.1016/j.celrep.2019.06.041,Molecular Mechanisms Driving Switch Behavior in Xylem Cell Differentiation.,,ref-j-celrep-2019-06-041.md
10.1016/j.cels.2017.08.009,Stem Cell Differentiation as a Non-Markov Stochastic Process.,,ref-j-cels-2017-08-009.md
10.1016/j.cub.2015.12.047,Rules and Self-Organizing Properties of Post-embryonic Plant Organ Cell Division,,ref-j-cub-2015-12-047.md
10.1016/j.cub.2016.07.070,Plant Stem Cells.,,ref-j-cub-2016-07-070.md
10.1016/j.cub.2017.03.014,Strigolactone- and Karrikin-Independent SMXL Proteins Are Central Regulators of,,ref-j-cub-2017-03-014.md
10.1016/j.cub.2022.04.070,植物的生长防御权衡,,ref-j-cub-2022-04-070.md
10.1016/j.devcel.2011.06.016,The cellular basis for animal regeneration.,,ref-j-devcel-2011-06-016.md
10.1016/j.devcel.2012.12.013,A bHLH complex controls embryonic vascular tissue establishment and indeterminat,,ref-j-devcel-2012-12-013.md
10.1016/j.devcel.2015.01.025,"Transcriptome dynamics of the stomatal lineage: birth, amplification, and termin",,ref-j-devcel-2015-01-025.md
10.3410/f.735384662.793561483,Faculty Opinions recommendation of Spatiotemporal Developmental Trajectories in,,ref-j-devcel-2019-01-006.md
10.1016/j.devcel.2019.02.022,Spatiotemporal Developmental Trajectories in the Arabidopsis Root Revealed Using,,ref-j-devcel-2019-02-022.md
10.1016/j.devcel.2020.07.003,Chromatin Accessibility Dynamics and a Hierarchical Transcriptional Regulatory N,,ref-j-devcel-2020-07-003.md
10.1016/j.devcel.2022.01.013,Plant glutamate receptors mediate a bet-hedging strategy between regeneration an,,ref-j-devcel-2022-01-013.md
10.1016/j.devcel.2022.04.011,The single-cell stereo-seq reveals region-specific cell subtypes and transcripto,,ref-j-devcel-2022-04-011.md
10.1016/j.devcel.2022.07.017,Mechanical conflict caused by a cell-wall-loosening enzyme activates de novo sho,,ref-j-devcel-2022-07-017.md
10.1016/j.devcel.2024.05.016,Spatiotemporal transcriptomic landscape of rice embryonic cells during seed germ,,ref-j-devcel-2024-05-016.md
10.1016/j.devcel.2024.12.019,Glutathione accelerates the cell cycle and cellular reprogramming in plant regen,,ref-j-devcel-2024-12-019.md
10.1016/j.gecco.2024.e02863,Responses of belowground fine root biomass and morphology in Robinia pseudoacaci,,ref-j-gecco-2024-e02863.md
10.1016/j.indcrop.2023.117825,Single-nucleus RNA sequencing of Nicotiana tabacum seedlings reveals heterogenei,,ref-j-indcrop-2023-117825.md
10.1016/j.molcel.2015.05.005,Advances and applications of single-cell sequencing technologies.,,ref-j-molcel-2015-05-005.md
10.1016/j.molcel.2018.07.022,A Growing Toolbox to Image Gene Expression in Single Cells: Sensitive Approaches,,ref-j-molcel-2018-07-022.md
10.1016/j.molp.2020.10.012,Single-Cell Transcriptome Analysis in Plants: Advances and Challenges.,,ref-j-molp-2020-10-012.md
10.1016/j.molp.2022.10.016,MINI-EX: Integrative inference of single-cell gene regulatory networks in plants,,ref-j-molp-2022-10-016.md
10.1016/j.molp.2022.10.019,Differentiation trajectories and biofunctions of symbiotic and un-symbiotic fate,,ref-j-molp-2022-10-019.md
10.1016/j.molp.2022.10.021,Cell-specific pathways recruited for symbiotic nodulation in the Medicago trunca,,ref-j-molp-2022-10-021.md
10.1016/j.molp.2024.01.010,Systematic identification of wheat spike developmental regulators by integrated,,ref-j-molp-2024-01-010.md
10.1016/j.plantsci.2019.01.011,Review: New sensors and data-driven approaches-A path to next generation phenomi,,ref-j-plantsci-2019-01-011.md
10.1016/j.plantsci.2022.111486,Review: Challenges and perspectives in applying single nuclei RNA-seq technology,,ref-j-plantsci-2022-111486.md
10.1016/j.tig.2021.08.012,Intricacies of single-cell multi-omics data integration.,,ref-j-tig-2021-08-012.md
10.1016/j.tplants.2018.07.004,Deep Learning for Plant Stress Phenotyping: Trends and Future Perspectives.,,ref-j-tplants-2018-07-004.md
10.1016/j.tplants.2019.10.008,Single-Cell Transcriptomics: A High-Resolution Avenue for Plant Functional Genom,,ref-j-tplants-2019-10-008.md
10.1016/j.tplants.2021.08.016,Crafting a blueprint for single-cell RNA sequencing.,,ref-j-tplants-2021-08-016.md
10.1074/jbc.M207570200,Cell cycle-regulated gene expression in Arabidopsis.,,ref-jbc-M207570200.md
10.1074/jbc.M409024200,"Curcumin, a novel p300/CREB-binding protein-specific inhibitor of acetyltransfer",,ref-jbc-M409024200.md
10.1093/plphys/kiad030,Alternative 3'-untranslated regions regulate high-salt tolerance of Spartina alt,,ref-kiad030.md
10.1093/plcell/koac167,Leaf cell-specific and single-cell transcriptional profiling reveals a role for,,ref-koac167.md
10.1093/plcell/koad255,Transcriptional activation by WRKY23 and derepression by removal of bHLH041 coor,,ref-koad255.md
10.1093/aob/mcz160,The SAUR41 subfamily of SMALL AUXIN UP RNA genes is abscisic acid inducible to m,,ref-mcz160.md
10.1093/molbev/msw054,MEGA7: Molecular Evolutionary Genetics Analysis Version 7.0 for Bigger Datasets.,,ref-msw054.md
10.1038/nature07597,Organ regeneration does not require a functional stem cell niche in plants.,,ref-nature07597.md
10.1038/nbt.1754,Integrative genomics viewer.,,ref-nbt-1754.md
10.1038/nmeth.4150,Single-cell mRNA quantification and differential analysis with Census.,,ref-nmeth-4150.md
10.1038/nmeth.4463,SCENIC: single-cell regulatory network inference and clustering.,,ref-nmeth-4463.md
10.1111/nph.17469,Integration of genome wide association studies and co-expression networks reveal,,ref-nph-17469.md
10.1111/nph.18775,RRS1 shapes robust root system to enhance drought resistance in rice.,,ref-nph-18775.md
10.1111/nph.70160,Single-cell multiome reveals root hair-specific responses to salt stress.,,ref-nph-70160.md
10.1111/nph.70220,Exploring the untapped potential of single-cell and spatial omics in plant biolo,,ref-nph-70220.md
10.1111/pbi.13696,The wheat AGL6-like MADS-box gene is a master regulator for floral organ identit,,ref-pbi-13696.md
10.1111/pbi.13893,PlantPhoneDB: A manually curated pan-plant database of ligand-receptor pairs inf,,ref-pbi-13893.md
10.1111/pbi.14306,ScRNA-seq reveals dark- and light-induced differentially expressed gene atlases,,ref-pbi-14306.md
10.1111/pce.12691,Joint genetic and network analyses identify loci associated with root growth und,,ref-pce-12691.md
10.1111/pce.14290,"Jasmonic acid coordinates with light, glucose and auxin signalling in regulating",,ref-pce-14290.md
10.1111/pce.14606,Revisiting the role of MAPK signalling pathway in plants and its manipulation fo,,ref-pce-14606.md
10.1093/pcp/pcu020,A unique HEAT repeat-containing protein SHOOT GRAVITROPISM6 is involved in vacuo,,ref-pcu020.md
10.1093/pcp/pcv110,Calpain-Mediated Positional Information Directs Cell Wall Orientation to Sustain,,ref-pcv110.md
10.1093/pcp/pcx172,A Conceptual Framework for Cell Identity Transitions in Plants.,,ref-pcx172.md
10.1093/pnasnexus/pgad002,Histone deacetylation regulates de novo shoot regeneration.,,ref-pgad002.md
10.1093/aobpla/plab056,RhizoVision Explorer: open-source software for root image analysis and measureme,,ref-plab056.md
10.3390/plants13213108,Plant Growth Regulators: An Overview of WOX Gene Family.,,ref-plants13213108.md
10.3390/plants9050615,"Gravity-Sensing Tissues for Gravitropism Are Required for ""Anti-Gravitropic"" Phe",,ref-plants9050615.md
10.1104/pp.010323,"AtREM1, a member of a new family of B3 domain-containing genes, is preferentiall",,ref-pp-010323.md
10.1104/pp.104.055756,"Arabidopsis thickvein mutation affects vein thickness and organ vascularization,",,ref-pp-104-055756.md
10.1104/pp.105.060541,Compilation of mRNA polyadenylation signals in Arabidopsis revealed a new signal,,ref-pp-105-060541.md
10.1104/pp.105.065045,Protein geranylgeranyltransferase I is involved in specific aspects of abscisic,,ref-pp-105-065045.md
10.1104/pp.106.076604,AINTEGUMENTA contributes to organ polarity and regulates growth of lateral organ,,ref-pp-106-076604.md
10.1104/pp.106.087262,Combining expression and comparative evolutionary analysis. The COBRA gene famil,,ref-pp-106-087262.md
10.1104/pp.109.1.7,Root Architecture and Plant Productivity.,,ref-pp-109-1-7.md
10.1104/pp.109.142505,Arabidopsis LON2 is necessary for peroxisomal function and sustained matrix prot,,ref-pp-109-142505.md
10.1104/pp.112.198341,"Auxin and epigenetic regulation of SKP2B, an F-box that represses lateral root f",,ref-pp-112-198341.md
10.1104/pp.112.201822,Identification of an Arabidopsis fatty alcohol:caffeoyl-Coenzyme A acyltransfera,,ref-pp-112-201822.md
10.1104/pp.113.233916,The optimal lateral root branching density for maize depends on nitrogen and pho,,ref-pp-113-233916.md
10.1104/pp.114.238873,The Emerging Role of Reactive Oxygen Species Signaling during Lateral Root Devel,,ref-pp-114-238873.md
10.1104/pp.124.4.1658,An enhancer trap line associated with a D-class cyclin gene in Arabidopsis.,,ref-pp-124-4-1658.md
10.1104/pp.15.01483,Seed Dormancy in Arabidopsis Is Controlled by Alternative Polyadenylation of DOG,,ref-pp-15-01483.md
10.1104/pp.17.01332,The Distinct Roles of Class I and II RPD3-Like Histone Deacetylases in Salinity,,ref-pp-17-01332.md
10.1104/pp.18.00463,"A Comprehensive Toolkit for Inducible, Cell Type-Specific Gene Expression in Ara",,ref-pp-18-00463.md
10.1002/reg2.33,The art of fin regeneration in zebrafish.,,ref-reg2-33.md
10.1186/s13059-017-1382-0,SCANPY: large-scale single-cell gene expression data analysis.,,ref-s13059-017-1382-0.md
10.1186/s13059-018-1496-z,Single-cell RNAseq for the study of isoforms-how is that possible?,,ref-s13059-018-1496-z.md
10.1016/s1369-5266(00)00100-x,Protein degradation in signaling,,ref-s1369-5266-00-00100-x.md
10.1038/s41477-022-01291-y,Single-cell RNA sequencing provides a high-resolution roadmap for understanding,,ref-s41477-022-01291-y.md
10.1038/s41477-023-01524-8,Single-nucleus transcriptomes reveal spatiotemporal symbiotic perception and ear,,ref-s41477-023-01524-8.md
10.1038/s41586-018-0837-0,High levels of auxin signalling define the stem-cell organizer of the vascular c,,ref-s41586-018-0837-0.md
10.1038/s41587-019-0068-4,Characterization of cell fate probabilities in single-cell data with Palantir.,,ref-s41587-019-0068-4.md
10.1126/science.aar3131,Single-cell reconstruction of developmental trajectories during zebrafish embryo,,ref-science-aar3131.md
10.1126/science.aat5691,Three-dimensional intact-tissue sequencing of single-cell transcriptional states,,ref-science-aat5691.md
10.1093/mp/ssq018,Histone acetyltransferase AtGCN5/HAG1 is a versatile regulator of developmental,,ref-ssq018.md
10.1199/tab.0120,The Arabidopsis cell division cycle.,,ref-tab-0120.md
10.1105/tpc.006791,Arabidopsis E2Fc functions in cell division and is degraded by the ubiquitin-SCF,,ref-tpc-006791.md
10.1105/tpc.105.031724,Transcriptional profile of the Arabidopsis root quiescent center.,,ref-tpc-105-031724.md
10.1105/tpc.106.044834,"SIAMESE, a plant-specific cell cycle regulator, controls endoreplication onset i",,ref-tpc-106-044834.md
10.1105/tpc.109.068072,SUMO E3 ligase HIGH PLOIDY2 regulates endocycle onset and meristem maintenance i,,ref-tpc-109-068072.md
10.1105/tpc.110.076083,TDIF peptide signaling regulates vascular stem cell proliferation via the WOX4 h,,ref-tpc-110-076083.md
10.1105/tpc.112.096107,Genome-wide control of polyadenylation site choice by CPSF30 in Arabidopsis.,,ref-tpc-112-096107.md
10.1105/tpc.114.133793,Cell differentiation and development in Arabidopsis are associated with changes,,ref-tpc-114-133793.md
10.1105/tpc.16.00863,A Two-Step Model for de Novo Activation of <i>WUSCHEL</i> during Plant Shoot Reg,,ref-tpc-16-00863.md
10.1105/tpc.17.00983,A Spatiotemporal DNA Endoploidy Map of the Arabidopsis Root Reveals Roles for th,,ref-tpc-17-00983.md
10.1105/tpc.19.00279,Celebrating 20 Years of Genetic Discoveries in Legume Nodulation and Symbiotic N,,ref-tpc-19-00279.md
10.1111/tpj.13470,DRO1 influences root system architecture in Arabidopsis and Prunus species.,,ref-tpj-13470.md
10.1111/tpj.13611,Role of cleavage and polyadenylation specificity factor 100: anchoring poly(A) s,,ref-tpj-13611.md
10.1111/tpj.14209,Differential alternative polyadenylation contributes to the developmental diverg,,ref-tpj-14209.md
10.1111/tpj.14670,SUPPRESSOR OF MAX2 1-LIKE 5 promotes secondary phloem formation during radial st,,ref-tpj-14670.md
10.3410/f.726368176.793518729,Faculty Opinions recommendation of Cistrome and epicistrome features shape the r,,ref2-10-1016-j-cell-2016-.md
10.3410/f.729069926.793540548,Faculty Opinions recommendation of Cis and trans determinants of epigenetic sile,,ref2-10-1038-ng-3937.md
10.3410/f.726907401.793526573,Faculty Opinions recommendation of The heterodimeric transcription factor comple,,ref2-10-1038-nplants-2016.md
10.3410/f.737616688.793575841,Faculty Opinions recommendation of Construction of a human cell landscape at sin,,ref3-10-1038-s41586-020-2157-4.md
10.1111/nph.17617,PIN-mediated polar auxin transport regulations in plant tropic responses.,,ref3-10-1111-nph-17617.md
10.1111/jipb.70272,"Single-cell insights into plant growth, adaptation, and evolution.",,sc-multiomics-review-jipb.md
10.1016/j.tplants.2026.03.003内容：,created: 2026-05-28,,sc-stress-celltype-atlas.md
10.1111/pbi.70672,Spatiotemporal Metabolome and Single-Nucleus Transcriptome Integration Illuminat,,tobacco-leaf-angle-sc-spatial.md
10.1016/j.cj.2026.03.017,Single-nucleus RNA sequencing reveals transcriptional response of wheat roots an,,wheat-salt-snrna.md
10.1111/pce.70169,单细胞转录组解码被子植物木质部发育,,xylem-sc-review-pce-2025.md
10.64898/2026.05.04.722566,Linking sugar sensing to immunity in plants via O-glycosylation,,daily-42146548.md
10.1016/j.envpol.2026.128382,Ultrafine polystyrene nanoplastics penetrate roots and induce organelle damage a,,daily-42162827.md
10.1007/s00299-026-03845-2,A small heat shock protein from Arabidopsis thaliana regulates glyceraldehyde-3-,,daily-42171763.md
10.1186/s13568-026-02077-7,Impact of altitude and temperature variation on microbial communities and fermen,,daily-42189357.md
10.3390/ani16101535,Effects of Replacing Whole-Crop Maize Silage with Pennisetum giganteum Silage on,,daily-42193826.md
10.3390/molecules31101568,Preliminary Evaluation of Gemini-Surfactant-Based Formulations for Antifungal Se,,daily-42197122.md
10.3390/plants15101581,(E)-2-Hexenal Combats Rice Sheath Blight Through Direct Pathogen Inhibition and,,daily-42197714.md
10.3390/plants15101585,ZmPRN1 Negatively Regulates Salt Stress Tolerance by Modulating ROS Homeostasis,,daily-42197717.md
10.1155/anu/9006952,Dietary Substitution of Soybean Meal With Phaeodactylum tricornutum Meal Improve,,daily-42200157.md
10.1007/s00425-026-05034-7,Transcription factors in phosphorus utilization: enhancing crop productivity and,,daily-42207342.md
10.1021/acs.jafc.6c02800,Mechanistic Model for Simulating Pesticide Uptake into Maize Pollen,,daily-42207581.md
10.1007/s00284-026-04974-3,Growth and Development of Avocado Rootstocks Fertilized with Phosphoric Rock and,,daily-42209778.md
10.1111/nph.71304,OsMYB94 functions as a master regulator of metabolic pathways associated with ri,,daily-42210497.md
10.1111/mpp.70253,RNAi-Mediated Attenuation of CsCalS7-Related Transcripts Mitigates Callose Accum,,daily-42210679.md
10.1039/d6ra02312f,Development of a green and sustainable rice husk nanosilica-based spectrophotome,,daily-42211355.md
10.3389/fpls.2026.1828668,Integrated transcriptomic and metabolomic profiles analysis reveals a potential,,daily-42211470.md
10.3389/fpls.2026.1827899,"Impact of split application of potassium fertilizer on yield, quality, and econo",,daily-42211473.md
10.3389/fpls.2026.1833397,Regulating growth and stress responses in Abies beshanzuensis seedlings: integra,,daily-42211474.md
10.1039/d5ra09926a,Ultra-sensitive determination of carcinogenic aflatoxins in food matrices using,,daily-42211791.md
10.1007/s00122-026-05283-w,Uncovering the genetic architecture of biomass yield and related traits in South,,daily-42213143.md
10.1007/s00122-026-05258-x,"Characterization of T5DL·5DS-2RS, a wheat-rye chromosomal translocation with enh",,daily-42213168.md
10.1007/s11103-026-01729-3,"Plant viruses as next-generation vectors for transgene-free genome editing, gene",,daily-42213265.md
10.1126/sciadv.adz4776,Excess nitric oxide alters cellular pH to restrict salicylic acid movement and s,,daily-42213848.md
10.1111/nph.71305,Potential unlocked: an atlas of cloned wheat genes for genome engineering and br,,daily-42216279.md
10.1111/nph.71302,Thioredoxin system modulates metabolic and stomatal responses to elevated CO2 in,,daily-42216313.md
10.1111/pbi.70689,Interactional Endocytosis and Transmembrane Transport Promote Cellular Internali,,daily-42216478.md
10.1111/mpp.70275,The Role of Two Glycoalkaloid Metabolism Genes in α-Tomatine Biosynthesis and Ba,,daily-42216500.md
10.1007/s11274-026-04871-8,Bacterial nanocellulose-based encapsulation of Trichoderma harzianum spores for,,daily-42216983.md
10.1007/s00223-026-01550-6,Effects of Collagen Cross-Linking Agents on Dentin-Composite Interface Strength,,daily-42217039.md
10.1007/s00425-026-05037-4,Spontaneous plastome mutations in variegated plants occur predominantly in genes,,daily-42217055.md
10.1007/s11033-026-12054-9,Development and characterization of NB-ARC gene-derived SSRs in wheat (Triticum,,daily-42217060.md
10.1007/s11274-026-05061-2,The biostimulant role of microbial exopolysaccharides: mechanisms and agricultur,,daily-42217121.md
10.1007/s12602-026-11081-z,Genomic and Functional Characterization of Bacillus amyloliquefaciens H6: A Pote,,daily-42217152.md
10.1038/s41598-026-55620-8,Effect of Agrobacterium tumefaciens on papaya whitefly Trialeurodes variabilis p,,daily-42218263.md
10.1186/s40462-026-00664-8,Greater pollen-mediated gene flow among than within populations of a bumblebee-p,,daily-42218497.md
10.1186/s12967-026-08339-z,Toosendanin suppresses acute myeloid leukemia by targeting DDX5/c-Myc axis to in,,daily-42218538.md
10.1093/bib/bbag270,CLCNet: a contrastive learning and chromosome-aware network for genomic predicti,,daily-42218721.md
10.1111/pbi.70700,Spatially Resolved ABA Signalling Reveals Dual Role in Tomato Yield,,daily-42220070.md
10.1002/advs.75873,Histone Modification Complex JMJ704-HDA709 Negatively Regulates Salinity Toleran,,daily-42220093.md
10.1016/j.eehl.2026.100247,Production of rhizosphere reactive oxygen species by root-surface iron plaque du,,daily-42220625.md
10.1016/j.fochx.2026.103942,Assembly of resistant starch type 5 in two amylose matrices: effects of fatty ac,,daily-42221232.md
10.3389/fmicb.2026.1788341,Potassium-solubilizing bacteria from tropical forest soils enhance potassium and,,daily-42221480.md
10.3389/fmicb.2026.1836902,Genomic and microecological insights into the biocontrol mechanisms of Bacillus,,daily-42221488.md
10.3389/fpls.2026.1845603,Pan-genome analysis of soybean terpene synthase identifies GmTPS20 as a defense-,,daily-42221884.md
10.3389/fpls.2026.1814115,Opaque-2 induced zein reduction and lysine increase suggest a route to quality p,,daily-42221899.md
10.3389/fpls.2026.1792750,"Simplicillium lamellicola (Smith) Zare & Gams, a novel hyperparasitic fungus inf",,daily-42221901.md
10.3389/fpls.2026.1835554,Mechanistic insights into enhanced drought resistance of modern cultivars and dr,,daily-42221902.md
10.1016/j.fochx.2025.103473,Comparative evaluation of high-pressure processing and conventional pasteurizati,,daily-42221996.md
10.1016/j.fochx.2025.103466,Prediction refined vegetable oils oxidative stability using the accelerated ther,,daily-42222003.md
10.1007/978-3-032-16128-4_9,Two-Stage Decoupling Framework for Variable-Length Glaucoma Prognosis,,daily-42222134.md
10.1093/nsr/nwag184,Genome-wide association studies and QTL mapping for traits deviating from normal,,daily-42222310.md
10.1093/tas/txag070,Evaluation of elevated soybean meal diets with inclusion of exogenous enzymes on,,daily-42222521.md
10.1007/s12298-026-01737-z,"Water deficit modulates growth, secondary metabolism, and carvacrol biosynthesis",,daily-42222733.md
10.1007/s12298-026-01753-z,Nitrogen form substitution identifies nitrogen use efficiency management pathway,,daily-42222734.md
10.1073/pnas.2528515123,Synthetic pectin-cellulose nanofiber capsule recapitulates the mechanical proper,,daily-42224583.md
10.1093/plphys/kiag328,A miR396d-PagGRF20-PagXTH5 module balances growth and salt tolerance in poplar,,daily-42225265.md
10.1186/s43897-025-00224-5,Blue light receptor phot2 collaborates with NRL-30 to negatively regulate immuni,,daily-42226070.md
10.1111/nph.71308,Arabidopsis DNA repair mutants can integrate Agrobacterium T-DNA into the plant,,daily-42226386.md
10.1080/15592324.2026.2682037,Exogenous pipecolic acid ameliorates lead-induced phytotoxicity in chili (Capsic,,daily-42226624.md
10.1002/jcla.70260,Impact of Different Pre-Dilution Methods on Routine Blood Test Results: A Study,,daily-42226695.md
10.1515/biol-2025-1313,Calcium-dependent regulation of antioxidant metabolism in maize seedlings under,,daily-42226761.md
10.1093/hr/uhag047,Dynamic regulatory mechanisms of histone methylation in plant development and en,,daily-42227011.md
10.1093/hr/uhag046,Chloroplast-to-apoplast relocalization of MOC1 strengthens plant vascular immuni,,daily-42227014.md
10.1002/vms3.71015,Effects of Green Tea Extract and (+)-Catechin Hydrate on Sperm Quality and Semin,,daily-42227045.md
10.1002/pro.70647,Description of the rate-limiting hydrogen tunneling mechanism for plant 9- and 1,,daily-42227275.md
10.1007/s00299-026-03868-9,HDA6 represses the histone acetylation modification and expression of WRKY18/40,,daily-42228143.md
10.1007/s00421-026-06273-y,Cuminaldehyde alleviates rat diabetic tendinopathy and improves gait behavior vi,,daily-42228158.md
10.1007/s10532-026-10314-w,Melatonin-mediated regulation of fruit quality and physicochemical attributes: c,,daily-42228182.md
10.1007/s11103-026-01728-4,Genome-wide association studies reveal a functional SNP and candidate genes asso,,daily-42228216.md
10.1007/s11130-026-01524-x,Incorporation of Microencapsulated Bioactive Peptides from Brewer's Spent Grain,,daily-42228241.md
10.1007/s11427-025-3282-7,Nitrogen fertilization increases soil organic carbon through distinct pathways i,,daily-42228254.md
10.1007/s10787-026-02278-3,Bioactive compounds for neuroinflammation and neuropathic pain management: molec,,daily-42228335.md
10.1093/jisesa/ieag047,Diversity analyses of corn leaf aphid Rhopalosiphum maidis (Hemiptera: Aphididae,,daily-42228521.md
10.1371/journal.pone.0350738,A Lipoxygenase 3 mutation reverses growth phenotypes in an Arabidopsis Plastid L,,daily-42228718.md
10.1371/journal.pone.0335670,Pricing strategies of the tobacco companies in response to cigarette excise tax,,daily-42228722.md
10.1371/journal.pone.0330962,Healthcare providers' beliefs about the health effects of nicotine and electroni,,daily-42228747.md
10.1111/plb.70236,The effects of nitrogen and phosphorus fertilization on nutrient resorption in f,,daily-42228836.md
10.1111/plb.70235,Effects of cotyledon removal on the root growth and physiology properties during,,daily-42228838.md
10.2196/88125,Use of the Dynamic Systems Development Method to Inform Technology-Assisted Moti,,daily-42228902.md
10.1093/plphys/kiag327,Metabolic modeling predicts synergistic growth benefits between arbuscular mycor,,daily-42228914.md
10.1186/s13019-026-04274-8,Sex impacts outcome in minimally invasive surgery of the ascending aorta: a prop,,daily-42231440.md
10.1111/nph.71318,The genetic architecture of leaf vein density and its importance for photosynthe,,daily-42231612.md
10.1002/advs.75700,NLSS3 Impairs SHM1 Autophagic Degradation to Regulate Leaf Morphology and Salt T,,daily-42231793.md
10.1016/j.mmr.2026.100041,The disease burden attributable to tobacco use in China and its provinces from 1,,daily-42231880.md
10.3389/fpls.2026.1832288,Spatially resolved quantification of wheat kernel vitreousness using hyperspectr,,daily-42231888.md
10.3389/fpls.2026.1829123,Spray-induced gene silencing for plant disease control: mechanistic basis and de,,daily-42231891.md
10.3389/fpls.2026.1769384,QTLs for heat-induced stomatal anatomy underpin gas exchange variation in field-,,daily-42231893.md
10.3389/fpls.2026.1836788,Synergistic adaptation of rice root phosphorus uptake kinetics and leaf carbon-n,,daily-42231894.md
10.3389/fpls.2026.1781486,Enhanced nitrogen dynamics and uptake in cotton via organic liquid fertilizer pa,,daily-42231896.md
10.3389/fsurg.2026.1813946,False-positive beta-glucan test due to beta-glucan component in sterile gauze du,,daily-42232329.md
10.1016/j.fochx.2026.104022,Elucidation of the key odorants contributing to the distinctive honey and sweet,,daily-42232488.md
10.1016/j.fochx.2026.104004,Comparative analysis of the quality of fortified sweet wines made from Marselan,,daily-42232496.md
10.3389/fgene.2026.1762633,Responses and adaptations of plants to abiotic stress: transcriptional regulatio,,daily-42232517.md
10.1039/d6ra04196e,Asymmetric LAMP-gold nanoparticle biosensing for rapid detection of Kenyan tomat,,daily-42232924.md
10.1016/j.jsea.2026.100028,Total elbow arthroplasty for unreconstructible distal humerus fracture sequelae,,daily-42233104.md
10.2105/AJPH.2026.308491,Tobacco Industry Contributions to the Development of Ultraprocessed Food in the,,daily-42233189.md
10.2105/AJPH.2026.308501,Ultraprocessed Foods in the Global Food System: The Role of US Tobacco Companies,,daily-42233201.md
10.1021/acs.jafc.6c01854,Soybean-Derived Soluble Fiber Enhances Antimicrobial Proteins in the Mouse Small,,daily-42233663.md
10.1128/aem.00790-26,Exploring the biochemical and biological functions of copper radical oxidases in,,daily-42233674.md
10.1158/1055-9965.EPI-26-0057,Dietary and Lifestyle Patterns Among Young Patients with Lung Cancer: Analysis o,,daily-42233968.md
10.1007/s11103-026-01724-8,CeO2 Nanozymes as redox regulators: Reprogramming of reactive oxygen species (RO,,daily-42234038.md
10.1007/s00299-026-03854-1,Pathogen-triggered m⁶A epitranscriptomic reprogramming is linked to host defense,,daily-42234141.md
10.1007/s00284-026-04995-y,Seed Priming with Alginate-Whey Protein Concentrate Encapsulated Bacillus veleze,,daily-42234165.md
10.1073/pnas.2537963123,Mutational analyses of an instability domain reveal its conserved role in the re,,daily-42234526.md
10.1093/plcell/koag160,Loss of PMR4 callose synthase triggers jasmonic acid-dependent resistance to the,,daily-42234583.md
10.1371/journal.pone.0350814,Acinetobacter baumannii utilizes a novel protective factor to combat desiccation,,daily-42234671.md
10.1021/jacs.6c05481,A Programmable Cut-and-Sew Strategy for Trisulfide Transfer in the Synthesis of,,daily-42234790.md
10.1093/plphys/kiag333,Molecular mechanism of cold acclimation regulating freezing tolerance in Prunus,,daily-42234825.md
10.1038/s41586-026-10610-8,Plastoglobules compartmentalize nitrogen assimilation in maize,,daily-42236940.md
10.1038/s41586-026-10575-8,Teosinte alleles enhance nitrogen assimilation and seed protein in maize,,daily-42236942.md
10.64898/2026.05.14.26353250,Smoking drives an epigenetic memory of aberrant hematopoiesis,,daily-42238466.md
10.64898/2026.05.17.725773,Functional genomic map of local adaptation in sorghum to guide allele mining,,daily-42239145.md
10.64898/2026.05.21.727017,Nuclear basket localized proteasomes maintain circadian period through nuclear T,,daily-42239240.md
10.64898/2026.05.20.726545,FBXL21 regulates diurnal proteostasis and stress response by targeting DNAJB6 an,,daily-42239455.md
10.64898/2026.05.21.726904,Cell-specific dedifferentiation in Arabidopsis thaliana,,daily-42239462.md
10.1039/d6ra01949h,Harnessing wetting transitions to program dual-mode antibacterial textiles,,daily-42239587.md
10.1039/d6ra02974d,Eco-engineered functionalized mesoporous silica from rice husks for selective de,,daily-42239643.md
10.1016/j.crmicr.2026.100608,Antiviral potential of black tea and blueberry extracts against monkeypox virus,,daily-42239745.md
10.1080/23802359.2026.2680737,Complete chloroplast genome and phylogenetic analysis of the korean endemic plan,,daily-42239836.md
10.3389/fpls.2026.1827397,Responses of vegetation-soil enzyme activities to climatic factors under differe,,daily-42239866.md
10.3389/fpls.2026.1849989,Integrated multi-omics analysis reveals the molecular mechanism of tuber morphog,,daily-42239870.md
10.1042/BSR20260190,Diacylglycerol enantiomer selectivity of diacylglycerol acyltransferases highlig,,daily-42240445.md
10.1007/s11030-026-11613-3,"Synthesis and fungicidal activity of novel 1,1-diaryl-2-azolylethanols with a py",,daily-42240765.md
10.1007/s00425-026-05041-8,Limited functional compensation among subunits of the carbonic anhydrase module,,daily-42240827.md
10.1002/advs.75922,Multi-Stimuli-Responsive Hydrogen-Bonded Organic Frameworks Nanocarriers Enable,,daily-42240913.md
10.1007/s10142-026-01907-y,Role of GhMyoVIII2 in regulating the fruit branch angle revealed by integrated b,,daily-42240931.md
10.1073/pnas.2530029123,Virus-induced transgene- and tissue culture-free heritable genome editing in tom,,daily-42241111.md
10.4103/aian.aian_39_26,Eating Epilepsy: Clinico-Electro-Imaging Profiles and Treatment Outcomes in Pati,,daily-42241354.md
10.1016/j.psj.2026.107158,Lactobacillus solid-state fermentation with rice bran modulates substrate availa,,daily-42241756.md
10.1016/j.psj.2026.107151,Cecal metagenome and mucosal transcriptome of broilers after an enteric challeng,,daily-42241759.md
10.1016/j.psj.2026.107175,"Effects of Astragalus membranaceus stems and leaves on broiler growth, antioxida",,daily-42241764.md
10.1016/j.stemcr.2026.102950,PCBP1 orchestrates amino acid metabolism burst during the naïve-to-primed plurip,,daily-42242215.md
10.1007/s10123-026-00841-0,Sundarbans-derived halotolerant Bacillus inaquosorum SWA3TU mitigates arsenic an,,daily-42243414.md
10.1093/plphys/kiag341,Understanding and modifying starch metabolism to limit yield losses in field-gro,,daily-42243644.md
10.1111/nph.71336,Machine learning-guided multi-omics suggests iron-dependent hormonal signaling d,,daily-42244150.md
10.1111/nph.71335,Natural variation in OsMYB305 downregulating cytokinin-mediated inhibition of le,,daily-42244154.md
10.1111/nph.71331,The feedback regulation between DREB2C and E3 ligases DEL1/DEL2 for balancing th,,daily-42244164.md
10.1111/nph.71320,The GSK3/SHAGGY-like OsGSK3 phosphorylates and inhibits phase separation of OsFC,,daily-42244175.md
10.1111/tpj.70936,Dissecting Agronomically favorable genotypes in temperate japonica rice via hapl,,daily-42244205.md
10.1111/tpj.70937,A PROMOTER::LUCIFERASE reporter system reveals key elements of the circadian reg,,daily-42244239.md
10.64898/2026.05.25.727657,Genomic history and ecology of local adaptation in sky-island Arabidopsis thalia,,daily-42244612.md
10.64898/2026.05.28.727677,Phage RyR-domain proteins degrade ADPR-based immune signals and fuel NAD+ synthe,,daily-42244614.md
10.64898/2026.05.25.727632,Toxin resistance in the monarch butterfly expanded its milkweed host range,,daily-42244758.md
10.1016/j.fochx.2026.104041,Debranching and OSA esterification of waxy maize starch: effects on nanoparticle,,daily-42244889.md
10.1016/j.fochx.2026.104020,Unlocking the potential of purple wheat bran through superfine grinding: Effects,,daily-42244892.md
10.1093/braincomms/fcag130,Sleep increases firing rate modulation during interictal epileptiform discharges,,daily-42244910.md
10.3389/fpls.2026.1843162,Rethinking grapevine downy mildew management: opportunities to disrupt the sexua,,daily-42245095.md
10.3389/fpls.2026.1795072,Effects of nitrogen and phosphorus fertilization on soil respiration and its tem,,daily-42245100.md
10.3389/fpls.2026.1842337,High-throughput phenotyping for climate-resilient forests: integrating multi-sen,,daily-42245104.md
10.3389/fpls.2026.1851448,Hyperspectral estimation of leaf chlorophyll under small-sample conditions via s,,daily-42245107.md
10.18699/vjgb-26-43,Factors of wheat frost hardiness - ice recrystallization inhibitor proteins,,daily-42245181.md
10.17912/micropub.biology.002041,The barley disease resistance protein AvrPphB Response 1 exhibits nucleocytoplas,,daily-42245523.md
10.3389/fnut.2026.1817418,Association between different drinks consumption and risk of inflammatory bowel,,daily-42245552.md
10.1016/j.fochms.2026.100420,"Integration of phytohormones, miRNAs and transcriptome sequencing in cucumber fr",,daily-42245747.md
10.1093/plcell/koag148,Sexual life cycle establishes the unicellular red algae Cyanidiophyceae as a gen,,daily-42246676.md
10.1111/gcb.70952,Maize Crops Face High Stomatal Uptake During High Exposure to Ozone in an Agroec,,daily-42247123.md
10.1007/s11033-026-11979-5,Comparative transcriptome analysis reveals terminal drought-responsive genes in,,daily-42247189.md
10.1371/journal.pone.0335002,Prevalence and determinants of cigarette smoking and smoking frequency among peo,,daily-42247377.md
10.1371/journal.pone.0350820,"Changes in tobacco sales before, during, and after the COVID-19 pandemic in Japa",,daily-42247397.md
10.1371/journal.pone.0347774,Biochemical and molecular insights into anthracnose resistance in chilli,,daily-42247441.md
10.1126/sciadv.aea4500,A potato late blight pathogen effector interacts with ENTH-domain protein TOL9a,,daily-42247512.md
10.1126/sciadv.aeb1931,A plant pathogen effector blocks stepwise assembly of a helper NLR resistosome,,daily-42247517.md
10.1016/j.cell.2026.05.016,Xenophagocytosis blockade enhances interspecies chimerism,,daily-42248141.md
10.1038/s41587-026-03174-5,"Multiplexed, precise genome engineering in monocots with twin prime editing syst",,daily-42249131.md
10.1111/nph.71314,Accessory regions and horizontal gene transfer shape the evolution of clonal Col,,daily-42249518.md
10.1111/mpp.70289,The DENN Protein SMD1 Forms a Signalling Hub With Rab GTPase YPT1 to Regulate Di,,daily-42249639.md
10.1080/15592324.2026.2684387,Uncovering the role of ABI2 as a key regulator of flowering time in Arabidopsis,,daily-42249761.md
10.1007/s00299-026-03819-4,Identification of the NBS-LRR gene family and AkNBS-LRR43 and 100 functional ana,,daily-42250006.md
10.1111/tpj.70968,Overexpression of cytosolic NADP-malic enzyme 1 from the common ice plant enhanc,,daily-42250270.md
10.1111/tpj.70971,How to frustrate a plant pathogen,,daily-42250277.md
10.1007/s40615-026-03030-x,Racial Disparities in Tobacco Smoking-Related Risks for Lung Cancer: A Systemati,,daily-42251222.md
10.1186/s12913-026-14463-9,An international observational study on transition of care from paediatric to ad,,daily-42251390.md
10.1111/tpj.70952,Deciphering photosynthetic protein networks: a crosslinking-MS strategy for stud,,daily-42251534.md
10.1111/tpj.70980,Improving iSpyMacCas9 multiplex genome editing in rice by CRISPR-combo-mediated,,daily-42251763.md
10.1021/jacs.6c06373,From Leuco to Blue: Photochemical Redox Amplification for Small-Molecule Immunod,,daily-42252664.md
10.1093/treephys/tpag051,Water stress and recovery dynamics of physiological function and growth in juven,,daily-42252700.md
10.18699/vjgb-26-55,Genetic analysis of wheat ear architecture in F2 hybrid of tetraploid wheats Tri,,daily-42253455.md
10.1155/cro/2370288,A Rare Encounter: Documenting a Rotator Cuff Tear Associated With Idiopathic Ric,,daily-42253779.md
10.4103/jispcd.jispcd_145_25,Microbial and Mycotoxin Contamination in Packaged and Unpackaged Smokeless Tobac,,daily-42253915.md
10.3389/fimmu.2026.1833607,Pasteurized Akkermansia muciniphila alleviates high-fat diet-induced bone loss v,,daily-42254009.md
10.1002/fsn3.71907,Sensitive Spectral and Temporal-Spatial Characteristic Analysis of Leaf SPAD in,,daily-42254423.md
10.1002/fsn3.71944,Synergistic Effects of Tomato and Soy in Gluten-Free Noodles: Unveiling Antioxid,,daily-42254429.md
10.1002/fsn3.71791,Acute and Second-Meal Effects of Oat Products on Postprandial Glucose Responses,,daily-42254431.md
10.1016/j.plaphe.2026.100226,Rapid modeling of 3D rice canopy structure considering vertical heterogeneity an,,daily-42254595.md
10.1002/snz2.70057,The Biosynthesis and Functions of Flavonoids: Recent Advances From Studies Acros,,daily-42254714.md
10.1155/anu/7403059,First Report on Bacillus-Mediated Gonad Growth and Coloration in Purple Sea Urch,,daily-42255160.md
10.1016/j.fochx.2026.104032,Unravelling the protective role of soluble soybean polysaccharide in preserving,,daily-42255266.md
10.3389/fpls.2026.1734394,Hyperspectral data-driven corn nitrogen monitoring: application and interpretabi,,daily-42255289.md
10.3389/fpls.2026.1849922,Genome-wide identification and functional characterization of the ABF gene famil,,daily-42255300.md
10.1016/j.jvscit.2026.102285,Postoperative groin wound complications after common femoral artery exposure are,,daily-42255372.md
10.1016/j.abiote.2026.100055,Mapping the propagation of a salicylic acid wave during pathogen spread using a,,daily-42255469.md
10.1016/j.abiote.2026.100056,Alleleauto: a pipeline for allele identification and analysis of allele-specific,,daily-42255470.md
10.1021/acsomega.5c09455,Machine Learning-Driven Techno-Economic Uncertainty Analysis in Batch Pharmaceut,,daily-42255534.md
10.1021/acsomega.6c00934,"Mechanical, Viscoelastic, and Fracture Characteristics of Tea Waste and Boron Ni",,daily-42255569.md
10.1002/fsn3.71313,"Improvement of Rheological, Textural and Sensorial Properties of Dough and Enric",,daily-42255675.md
10.1002/fsn3.71978,Effects of Foliar Application of Iron Chlorine e6 on the Starch Physicochemical,,daily-42255695.md
10.1002/fsn3.71988,"Scottish Seaweeds as Sustainable Sources of Micronutrients: Mineral Composition,",,daily-42255698.md
10.1002/fsn3.71957,Development and Optimization of Instant Cassava-Soybean Composite Porridge as a,,daily-42255703.md
10.1002/fsn3.72006,Addition of Instant Shear Heat Milled Pregelatinized Rice Flours on a Gluten-Fre,,daily-42255711.md
10.1002/fsn3.71956,Wheat Bran Proteins as a Functional Ingredient in Plant-Based Mayonnaise,,daily-42255713.md
10.1093/hr/uhag050,Polyploidization enhances plant resistance to Alternaria alternata via DNA hypom,,daily-42255971.md
10.1002/pcn5.70346,A scoping review on the mental health of disaster responders for natural disaste,,daily-42256353.md
10.15167/2421-4248/jpmh2025.66.4.3115,Cardiovascular risk in seasonal migrant workers in Southern Italy: clinical-epid,,daily-42256472.md
10.1016/j.pmedr.2026.103498,Cigarette and E-Cigarette Use in Greater Philadelphia: Proportion of Use Compare,,daily-42256799.md
10.4103/jfmpc.jfmpc_2118_25,"Global, regional, and national burden of tobacco-attributable stroke (1990-2021)",,daily-42257136.md
10.4103/jfmpc.jfmpc_763_25,Oral premalignant disorders in housekeeping and security staff of a higher educa,,daily-42257156.md
10.1007/s10029-026-03708-5,Environmental footprint of open versus laparoscopic inguinal hernia repair,,daily-42257724.md
10.1007/s00259-026-07964-6,PHYTO-PET - Imaging plant physiology on a long-axial field-of-view PET scanner,,daily-42257737.md
10.1007/s10886-026-01727-1,Effects of Light on Faecal Case-bearing Larvae of the Leaf Beetle Chlamisus lati,,daily-42257740.md
10.1007/s11427-025-3301-y,Apicidin is a key virulence determinant of Fusarium asiaticum in wheat-rice crop,,daily-42258136.md
10.1073/pnas.2609325123,A long-distance signaling loop promotes soybean nodulation and productivity,,daily-42258715.md
10.1073/pnas.2612171123,Arabidopsis YEATS domain proteins facilitate DNA double-strand break repair via,,daily-42258726.md
10.1186/s12871-026-03993-8,The effect of multimodal temperature management on the incidence of perioperativ,,daily-42260394.md
10.1186/s43897-026-00231-0,Stress-induced MAPK (SIMK)-dependent organization of microtubules in alfalfa,,daily-42260696.md
10.1097/CM9.0000000000004164,Green nanomedicine for cancer therapy,,daily-42260763.md
10.1093/plphys/kiag337,Chassis selection and metabolic fine-tuning enable efficient in planta betalain,,daily-42261105.md
10.1007/s13205-026-04776-1,Oligosaccharide prebiotics in functional foods and therapeutics: innovations and,,daily-42261381.md
10.1093/hr/uhag059,Genome-wide association studies in horticultural crops: decoding genetic diversi,,daily-42261395.md
10.1093/dnares/dsag005,PFGPred: a stack ensemble classifier for the identification of fusion genes in p,,daily-42261622.md
10.1002/advs.76034,A Conserved DT2-bZIP66-NF-YC4 Regulatory Module Confers Drought Tolerance in Ric,,daily-42261789.md
10.1111/jep.70491,"Exploring Health Literacy, Anxiety, and Perception Among Nursing and Allied Heal",,daily-42262285.md
10.1007/s00122-026-05275-w,High‑density mapping of stripe rust resistance gene YrH8 in wheat line Hangmai 8,,daily-42262573.md
10.1093/plphys/kiag349,Discovery of regulatory complexes in Arabidopsis via protein-metabolite mapping,,daily-42262578.md
10.1007/s00299-026-03870-1,Transcriptomic and proteomic insights into the molecular mechanism underlying ce,,daily-42262584.md
10.1007/s40615-026-03028-5,COVID-19 Racial Discrimination and Substance Use among Asian Americans by Gender,,daily-42262708.md
10.1073/pnas.2602575123,A fungal natural product that inhibits plant cellulose biosynthesis by disruptin,,daily-42263129.md
10.1093/plcell/koag168,Engineering an Exo70 integrated domain of a barley NLR for improved blast resist,,daily-42263189.md
10.1111/1750-3841.71172,Application of a D-Optimal Mixture Design for the Development and Optimization o,,daily-42263208.md
10.1111/1750-3841.71189,Predicting Microbial Growth Dynamics in Commercial Cocoa-Flavored Plant-Based Mi,,daily-42263222.md
10.1002/advs.202600030,Achieving High-Density and Stress-Resilient Maize Breeding Via Germplasm Innovat,,daily-42263251.md
10.1002/advs.75987,Closed-Loop Radiative Cooling Mulch Upcycled From Agricultural Residues for Effi,,daily-42263253.md
10.1002/advs.202522660,MFPD: A Multiple Fungal Pathogen Detection Pipeline Across Diverse Habitats,,daily-42263256.md
10.1038/s41477-026-02315-7,Efficient prime editors for heritable multiplex precision genome editing in soyb,,daily-42265371.md
10.1007/s11103-026-01730-w,Splicing regulation by RS2Z36 controls ovary patterning and fruit growth in toma,,daily-42265472.md
10.1186/s12870-026-09216-z,Integrated transcriptomic and metabolomic analyses reveal drought-response mecha,,daily-42265640.md
10.1111/mpp.70296,The Effector SIX8 Contributes to Virulence of Fusarium oxysporum f. sp. lactucae,,daily-42265999.md
10.1111/mpp.70280,Construction of an Effector-Target Interaction Network for Identification of Imm,,daily-42266028.md
10.1093/jat/bkag042,Mitragynine and 7-hydroxy-mitragyine plasma pharmacokinetics in humans after sin,,daily-42266029.md
10.1155/ijfo/3648714,"Physicochemical Properties, Antioxidant Capacity, and Sensory of Ready-to-Eat Fl",,daily-42266188.md
10.4103/ijcm.ijcm_809_25,Mapping the Distribution of Tobacco Litter During the Haridwar Kumbh Mela 2021:,,daily-42266530.md
10.1093/hr/uhag057,Recent progress in unraveling the molecular mechanisms of anthocyanin biosynthes,,daily-42266648.md
10.1093/hr/uhag056,Integrated circadian regulation in horticultural plants: light-environment mecha,,daily-42266649.md
10.1021/acs.jafc.6c05234,Comparative Evaluation of Total Ergot Alkaloids Determination by ELISA and UHPLC,,daily-42267733.md
10.1128/aem.00807-26,Salinity-driven niche partitioning of aquatic viruses in one of Europe's largest,,daily-42267811.md
10.1007/s00299-026-03873-y,Plastid acyl carrier proteins play redundant roles in seed oil accumulation with,,daily-42268292.md
10.1002/adma.73685,Reversible Thermoactuation Unlocks Minimally Invasive Implantation and Retrieval,,daily-42268332.md
10.1007/s00284-026-04990-3,Pharmacologically Important Metabolites from Viola spp and Role of Associated En,,daily-42268407.md
10.1007/s44445-026-00177-5,Impact of repressing and thermomechanical fatigue on color stability and translu,,daily-42268468.md
10.1007/s11033-026-12118-w,Antibacterial activity of selected plant essential oils against carbapenemase-pr,,daily-42268473.md
10.1007/s12185-026-04238-7,Prognostic impact of WT1 dynamics in peripheral blood before and after allogenei,,daily-42268480.md
10.1186/s40364-026-00952-w,Circadian rhythm-guided cellular therapy in hematologic malignancies: mechanisms,,daily-42271520.md
10.1002/advs.76047,Synergistic HMGN1 and VP64 Fusions Potentiate High-Precision and PAM-Flexible Ba,,daily-42272442.md
10.1016/bs.ant.2025.04.002,Therapeutic role of plant bioactive compounds in atrazine-mediated neurotoxicity,,daily-42273010.md
10.1253/circrep.CR-25-0297,Lard Intake Reduced Tetralinoleoyl Cardiolipin and Attenuated the Cardioprotecti,,daily-42273308.md
10.1002/fsn3.72009,Exploring New Product Development: Acceptance of Textured Vegetable Protein With,,daily-42273330.md
10.1093/nsr/nwag087,TaWRKY115 enhances cold tolerance by weakening the expression of TaMYB4 on CBFs,,daily-42273347.md
10.1093/nsr/nwag248,Superior alleles of SEED-AGING GENE 9 enhance seed storability and dormancy in r,,daily-42273349.md
10.1093/nsr/nwaf497,Integrative multi-omics analysis reveals the domestication mechanism of black ri,,daily-42273350.md
10.1002/pld3.70177,Small Signaling Peptides in Sorghum bicolor: Integrating Phylogeny and Gene Expr,,daily-42273352.md
10.1155/nrp/3474472,Modifiable Determinants of Metabolic Syndrome in Middle-Aged Adults: A Cross-Sec,,daily-42273411.md
10.3390/biology15110839,"Regulatory Effects of Two Ionic Liquids ([Omim]Br, [Opy]Br) on the Growth and Ro",,daily-42274490.md
10.3390/biology15110861,Integrated Transcriptome and Proteome Analysis Provides Insights into the Mechan,,daily-42274512.md
10.3390/biology15110874,Awns Enhance the Thousand Seed Weight of Elymus nutans Griseb. by Regulating Car,,daily-42274525.md
10.3390/biology15110886,"Host Plant Preferences and Survival of the Native Australian Spittlebug, Bathyll",,daily-42274537.md
10.3390/biology15110891,Induced Mutagenesis Improves Grain Protein and Micronutrient (Fe and Zn) Content,,daily-42274542.md
10.3390/nano16110694,"Rice Husk-Derived MCM-41 for Efficient Hg(II) Removal: Performance, Mechanism, a",,daily-42274701.md
10.1007/s00284-026-04943-w,"Morpho-Molecular Characterization and Technique for Induction of Growth, Sporula",,daily-42274781.md
10.1007/s00284-026-05010-0,Harnessing the Potential of Nodule Endophytic Bacteria to Improve Soybean Growth,,daily-42274795.md
10.1007/s00894-026-06803-7,Multi-scale synergistic mechanism of ESO-MDI-modified asphalt investigated by mo,,daily-42274812.md
10.1007/s11103-026-01734-6,Integrative approach to identify robust pattern recognition receptors in Eucalyp,,daily-42274926.md
10.1007/s10899-026-10517-z,Prevalence and Associated Factors of Gambling Among High School Students in a Po,,daily-42274980.md
10.1093/treephys/tpag078,Combined effects of drought intensity and heat stress impair physiological perfo,,daily-42275098.md
10.1093/ismejo/wrag146,Upregulated jasmonate signaling shifts Arabidopsis microbiota interactions and s,,daily-42275114.md
10.1080/15592324.2026.2687952,"Endophyte function in climate-stressed crops: integrating molecular regulation,",,daily-42275228.md
10.1016/j.stemcr.2026.102957,Rat cell-derived kidney generation via interspecies blastocyst complementation i,,daily-42276057.md
10.3390/ijms27114861,Genome-Wide Analysis of CsCAX Genes and Functional Characterization of CsCAX3 Re,,daily-42278391.md
10.3390/ijms27114920,Timing-Dependent Effects of Dexamethasone in a Mouse Model of Neonatal Hypoxic-I,,daily-42278447.md
10.3390/ijms27114958,Genome-Wide Analysis and Expression Profiles of AhLOG Gene Family in Peanut (Ara,,daily-42278485.md
10.3390/ijms27115008,Multi-Omics Dissection of Drought Stress Responses in Crops: From Molecular Regu,,daily-42278532.md
10.3390/ijms27115041,PGPB Bacillus Megaterium AFI1 and Paenibacillus Nicotianae AFI2 Improve Nutrient,,daily-42278565.md
10.3390/ijms27115126,"Physiological, Morphological, and Molecular Evaluation of Wheat Under Single (Dr",,daily-42278650.md
10.3390/foods15111979,Spatiotemporal Analysis of the Carbon Footprint of Soybean Production in China B,,daily-42279765.md
10.3390/plants15111591,Transcriptomic Analyses and Weighted Gene Co-Expression Network Analysis (WGCNA),,daily-42280628.md
10.3390/plants15111597,Agronomic and Physiological Aspects of Programmed Cycle Pruning in Coffea arabic,,daily-42280633.md
10.3390/plants15111599,Biostimulation of Tomato Plants (Solanum lycopersicum L.) Using Fragmented Extra,,daily-42280636.md
10.3390/plants15111617,Polyamine-Related Gene Families Identification and Regulatory Effects on Early S,,daily-42280654.md
10.3390/plants15111629,Optimized Irrigation and Fertilization Reduce Luxury Transpiration While Improvi,,daily-42280666.md
10.3390/plants15111636,Physiological and Biochemical Responses of Two Major Legume Crops to Seed Primin,,daily-42280673.md
10.3390/plants15111659,Genome-Wide Analysis of PP2C Gene Family and Identification of DlPP2C1 as an ABA,,daily-42280696.md
10.3390/plants15111664,Innovative Pest Management Strategies in Phytoplasma Insect Vectors Control,,daily-42280701.md
10.3390/plants15111665,Coupling Effects of Straw Return and Fertilization Regime on the Photosynthesis-,,daily-42280702.md
10.3390/plants15111682,A CRY1 Interactor eIF3G1 Negatively Regulates Root Growth Under Blue Light in Ar,,daily-42280719.md
10.3390/plants15111684,Studies on the Identification of the SND Gene Family in Pinus massoniana Lamb. a,,daily-42280721.md
10.3390/plants15111694,Coumarin Reduces Aluminum-Induced Inhibition of Growth and Photosynthesis in Cit,,daily-42280734.md
10.3390/plants15111700,Seed Hormonal Priming Improves Drought Resilience in Durum Wheat Through Modulat,,daily-42280737.md
10.3390/plants15111701,Ectomycorrhizal Symbiosis as a Bio-Enhancement Strategy for Transplantation of S,,daily-42280738.md
10.3390/plants15111709,Functional Insights into the RCC1 Gene Family and UVR8-Mediated Regulation of An,,daily-42280745.md
10.3390/plants15111727,Non-Essential Element-Based Nanoparticles in Rice: Unraveling the Impacts of Ytt,,daily-42280764.md
10.3390/plants15111732,Jasmonoyl-L-Isoleucine Induces Systemic Photosynthetic Responses to Local Heat S,,daily-42280770.md
10.3390/plants15111735,Alternative Splicing of SCL30a Generates Distinct Isoforms to Modulate ABA Signa,,daily-42280772.md
10.3390/plants15111740,Soil Region Segmentation and Visual Whiteness Analysis in Cold-Region Rice Seedb,,daily-42280777.md
10.3390/plants15111741,"Toward Sustainable Paclitaxel Bioproduction: Plant Biology, Biosynthesis and Pla",,daily-42280778.md
10.3390/plants15111743,Plasma Membrane-Localized PtCOR8 Enhances Cold Tolerance in Poncirus trifoliata,,daily-42280780.md
10.3390/plants15111753,Optimizing Sowing Date and Nitrogen Management to Trade Off Yield and Nitrate Le,,daily-42280790.md
10.3390/plants15111758,"Physiological Responses, Molecular Basis, and Integrated Regulation of Heat Tole",,daily-42280795.md
10.3390/plants15111760,"Genetic Variability, Trait Association, and Multi-Trait Selection of New Indeter",,daily-42280798.md
10.3390/s26113320,YOLOv9-Based Detection of Diseases in Poplar Trees Using Histogram Equalization,,daily-42280841.md
10.3390/s26113350,Optimal Techno-Economic Feasibility of Solar PV Irrigation System Augmented Hydr,,daily-42280869.md
10.3390/s26113404,FDA-YOLO: A Feature Fusion and Attention-Based Network for Multiscale Tomato Mat,,daily-42280923.md
10.3390/s26113474,A Lightweight Real-Time Tomato Leaf Disease Detection System for Edge-Based Smar,,daily-42280990.md
10.3390/s26113569,Luminescent Wearable Sensor on Anions from Cotton Fabric Grafted with Cu-In-Zn-S,,daily-42281084.md
10.1002/tpg2.70261,Advances in gene cloning and functional genomics approaches for wheat (Triticum,,daily-42281226.md
10.1002/adma.73693,Confinement-Regulated Crystal Phase Engineering Enables Structured Semiconductor,,daily-42281520.md
10.1093/nsr/nwag095,A fast method for breeding by design via G × E interactions detected in large-sc,,daily-42281572.md
10.1002/pei3.70170,Morpho-Reproductive Stability of Rice Landraces Under Water Deficit Across Agroe,,daily-42281748.md
10.1039/d6sc03368g,High-dimensional CRISPR-SERS interactomics tracks the topological evolution of p,,daily-42281831.md
10.1016/j.pld.2026.02.001,Vegetation sensitivity to drought depends on bedrock type in a subtropical karst,,daily-42282469.md
10.1016/j.pld.2025.09.002,ddRAD sequencing of 1076 Camellia accessions reveals the genetic diversity and p,,daily-42282477.md
10.1016/j.pld.2025.12.012,Genomic insights into alpine plant adaptation,,daily-42282480.md
10.64898/2026.05.31.729123,CDK8 phosphorylation of DELLA limits Mediator recruitment in gibberellin signali,,daily-42282619.md
10.64898/2026.06.02.729671,Catch me if you can: Arabidopsis thaliana lags in adaptation to contemporary cli,,daily-42282717.md
10.64898/2026.05.28.728419,Structure determination and dual targeting of a plant TACO1 identifies its ancie,,daily-42282756.md
10.64898/2026.06.03.724713,ATML1-GIR1-TPL/TPR transcriptional repression module controls glucosinolates and,,daily-42282777.md
10.1155/ijfo/5561598,High-Value Transformation of Rice-Derived Bioactive Peptides for Multiscenario A,,daily-42282871.md
10.1016/j.mex.2026.103983,Enhancing grape disease detection: A comparative analysis of hybrid CNN-LSTM and,,daily-42282914.md
10.1093/tas/txag052,Effects of an enzyme blend in diets of different nutrient density fed to nursery,,daily-42282997.md
10.1021/acs.est.6c04875,Desorption of Phosphate from Iron-Bearing Soil Minerals by a Plant Secondary Met,,daily-42283132.md
10.1107/S2059798326005498,Structure of the Arabidopsis receptor kinase SRF6 ectodomain determined from cry,,daily-42283205.md
10.1093/database/baag024,"KitBase Expanded: An Integrated Genomic and Phenotypic Resource for 3,268 Fast-N",,daily-42283206.md
10.1002/tpg2.70265,"A chromosome-level genome assembly of Solanum brevicaule (PI 473011) Y1-5, a wil",,daily-42283335.md
10.1002/tpg2.70264,Missing comparability: When genomic selection faces field variability. A case st,,daily-42283372.md
10.1007/s00299-026-03878-7,Advances in the roles of SCOOP peptides and the receptor-like kinase MIK2 in pla,,daily-42283738.md
10.1007/s11274-026-05048-z,Development of a multi-strain bacterial consortium: Enhancing cow manure compost,,daily-42283765.md
10.1007/s00425-026-05013-y,Genome-wide identification of the MYB transcription factor family of blackcurran,,daily-42283767.md
10.1007/s00425-026-05046-3,3D measurement of cell thickness and its dynamics in plants,,daily-42283856.md
10.1007/s00122-026-05265-y,Transcriptomics-assisted quantitative trait locus fine mapping for the identific,,daily-42283860.md
10.1080/15592324.2026.2687962,Role of primary protectors of plant cells in salinity tolerance: molecular mecha,,daily-42284136.md
10.1371/journal.pone.0345368,Alcohol consumption and tobacco smoking associated with decreased antiretroviral,,daily-42284276.md
10.1126/sciadv.aed4221,Regenerative macrophages enhance stem cell-derived β cell function and engraftme,,daily-42284401.md
10.1002/advs.76059,From Defense Executor to Engineering Target: Harnessing Lignin for Crop Resistan,,daily-42284484.md
10.1002/advs.76067,The Spatiotemporal Genetic Architecture of Seed Vigor in Upland Cotton,,daily-42284503.md
10.1111/tpj.70966,"The fluorescence-activating and absorption-shifting tag (FAST), a versatile prot",,daily-42284563.md
10.1111/tpj.70919,"Losing genes, gaining edits: how relaxed selection and inverted repeat expansion",,daily-42285035.md
10.1007/s10532-026-10324-8,Endophytic and rhizospheric bacterial consortia from Peganum harmala alleviate l,,daily-42286239.md
10.1038/s41564-026-02373-9,Bacteria-phage coevolution drives variation in bacterial wilt disease incidence,,daily-42286246.md
10.1093/jas/skag188,Ruminal archaea and bacteria metatranscriptomic responses to supplementation in,,daily-42286418.md
10.34763/jmotherandchild.20263001.d-25-00036,Comparative Performance of Machine Learning Models Using Food Intake Frequency V,,daily-42286440.md
10.1186/s12870-026-08812-3,Phytohormones producing endophytic fungi Paecilomyceslilacinus modulated metabol,,daily-42286499.md
10.1186/s42523-026-00540-1,Optimization of solid-state fermentation process of diets and its effects on gro,,daily-42286697.md
10.1093/ismejo/wrag149,Elucidation of dimethyl sulfide assimilation in soil bacteria expands the enzyma,,daily-42286912.md
10.1007/s00299-026-03884-9,Isolation and functional characterization of two SOC1-like genes in floral organ,,daily-42287404.md
10.1093/plcell/koag182,Removal of seed coat H3K27me3 in Arabidopsis requires noncanonical functions of,,daily-42287738.md
10.1111/pce.70671,Lack of Hydraulic Acclimation in Response to Multiple Droughts and Recovery,,daily-42290204.md
10.1111/plb.70240,Advancing the pneumatic method to assess xylem vulnerability to embolism among d,,daily-42290387.md
10.1093/hr/uhag075,Transcription factor SlbHLH70 enhances drought tolerance in tomato,,daily-42292953.md
10.1093/hr/uhag085,A telomere-to-telomere genome assembly of Nymphaea minuta provides details into,,daily-42292955.md
10.3389/fpls.2026.1847545,"Effects of long-term tillage on soil nitrogen transformation, nitrogen fractions",,daily-42292983.md
10.3389/fpls.2026.1861479,Urban-rural differences in transpiration patterns of Pinus tabuliformis and envi,,daily-42292996.md
10.3389/fpls.2026.1851420,Remote evaluation of rice nitrogen utilization efficiency using chlorophyll-rela,,daily-42293005.md
10.3389/fpls.2026.1799146,Association of Rhizoctonia theobromae with cassava witches' broom outbreak in Br,,daily-42293010.md
10.3389/fpls.2026.1812052,Predicting wheat yield and grain quality with UAV multispectral imagery and deep,,daily-42293015.md
10.3389/fpls.2026.1839497,Combined application of straw and biochar: reducing nitrogen fertilizer demand a,,daily-42293022.md
10.3389/fpls.2026.1837132,Big data approaches to understanding gene regulatory networks in the shoot apica,,daily-42293025.md
10.1111/eva.70280,Shade Avoidance Restricts Soybean Breeding Progress and Increases Herbivore Susc,,daily-42293037.md
10.1093/synbio/ysag007,A CURE for synthetic regulation of gene expression: rapid screening of guide RNA,,daily-42293129.md
10.1155/ijfo/9974154,Optimization of Gluten-Free and Low-GI Crispy Cookies From Agrowaste Flours Usin,,daily-42293326.md
10.3389/fmicb.2026.1830098,In-vitro evaluation of selected native Trichoderma species for management of Pyr,,daily-42293555.md
10.1002/fsn3.72014,Exploring the Influence of Oral-Proximal Gastric in Vitro Digestion on Estimated,,daily-42294067.md
10.1002/fsn3.72017,"Air Jet Impingement-Assisted Air Frying of Potatoes: Oil Absorption, Lipid Oxida",,daily-42294068.md
10.1002/fsn3.71948,Immunomodulatory Effects of Wheat Peptides and a Novel Octapeptide (GFNDLGKR) in,,daily-42294070.md
10.1002/fsn3.72018,Production of Instant Linden Tea (Tilia spp.) Powder: Integrating Compound-Level,,daily-42294073.md
10.1016/j.pmedr.2026.103520,Beyond contextual smoking norms: The importance of family-level nicotine use ris,,daily-42294130.md
10.1016/j.fochx.2026.104069,Moderate moisture evaporation strengthens the network structure and practical fe,,daily-42294136.md
10.1016/j.fochx.2026.104066,Exploring the metabolic characteristics of fresh-cut sweet potatoes at different,,daily-42294139.md
10.1021/acsomega.6c01585,Effect of Cotton Activation and Solvent Evaporation on the Production of Regener,,daily-42294195.md
10.1021/acsomega.6c01413,Dual Functionality of Biobased Bacterial Nanocellulose as Polymer Additive for D,,daily-42294228.md
10.3389/fonc.2026.1829211,Selaginella doederleinii-derived extracellular vesicle-like particles suppress l,,daily-42294275.md
10.1016/j.abiote.2026.100058,A TaMYB2-TaMAP3K17 module enhances drought tolerance by promoting reactive oxyge,,daily-42294455.md
10.1128/mbio.00221-26,A viroid-like RNA can be transmitted among different Trichoderma species affecti,,daily-42294678.md
10.1128/msystems.00212-26,Biosynthetic gene clusters in Pseudomonas viridiflava have a fitness cost during,,daily-42294911.md
10.1128/msystems.00055-26,The interaction between Septoria stem canker and the mycobiome of Populus tricho,,daily-42294914.md
10.1007/s00299-026-03863-0,The SlCBL-SlCML24 module mediates silicon-enhanced resistance to bacterial wilt,,daily-42295362.md
10.1007/s10822-026-00857-8,In silico structural and disorder prediction of the tomato yellow leaf curl viru,,daily-42295476.md
10.1007/s00705-026-06679-1,Characterization of a divergent isolate of rice stripe virus from volunteer duru,,daily-42295510.md
10.1007/s11427-026-3403-5,Structural and dynamic insights into SPDT for phosphorus allocation in rice,,daily-42295638.md
10.1007/s13258-026-01783-7,Chloroplast genome characterization of Adenophora taquetii and comparative analy,,daily-42295644.md
10.1007/s10265-026-01731-2,Overexpression of the tomato SlLEA_2-26 gene enhances the tolerance todrought an,,daily-42295662.md
10.1007/s10787-026-02291-6,Epigallocatechin-3-gallate (EGCG) as a molecular chaperone and network rebalance,,daily-42295682.md
10.1007/s11030-026-11622-2,Rational design of low-risk and high-efficiency β-triketone herbicide alternativ,,daily-42295690.md
10.1021/acsami.6c05337,Ti3C2Tx MXene Nanosheets: Bridging High-Performance Energy Storage and Comprehen,,daily-42296001.md
10.1146/annurev-phyto-011325-102141,New Insights into Genomic Variations and Mutational Events Associated with Plant,,daily-42296190.md
10.1093/plcell/koag185,Predicting complex phenotypes using multi-omics data in maize,,daily-42296264.md
10.1002/arch.70179,Energy Metabolism-Mediated Heat Acclimation Enhances Reproductive and Migratory,,daily-42296266.md
10.1111/jce.70404,Steam Pop During Lattice-Tip Radiofrequency Ablation: Simultaneous Intracardiac,,daily-42296281.md
10.1073/pnas.2605425123,Tuning reductase activity in monoterpene indole alkaloid biosynthesis,,daily-42296364.md
10.1073/pnas.2528901123,The diversity of soil parasitic protists shapes ecosystem stability worldwide,,daily-42296366.md
10.1016/j.plaphy.2026.111482,A comparative transcriptome analysis of freezing stress responses in early-matur,,daily-42296577.md
10.1016/j.plaphy.2026.111448,"Exogenous boron induced cell expansion and carbohydrate allocation, conferring l",,daily-42296578.md
10.1016/j.plaphy.2026.111470,Apoplastic retention over vacuolar sequestration: a potential more efficient str,,daily-42296580.md
10.1016/j.plaphy.2026.111416,"High-temperature stress alters grain quality, starch granule structure, and gene",,daily-42296581.md
10.1016/j.plaphy.2026.111449,Sunflower NAC84 confers plant salt and drought tolerance and yield-increasing po,,daily-42296582.md
10.1016/j.plantsci.2026.113277,Genome-wide identification and expression profiling analysis of receptor-like cy,,daily-42297305.md
10.1007/s10142-026-01915-y,Genome-wide analysis of the SWEET gene family in quinoa and functional study of,,daily-42298105.md
10.1007/s10142-026-01924-x,Genome-wide identification and expression analysis of IDD gene family in Gossypi,,daily-42298228.md
10.1111/nph.71364,Separating intrinsic from extrinsic stomatal control in different soils,,daily-42298371.md
10.1186/s12870-026-09177-3,"Genome-wide identification, characterization, and expression analysis of the pla",,daily-42298414.md
10.1186/s13007-026-01550-5,Quantifying wheat spike morphology by high resolution 3D surface scanning,,daily-42298638.md
10.1080/15592324.2026.2687959,Synergistic application of taurine and spermidine enhances wheat tolerance to ne,,daily-42298782.md
10.21037/acr-2026-0006,Pantoea agglomerans infection: a rare case of infection in a totally implantable,,daily-42299396.md
10.1093/plphys/kiag371,Effector Fg34 Triggers TaHRC-R-Mediated Calcium Signaling to Bolster Fusarium He,,daily-42299872.md
10.1007/s00449-026-03363-1,Switching of biodetoxification stage to microbial lipid fermentation stage by ad,,daily-42301291.md
10.1007/s00425-026-05025-8,A chromosome-scale genome assembly of watermelon (Citrullus lanatus cv. 'Mimei'),,daily-42301476.md
10.1007/s00438-026-02463-7,Unveiling the role of heat shock protein 83 (HSP83) in Gossypium hirsutum in enh,,daily-42301517.md
10.1007/s00284-026-05006-w,Biocontrol Potential of Alcaligenes faecalis ZD02 Against the root-knot nematode,,daily-42301572.md
10.1073/pnas.2534981123,A bacterial symbiont and a plant virus enhance insect fitness by inducing physic,,daily-42301775.md
10.1093/eurpub/ckag084,"Tobacco industry interference with the point-of-sale advertising, promotion, and",,daily-42301953.md
10.2196/89820,Using In-Home Air Quality Monitoring to Reduce Cannabis Secondhand Smoke Exposur,,daily-42302266.md
10.1093/plphys/kiag379,Phytochrome-interacting factors integrate environmental signals to regulate toma,,daily-42302290.md
10.1093/plcell/koag180,Tyrosine-sulfated peptide-induced flavonol biosynthesis controls elongation and,,daily-42302294.md
10.1007/s11418-026-02057-y,Optimizing nitrogen fertilization for shaded cultivation of the medicinal plant,,daily-42303941.md
10.1093/hr/uhag084,Metabolism and regulation of chlorophyll and carotenoids in tomato fruits,,daily-42305241.md
10.1093/hr/uhag072,Potato StRWA2 recruits the E3 ligase StSNIPER2 to destabilize NLRs and promote P,,daily-42305242.md
10.5114/aoms/220340,"Global, regional, and national burden of respiratory diseases and attributable r",,daily-42305343.md
10.1016/j.isci.2026.116269,Plant stress early detection through a low-cost multispectral device: Toward saf,,daily-42305629.md
10.1016/j.mex.2026.103979,"Development of an inexpensive, simple purification method for ω-5 gliadin from w",,daily-42306074.md
10.1016/j.crfs.2026.101462,L-Theanine ameliorates high-protein diet-associated hepatic glucose and lipid me,,daily-42306191.md
10.1093/aobpla/plag023,Dissecting morphological changes during floral abscission in Arabidopsis thalian,,daily-42306252.md
10.3389/fpls.2026.1852363,A plastidic starch biosynthetic pathway defines columella-specific carbon metabo,,daily-42306419.md
10.3389/fpls.2026.1823609,Moderate organic-inorganic fertilization optimizes soybean productivity by resha,,daily-42306420.md
10.3389/fpls.2026.1804577,Genome-wide association study identifies key loci and candidate genes for seed v,,daily-42306424.md
10.18502/ijm.v18i3.21671,Cellulase and β-glucosidase activity of crude enzyme extracted from fresh and ex,,daily-42306518.md
10.4103/JCDE.JCDE_123_26,Effect of diode laser and various chemical pretreatments on immediate shear bond,,daily-42306599.md
10.1039/d5fo03797b,Chloroplasts as ingredients for food: a review,,daily-42306823.md
10.1093/nar/gkag609,Dysregulated 3'-end processing of 18S pre-rRNA decreases mtPNPase efficiency in,,daily-42306946.md
10.1128/msystems.00635-26,Interaction between rhizobacterial community and host root metabolism influences,,daily-42307249.md
10.1007/s00210-026-05559-4,"Decoding polycystic ovary syndrome: an integrated review of epidemiology, molecu",,daily-42307637.md
10.1007/s00122-026-05299-2,Molecular mapping of a novel non-canonical gibberellin-sensitive dwarfing gene R,,daily-42307767.md
10.1126/sciadv.aec4824,Characterization of the biosynthetic enzymes of the Morus alba benzofuran natura,,daily-42308293.md
10.1126/sciadv.adz5090,An F-box protein OsFKF1 interacts with either OsGI or Hd1 and mediates the degra,,daily-42308302.md
10.1126/sciadv.aed1407,Spatial transcriptomics identifies distinct domains regulating yield-component t,,daily-42308303.md
10.1126/sciadv.aeh2957,Structural evolution of the MTCH family of mitochondrial insertases,,daily-42308315.md
10.1093/gbe/evag147,The Effects of Rapid Mitochondrial Gene Loss on Organellar Proteomes,,daily-42308339.md
10.1016/j.jgeb.2026.100690,Heterologous expression of lipase gene in Cereibacter sphaeroides 2.4.1 driven b,,daily-42309595.md
10.1038/s41586-026-10643-z,A blastoporal organizer in a ctenophore,,daily-42310447.md
10.1038/s41586-026-10682-6,CHPO coordinates chilling recovery and nitrogen use in rice,,daily-42310462.md
10.1111/pbi.70701,Natural Variation in GmSL20 Improves Seed Size and Quality in Soybean,,daily-42310878.md
10.1111/mpp.70300,Xanthomonas Type III Effector XopN Targets Scaffold Protein OsRACK1B to Suppress,,daily-42311005.md
10.3389/fmicb.2026.1849362,Qualitative and quantitative evaluation of phosphate-solubilizing ability of Lys,,daily-42311375.md
10.1002/ece3.73825,Variations in Sexual Size Dimorphism in Two Anurans Along an Urbanization Gradie,,daily-42311595.md
10.1183/23120541.01158-2025,Characteristics and management of asthma from the China Asthma Data Registry Pro,,daily-42311876.md
10.1093/hr/uhag089,The SL-MdDWARF53-MdbHLH1 module regulates MdAT1-mediated redox homeostasis and a,,daily-42312045.md
10.3389/fpls.2026.1835549,UAV-based phenotyping outperforms visual canopy wilting for evaluating soybean d,,daily-42312078.md
10.1093/tas/txag076,Effect of ruminally protected lysine on growth and nitrogen balance of grain-fin,,daily-42312198.md
10.1002/fsn3.72029,Optimization of Spent Coffee Grounds as Fat and Flour Substitutes in Gluten-Free,,daily-42312211.md
10.1128/aem.00412-26,Beneficial fungi reprogram tree metabolism toward growth and stress-associated p,,daily-42313056.md
10.1007/s00299-026-03875-w,The AT-HOOK MOTIF CONTAINING NUCLEAR LOCALIZED gene promotes somatic embryogenes,,daily-42313185.md
10.1007/s00425-026-05053-4,Phytohormones as key regulators of plant resilience under salinity and extreme t,,daily-42313198.md
10.1007/s12560-026-09702-5,First Wastewater-Based Surveillance of Tomato Brown Rugose Fruit Virus (ToBRFV),,daily-42313291.md
10.1007/s12011-026-05178-3,"Occurrence and Thermal-Activation-Induced Variations of Metal Elements (Ca, Fe,",,daily-42313352.md
10.1111/1541-4337.70516,"Gluten Analysis and Regulation: Scientific, Analytical, and Economic Dimensions",,daily-42313578.md
10.1037/pha0000790,App-based contingency management to reduce heavy drinking days among smokers rec,,daily-42313641.md
10.1002/mabi.202600003,Dual-Responsive Chitosan-Grafted PNIPAAm Hydrogel Eye Drop Incorporating Insulin,,daily-42313981.md
10.1073/pnas.2527304123,Allopatric coevolution: Migratory predators may facilitate mimicry between geogr,,daily-42313983.md
10.1093/plphys/kiag398,A noncoding SNP in ELF3 alters ELF3β expression and confers adaptation of Arabid,,daily-42315129.md
10.1007/s00299-026-03886-7,"The dynamic landscape of plant DNA demethylation: mechanisms, functions, and env",,daily-42315671.md
10.1111/1750-3841.71184,Pea Protein and Maltodextrin-Based Encapsulation of Anthocyanins From Black Rice,,daily-42316442.md
10.1111/1750-3841.71180,Determining Applications of Intermediate Wheatgrass in Conjunction With Common W,,daily-42316548.md
10.1111/mpp.70298,ESCRT: A Cellular Nexus of Plant Immunity and Pathogen Counter-Strategies,,daily-42316964.md
10.17113/ftb.64.02.26.8892,Development and Analytical Evaluation of a Microarray Assay for Quantitative Det,,daily-42317289.md
10.17113/ftb.64.02.26.9220,"Impact of Egg Components on Model Pasta Dough Rheology, Microstructure, and Mech",,daily-42317290.md
10.1016/j.dadr.2026.100452,Prevalence of substance use during pregnancy in New Jersey: Investigating the ef,,daily-42317404.md
10.3389/fmicb.2026.1834901,Effects of different protein sources on rumen fermentation-microbial characteris,,daily-42317763.md
10.3389/fpls.2026.1774622,Navigating heavy metal stress: emerging roles of TOR and SnRK signaling in plant,,daily-42318114.md
10.3389/fpls.2026.1845163,"Habitat suitability for the soybean aphid, Aphis glycines, and its natural enemi",,daily-42318120.md
10.3389/fpls.2026.1829521,Robust multi-target multi-scale tomato leaf disease detection for precision agri,,daily-42318123.md
10.3389/fpls.2026.1848146,Improving soil water-salt conditions and cotton yield through optimized C/N fert,,daily-42318128.md
10.3389/fpls.2026.1857873,Characterization of resistance to bacterial panicle blight in rice revealed by t,,daily-42318130.md
10.1002/pcn5.70365,Trends in substance use and associations with internet use among Japanese high s,,daily-42318258.md
10.1016/j.synbio.2026.05.004,Progresses of transposon research in Saccharomyces cerevisiae,,daily-42318494.md
10.1016/j.crmicr.2026.100630,Association between secondhand smoke exposure and ocular microbiome changes in c,,daily-42318592.md
10.1093/molbev/msag152,RNA i-motif landscapes in plant kingdom and their potential functional roles,,daily-42318932.md
10.1007/s00299-026-03881-y,AtGLYI3 and AtGLYI6 play the major role in nickel stress tolerance in Arabidopsi,,daily-42319536.md
10.1007/s11248-026-00502-y,Mammalian growth factors enhance regeneration in transgenic tomato lines,,daily-42319549.md
10.1007/s12010-026-05785-9,Feruloylated Arabinoxylan From Maize Bran Induces Cell Death in HCT 116 Colon Ca,,daily-42319729.md
10.1126/sciadv.aee2988,Single-nucleus transcriptomics resolves multiple fate dynamics between infloresc,,daily-42319924.md
10.1126/sciadv.aed4384,Liver endothelial zonation orchestrates hepatic steatosis onset through retinoic,,daily-42319926.md
10.1126/sciadv.aee2752,Electronics with switchable flexibility for 3D conforming neural interfaces,,daily-42319942.md
10.1097/PHH.0000000000002366,Improving Local Health Through Partner Engagement and Policy: Establishing the F,,daily-42319978.md
10.1021/acs.analchem.6c01147,Rapid Histone Post-Translational Modification Analysis Using Alternative Proteas,,daily-42319981.md
10.1111/ppl.70970,Leaf Habit Drives Divergent Leaf Hydraulic Strategies in Gardening Trees From a,,daily-42322173.md
10.1093/jxb/erag306,Genetic mechanisms underlying temperature-mediated changes in flower development,,daily-42322188.md
10.1007/s00122-026-05296-5,Distinct evolutionary trajectories of gene duplication modes in 40 diploid cotto,,daily-42322452.md
10.1186/s12870-026-09322-y,Strong phylogenetic signal from chloroplast genomes of three Barringtonia specie,,daily-42323549.md
10.1186/s12870-026-09295-y,Comparative effects of organic and inorganic fertilizers on photosynthetic pigme,,daily-42323550.md
10.1016/j.xplc.2026.101972,Cytokinin-activated DIRIGENT13 promotes lignan synthesis to regulate root growth,,daily-42323707.md
10.1111/tpj.70984,GIGANTEA antagonizes SWI/SNF protein BAF60 to regulate flowering in Chrysanthemu,,daily-42323736.md
10.1002/advs.76227,Correcting Apparent Priming Bias Unveils Fertilizer Nitrogen-Risk Archetypes of,,daily-42325172.md
10.1016/j.fochx.2026.104065,"Regulation of texture properties, water distribution, and starch retrogradation",,daily-42325390.md
10.1016/j.isci.2026.116381,Effects of soil layer replacement combined with organic fertilizer application o,,daily-42325587.md
10.1093/hr/uhag097,The grapevine LysM receptor kinase VvLYK4-2 is a key player in chitosan-triggere,,daily-42325903.md
10.1093/hr/uhag098,The CsBES1-14-CsCOR413 module mediated by brassinolide positively regulates cold,,daily-42325906.md
10.1021/acsomega.6c00762,Lipid Transfer Proteins (LTP) with α‑Amylase Inhibitory Activity from Capsicum c,,daily-42326642.md
10.1021/acsomega.6c02582,Developing Quick Screening Method to Identify Rice Cultivars with Unique Aromati,,daily-42326649.md
10.1021/acsomega.6c00213,Effects of Water Deficit and GABA-Containing Biostimulant on Maize Plants: Nonde,,daily-42326665.md
10.1016/j.plaphe.2026.100232,PhenoRob-P: An autonomous robotic system for high-throughput phenotyping of pott,,daily-42326758.md
10.1016/j.plaphe.2026.100229,Accurate 3D recording: Integrating ground-based LiDAR data and 3D segmentation n,,daily-42326760.md
10.64898/2026.06.03.730005,The beta cell glucocorticoid receptor protects against hyperglycaemia by modulat,,daily-42327065.md
10.1016/j.dib.2026.112927,Longitudinal multispectral image dataset for ToBRFV disease detection in tomato,,daily-42327349.md
10.1002/pld3.70178,FLOWERING LOCUS T Genes MtFTb1 and MtFTb2 Act Redundantly to Promote Flowering U,,daily-42327663.md
10.1155/crid/6280261,Sequential Double Autotransplantation Using Immature Teeth as First-Stage Autotr,,daily-42327843.md
10.3389/fpls.2026.1842390,Hyperspectral imaging and machine learning for rapid sensing and visualized retr,,daily-42328071.md
10.3389/fpls.2026.1851297,LiteMS-YOLO: a lightweight framework for small target detection in complex wheat,,daily-42328073.md
10.3389/fpls.2026.1825108,Genome-wide identification and characterization of the Groucho/Tup1-like corepre,,daily-42328081.md
10.3389/fpls.2026.1843825,One-year-old wood morphology and colorimetric indicators of cold hardiness in 'F,,daily-42328082.md
10.3389/fpls.2026.1814763,An end-to-end detection and classification model for tea leaf grading in complex,,daily-42328089.md
10.5005/jp-journals-10005-3486,To Compare and Evaluate the Antibacterial Efficacy of Murraya koenigii (Curry Le,,daily-42328213.md
10.5005/jp-journals-10005-3460,Nonfluoridated Remineralizing Agents in Pediatric Dentistry: A Narrative Review,,daily-42328223.md
10.1016/j.rmcr.2026.102449,Fogarty balloon-assisted extraction of an impacted friable foreign body causing,,daily-42328598.md
10.1002/advs.76225,Natural Variation of COLD and CATECHINS REGULATOR 1 Coordinately Fine-Tunes Cold,,daily-42328710.md
10.1155/tswj/6660150,Phytochemical Screening and Biological Studies of Leaf Extract of Ipomoea Batata,,daily-42328821.md
10.1007/s00299-026-03844-3,Overexpression of PagAPX8 promotes poplar growth and enhances tolerance to droug,,daily-42329264.md
10.1007/s00425-026-05054-3,Arbuscular mycorrhizal fungi cause divergence in carbon investment strategies an,,daily-42329303.md
10.1007/s00425-026-05036-5,Integrative networks regulating tomato fruit locule number through shoot apical,,daily-42329434.md
10.1007/s00299-026-03876-9,Transporter promiscuity and redox-driven metal partitioning in plant responses t,,daily-42329452.md
10.1007/s00299-026-03885-8,Endogenous constitutive promoters with a broad range of transcriptional activiti,,daily-42329465.md
10.1073/pnas.2601246123,"Genomic reconstruction of upland cotton domestication uncovers staged selection,",,daily-42330268.md
10.1073/pnas.2600460123,"Laser ablation microscopy reveals apical notch, apical dominance, and meristem r",,daily-42330275.md
10.1073/pnas.2532481123,A receptor kinase complex refines cambium activity in Arabidopsis,,daily-42330278.md
10.1002/mbo3.70334,Characterization of Multitrait Plant Growth-Promoting Rhizobacteria From Opuntia,,daily-42337972.md
10.1093/plphys/kiag413,The role of MLO in powdery mildew susceptibility depends on a combination of fun,,daily-42341170.md
10.3390/antiox15060748,Mechanistic Insights into Starch-Polyphenol Complexation: Role of Structural Dif,,daily-42352054.md
10.3390/plants15121814,ZmNAC17 Integrates Transcriptional and Protein Interaction Networks to Regulate,,daily-42357133.md
10.3390/plants15121873,Screening and Evaluation of Salt-Tolerant Wheat Cultivars,,daily-42357192.md
10.1007/s12298-026-01761-z,Exploring wild rices for photosynthetic efficiency improvement in rice,,daily-42358421.md
10.1007/s00425-026-05057-0,Genome-wide characterization and cold-responsive expression profile of Rab GTPas,,daily-42365123.md
10.1186/s11671-026-04754-9,Thermal conductivity and viscosity characterization of soybean oil nanofluids di,,daily-42377853.md
10.1126/sciadv.aeg6081,O-methyltransferase variation enables a specific volatile alarm call in rice,,daily-42384783.md
10.1016/j.synbio.2026.04.036,Advancing our understanding of photosynthesis: discoveries and insights from aqu,,daily-42405274.md
10.1007/s00425-026-05068-x,Identification of CAMTA transcription factors and functional analysis of OsCAMTA,,daily-42406130.md
10.1016/j.cub.2026.06.034,Temperature signals drive grass secondary cell wall thickening,,daily-42409015.md
10.1111/ppl.71004,Cyclic Electron Transport via the NDH Complex Sustains Photosynthesis and Produc,,daily-42409591.md
10.1038/s44318-026-00852-7,The TPR2 corepressor forms condensates with repressors to fine-tune growth and d,,daily-42410257.md
10.1186/s43897-026-00238-7,A miR858 variant negatively regulates resistance to tea leaf spot through target,,daily-42410657.md
10.1111/ppl.70997,Wheat Functional Traits and Photosynthetic Responses to Dynamic Shading in Agriv,,daily-42410724.md
10.1111/asj.70212,"Effect of Cellulase and Lactobacillus plantarum on the Quality, Microbial Compos",,daily-42411406.md
10.1002/tpg2.70276,Revisiting the foundation era of plant genomics with a commentary on the pioneer,,daily-42411466.md
10.1167/iovs.67.8.23,Enhanced Endocytosis and Mitochondrial Stress Underlie Severe Retinitis Pigmento,,daily-42411866.md
10.1080/15592324.2026.2681236,Selenium nanoparticles and wheat straw biochar synergistically alleviate combine,,daily-42412009.md
10.1007/s11248-026-00504-w,Ectopic expression of a Penicillium oxalicum cyclophilin gene in Arabidopsis tha,,daily-42412292.md
10.1093/bioinformatics/btag271,VirBinn improves viral genome binning from metagenomic Hi-C through graph diffus,,daily-42412829.md
10.1093/plphys/kiag473,A deep learning model captures position-specific effects of plant regulatory seq,,daily-42413033.md
10.1093/plcell/koag212,The RNA-binding dynamics of the exon-junction complex underlying splicing-couple,,daily-42413035.md
10.1093/plcell/koag204,RIN4 fragments released by AvrRpt2 promote NDR1-dependent activation of RPS2,,daily-42413037.md
10.1021/acs.analchem.6c00954,Spatially Resolved Diffusion NMR for Structurally Heterogeneous Materials,,daily-42413086.md
10.1139/cjm-2026-0018,"Crop domestication, selective breeding, and the seed microbiome: a call for furt",,daily-42413113.md
10.1016/j.jbiomech.2026.113438,Torque provides a more comprehensive assessment of reverse total shoulder arthro,,daily-42413173.md
10.1016/j.ijbiomac.2026.153390,Characterization of the blueberry AUXIN RESISTANT 1/LIKE-AUX1 gene family and re,,daily-42413678.md
10.1016/j.plantsci.2026.113317,Salicylic acid signaling integrates immunity and metabolic regulation to govern,,daily-42413876.md
10.1016/j.plantsci.2026.113315,"The precursor of ethylene, 1-aminocyclopropane-1-carboxylic acid, induces resist",,daily-42413879.md
10.1101/pdb.prot108733,Sample Preparation for Quantitative Proteome and Phosphoproteome Profiling of Ma,,daily-42414054.md
10.1186/s12870-026-09413-w,A multi-omics approach to maize (Zea mays) tassel development,,daily-42414910.md
10.1177/11786388261457983,Diet-Genetic Interactions in Type 2 Diabetes: Comparing Polygenic Risk in Rice-,,daily-42415714.md
10.3389/fmed.2026.1859928,Phenotype-driven management of diabetic macular edema: multimodal imaging biomar,,daily-42415787.md
10.3389/fmicb.2026.1859074,Straw chemistry overrides microbial and environmental controls on straw decompos,,daily-42416011.md
10.3389/fpls.2026.1854261,A scalable framework for UAV-based point cloud reconstruction and organ segmenta,,daily-42416345.md
10.3389/fpls.2026.1853755,Twice-spraying plant growth regulator EDAH stage-regulates maize plant morpholog,,daily-42416349.md
10.3389/fpls.2026.1853368,"An integrated edge AI prototype for smart agriculture: real-time pest detection,",,daily-42416350.md
10.17912/micropub.biology.002188,Tobacco extract is a chemotaxis repellent for C. elegans,,daily-42416363.md
10.1016/j.japr.2026.100683,Dietary supplementation with pure or plant-derived phytochemicals alters growth,,daily-42416480.md
10.3322/caac.70090,Global cancer statistics 2024: GLOBOCAN estimates of incidence and mortality wor,,daily-42417444.md
10.1093/gbe/evag172,Tracking the Evolutionary Trajectory of a Young Hybrid Plant Pathogen,,daily-42417516.md
10.1111/pbi.70720,Targeted Modulation of Eukaryotic Release Factor 1 (OseRF1) by an RNA Aptamer En,,daily-42417561.md
10.1007/s10886-026-01739-x,Variable Secondary Metabolites for Defense Against Chilo Partellus (Swinhoe) and,,daily-42417877.md
10.1007/s10529-026-03759-9,Welan gum promotes camptothecin production in Camptotheca acuminata by activatin,,daily-42417879.md
10.1007/s12011-026-05206-2,Effects of Different Dietary Inclusion Levels of Soybean Meal Supplemented with,,daily-42418128.md
10.1111/pai.70426,Steady steps to desensitization: Low-increment OIT for pediatric wheat allergy,,daily-42418236.md
10.1002/arch.70188,"Transcriptomic and Proteomic Insights Into Diapause in the Wheat Stink Bug, Aeli",,daily-42418462.md
10.1126/sciadv.aec3522,Nutritional adaptations to early maize cultivation: Earliest isotopic evidence o,,daily-42418588.md
10.1002/cre2.70406,Cleaning Efficacy of Air Polishing on Tobacco-Stained Resin Composite: An In-Vit,,daily-42418813.md
10.1111/tpj.71004,"Dehydrogenase WRD1 regulates plant growth by modulating cell wall formation, ROS",,daily-42419364.md
10.1111/tpj.70992,Thermal imaging as a tool for studying circadian rhythms in roots,,daily-42419387.md
10.1186/s12896-026-01187-1,An efficient method for tissue-specific protoplast isolation suitable for single,,daily-42421006.md
10.1002/bio.70553,Impact of the Tobacco-Smoking Status on the Phagocyte-Derived Generation of Reac,,daily-42421653.md
10.1002/rcr2.70676,Metastatic Gastric Adenocarcinoma Presenting With Pleuropericardial Effusions an,,daily-42421697.md
10.2903/j.efsa.2026.10115,Use of conversion factors for the setting of MRLs of prothioconazole,,daily-42421858.md
10.3389/fnut.2026.1742961,"Functional sweet tea in China: species, sweet components and anti-metabolic dise",,daily-42421923.md
10.1039/d6ra04820j,Modified Amberlyst 15 for continuous glycerol-free biodiesel production from ric,,daily-42422294.md
10.1093/hr/uhag158,Genetic regulation of stem elongation and thickening in ornamental plants: a rev,,daily-42422551.md
10.1155/ijfo/5759996,"Characterization of Nutritional and Flavor Profiles of Aromatic Black Rice, Indi",,daily-42422582.md
10.1111/1750-3841.71280,Wheat Bran-Derived Carbohydrates as Functional Food Ingredients: Extraction and,,daily-42423001.md
10.1177/00368504261466968,A retrospective observational analysis of the global burden of smoking-attributa,,daily-42423065.md
10.1002/jobm.70181,Next-Generation Cyanobacterial Biocontrol Agents for Crop Fungal Diseases: Molec,,daily-42423136.md
10.1080/15592324.2026.2700909,"Salinity signaling networks in wheat: crosstalk among Ca2⁺, ROS, phytohormones,",,daily-42423212.md
10.1111/tpj.71020,Integrated transcriptome-metabolome analyses reveal regulatory networks underlyi,,daily-42423421.md
10.1007/s11033-026-12319-3,Dimethyl itaconate preserves cardiac function and reduces remodeling via anti-fi,,daily-42423800.md
10.1007/s00122-026-05306-6,"Genetic diversity, GWAS, and candidate genes identification for plant architectu",,daily-42424006.md
10.1111/ppl.70987,Nitrogen Deficiency Outperforms Water Stress in Triggering Strigolactone-Depende,,daily-42424137.md
10.1080/15592324.2026.2700902,Dual biotic stressors shape volatile organic compound emission patterns in pome,,daily-42424400.md
10.1111/tpj.71037,Unlocking wheat fertility: map-based cloning spotlights anther-specific TaAGO5c,,daily-42424495.md
10.1111/tpj.71019,Sulfate starvation response modules connect sulfur metabolism to photorespiratio,,daily-42424606.md
10.1016/j.plaphy.2026.111533,Global S-sulfenylation proteome analysis reveals a role of Fd-GOGAT in regulatin,,daily-42424964.md
10.1111/ppl.71010,Physiological Tolerance to Heat and Drought Are Decoupled Across Common Woody Ur,,daily-42425526.md
10.1007/s00018-026-06321-y,Single-cell analysis reveals impaired Müller glia-mediated intercellular communi,,daily-42426189.md
10.1007/s00122-026-05304-8,Comparative cytogenomic characterization of 18 wheat core collection cultivars f,,daily-42426225.md
10.1007/s00122-026-05301-x,The mutation of pseudouridine synthase gene BrTRUD1 resulted in glossy leaf in C,,daily-42426472.md
10.1186/s12864-026-13149-0,Integrated transcriptomic and metabolomic analysis revealed the potential role o,,daily-42426595.md
10.1186/s12870-026-09428-3,"Field evaluation of bone biochar for improving maize yield, soil health, and car",,daily-42426598.md
10.1186/s12870-026-09430-9,Resistance analysis of the Tobacco Variety SA1214 against M. incognita based on,,daily-42426610.md
10.1186/s12870-026-09462-1,"Intraspecific variation, trait coordination and resource-use strategies of leaf",,daily-42426612.md
10.1186/s12870-026-09065-w,Integrating plant growth-promoting rhizobacteria and machine learning for drough,,daily-42426613.md
10.1111/nph.71409,Cross-kingdom RNA interference as a unifying mechanism in plant-microbe interact,,daily-42426886.md
10.1002/jsfa.70858,The alleviation of oxidative damage in celiac disease by black soybean peptides,,daily-42426921.md
10.1002/jsfa.70882,Brassinolide-mediated physiological and biochemical adaptation in rye (Secale ce,,daily-42426965.md
10.1093/gbe/evag174,Genome Evolution in Plant Pathogenic Bacteria,,daily-42427100.md
10.1111/nph.71427,The salivary protein NlG8 from Nilaparvata lugens induces both direct and indire,,daily-42427101.md
10.1111/jpi.70165,"Correction to ""Melatonin Mediates Elevated Carbon Dioxide-Induced Photosynthesis",,daily-42427270.md
10.1039/d6ra03354g,"Sustainable synthesis of mono-, bi- and tri-metallic nanoparticles using endophy",,daily-42427401.md
10.21769/BioProtoc.5734,A Dual-gRNA CRISPR/Cas9 System for Efficient Generation of Large Fragment Deleti,,daily-42427441.md
10.21769/BioProtoc.5721,Lodicule Isolation and Morphometric Analysis During Rice Floret Opening,,daily-42427449.md
10.1101/2024.10.30.621067,Acetylation-Primed SUMOylation Drives RORβ Turnover via a p300-SIRT1 Regulatory,,daily-42427505.md
10.1002/pld3.70186,Insights Into the Regulation of Salt Tolerance by Flavonoid and Cyanoamino Acid,,daily-42428322.md
10.1093/aobpla/plag030,Scent rhythms in twilight-flowering Passiflora pohlii: osmophore structure and t,,daily-42428462.md
10.7717/peerj.21205,Changes in rhizosphere microbial community of potato under farmland with differe,,daily-42428522.md
10.1002/pei3.70182,Application of Pseudomonas mosselii PR5 Enables Fertilizer Reduction in Rice Whi,,daily-42428558.md
10.1093/tas/txag082,"Effects of increasing soybean meal in late nursery, grower, and finishing pig di",,daily-42428800.md
10.1021/acsomega.6c02525,Metal-Free Analcime Derived from Rice Husk Ash for Visible-Light-Enhanced Hetero,,daily-42428830.md
10.1021/acsomega.6c03195,Interaction of Febuxostat with Human Serum Albumin and Its Application as a Circ,,daily-42428855.md
10.1021/acsomega.6c01438,Starch-Based Film Coatings as a Strategy to Preserve Seed Viability during Stora,,daily-42428886.md
10.1111/ppl.71020,Shading Influences the Adventitious Root Development of Winter Tea Cuttings Thro,,daily-42429074.md
10.1002/jeq2.70214,Unravelling the importance of organic phosphorus forms in rice root iron plaque,,daily-42429086.md
10.1111/ppl.71006,Stress Priming Enhances Tolerance Mechanisms in Rice Species (Oryza sativa and O,,daily-42429126.md
10.1080/15504263.2026.2686086,Medical Symptoms and Psychiatric Comorbidities in People with Methamphetamine Us,,daily-42429261.md
10.1093/ntr/ntag158,Thinking outside the box to reduce health inequities in prenatal nicotine and to,,daily-42429341.md
10.4103/ijph.ijph_706_24,Risk Assessment of Type 2 Diabetes Mellitus among Adults in Western Rajasthan: A,,daily-42429525.md
10.1007/s00284-026-05046-2,Plant Fungal Endophytes as Sustainable Components of Insect Pest Management,,daily-42429824.md
10.1007/s11130-026-01539-4,"Preserving Tradition, Preventing Cancer: A Narrative Review of the Traditional M",,daily-42429890.md
10.1007/s00425-026-05081-0,"Reactive oxygen species in plants: spatiotemporal organization, redox signaling,",,daily-42429981.md
10.1007/s00431-026-07225-6,Prediction of future onset of allergic rhinitis and analysis of risk factors in,,daily-42429983.md
10.1371/journal.pone.0353375,Field evaluation of spring wheat genotypes reveals differential resistance to Zy,,daily-42430345.md
10.1371/journal.pone.0351569,Prevalence and risk factors of hypertension in rural Bangladesh: A population-ba,,daily-42430422.md
10.2196/89627,"Using Ecological Momentary Assessment, Geolocation Tracking, and Neuroimaging to",,daily-42430566.md
10.1038/s43016-026-01378-1,Integrated policies could raise China's soybean self-sufficiency and ease global,,daily-42432047.md
10.1038/s41556-026-02002-x,Decoding stage-specific functions of PRC2 in early embryogenesis uncovers roles,,daily-42432166.md
10.1007/s10534-026-00848-0,Recent advances in therapeutic agents for uranium poisoning: a comprehensive rev,,daily-42432323.md
10.1111/mpp.70318,Canonical ETI-Dependent and -Independent Pathways Mediate Autoimmunity Caused by,,daily-42433108.md
10.1111/mpp.70288,Global Crotonylome Profiling Identifies TaPRXIIB Crotonylation as a Modulator H2,,daily-42433123.md
10.1111/mpp.70314,Extracellular Vesicles: Key Mediators of Bioactive Molecule Transport in Plant-M,,daily-42433141.md
10.1016/j.aninu.2025.11.015,Optimal standardized ileal digestible lysine levels in low-protein diets: Effect,,daily-42433327.md
10.1039/d6ra00947f,Green and nongreen treatment strategies for tailoring the filler/matrix interfac,,daily-42433442.md
10.1016/j.waojou.2026.101423,Associations between dual use of combustible cigarettes and electronic nicotine,,daily-42433471.md
10.3389/fpls.2026.1871483,Wheat growth parameters prediction based on dual output Bayesian neural network,,daily-42433900.md
10.3389/fpls.2026.1843975,Cold-tolerant bacteria from alpine Rosaceae plants modulate transcriptional resp,,daily-42433905.md
10.1016/j.vas.2026.100753,Non-starch polysaccharide-degrading enzymes improve intestinal health by reducin,,daily-42434087.md
10.1016/j.toxrep.2026.102309,Molecular dynamics and predictive toxicity insights into theaflavin as a potenti,,daily-42434172.md
10.1016/j.xagr.2026.100660,Topical resiniferatoxin for the treatment of vestibulodynia: a prospective obser,,daily-42434379.md
10.1016/j.dib.2026.113050,BanglaRiceLeaf: A benchmark dataset for automated rice leaf disease detection an,,daily-42434504.md
10.1016/j.abiote.2026.100061,Chromatin accessibility and histone landscapes define immune signal-specific tra,,daily-42434512.md
10.1016/j.abiote.2026.100062,Functional dissection of the PEROXIN11 gene family in Arabidopsis,,daily-42434513.md
10.1016/j.abiote.2026.100054,AI-designed OpenCRISPR-1 enables efficient targeted mutagenesis and prime editin,,daily-42434514.md
10.3389/fmicb.2026.1818929,Microbial community assembly and functional potential response driven by soil ph,,daily-42434565.md
10.1002/advs.76550,Single-cell Transcriptome Profiling Reveals Gene Regulatory Networks and Key Gen,,daily-42435755.md
10.1007/s00122-026-05289-4,Natural genetic variations underlying iron and zinc uptake efficiency in rice un,,daily-42436329.md
10.1016/j.fochx.2026.104153,Multidimensional characterization of red sour soup with different substrates: in,,daily-42436752.md
10.1016/j.fochx.2026.104141,Effects of spirulina powder on the physicochemical and volatile properties of ri,,daily-42436756.md
10.1016/j.fochx.2026.104157,"Effect of wheat bran insoluble dietary fiber on the physicochemical, structural,",,daily-42436757.md
10.1016/j.bbrep.2026.102706,Beyond the structure-function paradigm: A comprehensive review of intrinsically,,daily-42437078.md
10.1016/j.pmedr.2026.103557,"Associations between smoking-induced deprivation, cigarette purchase price, and",,daily-42437279.md
10.1007/s00425-026-05082-z,Transcription factor MYB102 regulates plant growth and tolerance to multiple abi,,daily-42437400.md
10.1007/s00425-026-05091-y,An IDA peptide from Boea hygrometrica enhances desiccation tolerance but lacks a,,daily-42437422.md
10.1111/josh.70196,Challenges and Contextual Dynamics in Implementing Smoke-Free School Policies in,,daily-42437661.md
10.1111/ppl.71012,Comparative Transcriptomics Deciphers Quinclorac Selectivity in Rice and Tobacco,,daily-42437678.md
10.1111/tpj.71042,Regulation of shoot gravitropism and branching angle by the GRV2-SAC1 axis in Ar,,daily-42438075.md
10.1111/mpp.70319,The Transcription Factor DPB Confers Antiviral Defence Against Potato Virus X by,,daily-42438091.md
10.1111/mpp.70290,Both Conserved Aromatic Nature and Critical RNA Motif of Residue 67 in the ToBRF,,daily-42438102.md
10.1111/tpj.71044,Remodeling of the tuberization-controlling FLOWERING LOCUS T genes from non-tube,,daily-42438130.md
10.5694/mja2.70234,Program Guidelines for the National Lung Cancer Screening Program: Targeted Lung,,daily-42438375.md
10.1111/pbi.70717,Design and Immunogenicity of a Nanoparticle Combination Vaccine for Salmonella i,,daily-42438376.md
10.1016/j.adro.2026.102101,Nonprostate Cancer Deaths Best Predict Long-Term Survival in Men Aged ≤59 Years,,daily-42438566.md
10.1016/j.jmccpl.2026.100855,Coronary artery disease in smokers with low traditional risk burden: An explorat,,daily-42438588.md
10.1016/j.mex.2026.104030,An advanced wide-and-deep learning framework for soybean price forecasting using,,daily-42438672.md
10.1111/tpj.71039,Branch architecture and flowering time are separately regulated by GhFL and GhSP,,daily-42438919.md
10.1080/15592324.2026.2700903,Partial root-zone drying enhances antioxidant signaling and physiological resili,,daily-42438928.md
10.1002/advs.202522307,Auto-Downregulation of the Florigen FT Production Prevents Precocious Flowering,,daily-42439434.md
10.1002/advs.76373,Metagenomic Association Uncovers Host Genotype-Structured Rhizobacterial Network,,daily-42439467.md
10.1111/pbi.70673,Durum Wheat cv. Svevo Reference Genome Rel.2.0: A Comprehensive Tool for Wheat G,,daily-42439890.md
10.1007/s00122-026-05295-6,Soybean MYB transcription factors GmMYB73 and GmMYB85 regulate lipid biosynthesi,,daily-42439944.md
10.1007/s10695-026-01731-y,Effects of stocking density on the pharmacokinetics of enrofloxacin and its meta,,daily-42440001.md
10.1007/s00203-026-05052-9,Genomic insights into the TAL effector diversity and SWEET gene targeting in Ind,,daily-42440142.md
10.1007/s00122-026-05310-w,Mapping and marker development of the rye-derived Hessian fly resistance gene H2,,daily-42440162.md
10.1007/s11274-026-05128-0,From gene to enzyme: Microbial engineering of bovine chymosin for efficient chee,,daily-42440191.md
10.1007/s10439-026-04263-x,Growing Relevance of Decellularized Plant Material as Functional Scaffolds in Ti,,daily-42440196.md
10.3390/ijms27135737,Loss of ASMT Function in Arabidopsis Affects Hormone Pathways and the Ability to,,daily-42450010.md
10.3390/nu18132137,"Real-World Use, Prescribing Patterns, and Short-Term Clinical Evolution of Exten",,daily-42451141.md
10.3390/plants15131983,Exogenous Nano-Silicon Treatment Improved the Low-Temperature Tolerance of Rice,,daily-42452190.md
10.3390/plants15132005,Mapping QTL for Plant Architecture-Related Traits in Soybean Across Multiple Env,,daily-42452212.md
10.3390/plants15132031,Regulatory Effects of Mepiquat Chloride on Root-Shoot Biomass Accumulation and P,,daily-42452237.md
10.1126/sciadv.aef7066,"Maize-based polyculture, not monoculture, sustained precolonial societies in the",,daily-42455929.md
10.1016/j.jplph.2026.154845,"Stage-resolved coordination of ion homeostasis, proton transport, and redox regu",,daily-42468263.md
10.1007/978-1-0716-5245-9_15,Indica Rice Anther and Shed Microspore Culture,,daily-42470559.md
10.1111/tpj.71050,Triple florigenic signaling in rice promotes stem elongation via transcriptional,,daily-42472483.md
10.1111/nph.71449,The preprophase band is dispensable for robust cell division orientation in wood,,daily-42473339.md
10.1021/acs.analchem.6c02353,Implantable Hydrogel Electrochemical Sensor for Early Warning and Fingerprinting,,daily-42476588.md
10.1186/s13007-026-01572-z,Pixel-registered multimodal synchrotron XRF and FTIR microscopies reveal salinit,,daily-42477803.md
10.1093/inteam/vjag117,Nanotechnology and Plant-Microbe Interactions: Enhancing Symbiotic Relationships,,daily-42477874.md
10.1007/s00299-026-03916-4,SlERF26 contributes to melatonin-associated regulation of ethylene biosynthesis,,daily-42479191.md
10.1080/15226514.2026.2703744,Exogenous nitrogen alleviates cadmium stress in poplar via restructuring rhizosp,,daily-42480030.md
10.1007/s00438-026-02482-4,"Genomic and functional characterization of Rhizobium metallidurans NS41, a heavy",,daily-42481868.md
10.1186/s12929-026-01281-8,"MPT0E028, a pan-HDAC inhibitor, ameliorates bleomycin-induced pulmonary fibrosis",,daily-42482016.md
10.1186/s12964-026-03094-6,Mesenchymal WNT signaling coordinates epithelial and mesenchymal differentiation,,daily-42482077.md
10.1080/15592324.2026.2705725,Foliar application of gamma aminobutyric acid regulates sulfur metabolism and re,,daily-42482309.md
10.1155/crid/4509890,Pulpotomy for an Immature Permanent Tooth With Symptomatic Irreversible Pulpitis,,daily-42483218.md
10.3389/fpls.2026.1884267,Effects of biochar and manure amendments on soil microbial communities and crop,,daily-42483509.md
10.1021/envhealth.5c00788,E‑Cigarettes Generate Gas Phase Ions,,daily-42483587.md
10.1093/aobpla/plag032,Variable responses to tree root exclusion by understory plant functional types i,,daily-42483724.md
10.1111/tpj.71061,Synergistic regulation of abiotic stress adaptation by copper miRNAs miR398 and,,daily-42483815.md
10.1039/d6ob00644b,Securinega alkaloids from the twigs of Flueggea suffruticosa as novel modulators,,daily-42483823.md
10.1093/nar/gkag716,SoPPIs: a highly parallelized protein-protein-interaction screening method in pr,,daily-42483831.md
10.1111/asj.70224,Prediction Equations of Growth Performance and Metabolizable Energy From in Vitr,,daily-42484429.md
10.1111/ppl.70977,"The Early Response to Urea, Nitrate, or Ammonium and Iron Resupply in Tomato Roo",,daily-42484442.md
10.1111/ppl.71029,Temperature-Dependent Root Responses to Water Deficit Modulate Biological Nitrog,,daily-42484460.md
10.1111/ppl.70991,"Integrative Insights Into UV-B-Induced Growth Regulation, Physiological Response",,daily-42484501.md
10.1007/s00425-026-05099-4,Synergistic effects of rhizobacteria and silicon nanoparticles in alleviating dr,,daily-42484712.md
10.1007/s11103-026-01740-8,Non-coding RNAs as central regulators of phytohormone signaling in plant abiotic,,daily-42484808.md
10.1007/s00122-026-05318-2,QTL mapping for berry firmness and functional characterization of a prioritized,,daily-42484841.md
10.1007/s11033-026-12386-6,Transcriptomic analysis of oriental tea tortrix infected with male-killing virus,,daily-42484909.md
10.1007/s11103-026-01738-2,Genomics assisted breeding for mildew resistance in cucumber: from gene discover,,daily-42484920.md
10.1007/s11103-026-01732-8,Functional characterization of the MdMYB73L gene in drought and salt stress tole,,daily-42484957.md
10.1080/21645698.2026.2707837,"Genetically modified rice in Iran: scientific progress, policy constraints, and",,daily-42485236.md
10.1111/pbi.70726,Circadian Clock Gates Verticillium dahliae Defence in Cotton by Modulating JAZs,,daily-42485555.md
10.1007/s00284-026-05073-z,Root Colonisation and Induction of Plant Defence-associated Signalling Pathways,,daily-42487024.md
10.1111/tpj.71049,A RSL4-CPKs feedback loop integrates auxin and ethylene signals to regulate root,,daily-42487264.md
10.1002/jobm.70189,Ustiloxins as Emerging Contaminants in Rice Agroecosystems: Environmental Occurr,,daily-42487546.md
10.1111/mec.70485,Mycobiome Simplification in Wheat Is Associated With the Pathogen Parastagonospo,,daily-42487569.md
10.1016/j.foohum.2026.101060,The dietary burden of phosphorus and aluminum in ready-to-eat wheat flour tortil,,daily-42487653.md
10.3389/fpls.2026.1868449,Transcriptomic analysis revealed distinct transcriptional responses in N. bentha,,daily-42488454.md
10.3389/fpls.2026.1841159,ShuffleNetV2 SSM MLCA: a lightweight recognition network for wheat fungal diseas,,daily-42488455.md
10.1155/ijm/9313676,Cotton Gauze Impregnated With Chitosan Nanoparticle-Loaded Recombinant Human Lac,,daily-42488514.md
10.1039/d6ra03228a,Dihydrotanshinone l alleviates psoriasis-like skin lesion via suppressing STAT3,,daily-42488811.md
10.1007/s00705-026-06684-4,Molecular and biological characterisation of Magnaporthe oryzae botourmiavirus 1,,daily-42489743.md
10.1111/tpj.71040,COMPOSITUM 2/ WHEAT FRIZZY PANICLE dosage dependently regulates inflorescence an,,daily-42490165.md
10.1111/tpj.71052,Genetic coupling of leaf and kernel-related traits shapes drought adaptation in,,daily-42490303.md
10.34133/bmr.0393,Photoactivated Hypericum perforatum-Derived Exosome Nanovesicles Suppress Breast,,daily-42491207.md
10.1093/aesa/saag021,Feeding behavior increases strength and frequency of vibrational communication s,,daily-42491267.md
10.1002/hsr2.72832,"Eating Behavior Patterns, Food Group Intake Frequency, and Sarcopenia in Communi",,daily-42491269.md
10.3389/fpls.2026.1865834,Genome-wide identification and characterization of VQ genes from cultivated pean,,daily-42491363.md
10.1016/j.plaphe.2026.100259,Harnessing high-throughput phenotyping and artificial intelligence for soybean b,,daily-42491445.md
10.17912/micropub.biology.001993,Genome Sequence of Arthrobacter globiformis Bacteriophage TrixiePhattel,,daily-42491493.md
10.1002/fsn3.72132,Enzymatic Saccharification Behavior and Compositional Characteristics of Mucuna,,daily-42491510.md
10.1039/d6ra01576j,Biochar co-applied with silicon mitigates combined chromium and salinity stress,,daily-42491530.md
10.1021/acsenvironau.6c00070,From Waste to Resource: Biosolids from Sludge Treatment Wetlands as Biofertilize,,daily-42491555.md
10.1016/j.isci.2026.116551,Ternary composite amendments of sludge-humic acid-fertilizer for mineral mud pad,,daily-42491646.md
10.1002/fsn3.72122,Microbiota-Targeted Chitooligosaccharides Intervention Restores Glucose Homeosta,,daily-42491661.md
10.7717/peerj.21520,Development of an efficient in vitro plant regeneration system using true leaf e,,daily-42491681.md
10.3389/fpls.2026.1798852,Metabolomics combined with transcriptomics analysis on ginsenosides accumulation,,daily-42491687.md
10.7717/peerj.21412,"Infection process, viability and survival of cotton rust (Phakopsora gossypii) u",,daily-42491690.md
10.1016/j.isci.2026.116545,Investigating LST evolution and heatwave patterns using machine learning in the,,daily-42491888.md
10.4103/jehp.jehp_1579_25,"The association between caffeine consumption and memory, anxiety, and stress lev",,daily-42491907.md
10.1039/d6ra02084d,Plant-based macronutrients and micronutrients in combating osteoporosis: researc,,daily-42491930.md
10.1093/ehjdh/ztag074,Digital biomarkers in cardiovascular medicine: a scientific statement of the ESC,,daily-42491935.md
10.18001/trs.5.1.2,How Much Nicotine is in Your Electronic Cigarette Flavored Liquid?,,daily-42491996.md
10.1111/tpj.71053,Leaf aging reduces photosynthetic and stomatal kinetics under fluctuating irradi,,daily-42492912.md
10.1038/s41588-026-02685-w,Intrinsically disordered regions restrain genomic targeting of RNA and histone d,,daily-42493596.md
10.1111/mpp.70321,FgCot1 Regulates Polarized Growth and Conidiation in Fusarium graminearum via Gp,,daily-42494120.md
10.1111/1750-3841.71327,Rapid Detection of Deoxynivalenol in Soybeans by NIR Spectroscopy Coupled With E,,daily-42494190.md
10.1111/gcb.70974,The Existence and Uniqueness of Solutions in the Leaf Photosynthesis-Transpirati,,daily-42494311.md
10.1093/hr/uhag122,Boosting cytosine base editing in potato through synergistic optimization,,daily-42494484.md
10.1093/hr/uhag120,A novel pyrimidine-guanidine derivative YYH-6 confers tomato resistance to TYLCV,,daily-42494488.md
10.1002/fsn3.72141,Nutritional and Compositional Profile of Hypsizygus ulmarius Fruiting Bodies as,,daily-42494619.md
10.3389/fpls.2026.1868370,Estimating maize canopy water content using UAV-based multispectral-thermal infr,,daily-42494630.md
10.3389/fpls.2026.1894392,"Integrated assessment of heavy metal dynamics, ecological risk, and plant-mediat",,daily-42494640.md
10.4103/indianjpsychiatry_632_25,A study of positive and negative factors associated with tapering off methadone,,daily-42495023.md
10.3389/fmicb.2026.1835588,The gut resistome as a potential determinant of immunotherapy response: antibiot,,daily-42495133.md
10.18699/vjgb-26-62,Fungal pathogens of plants: deciphering the mechanisms of Fusarium wilt,,daily-42495173.md
10.1021/acsomega.6c03187,DeepSAT + SMART-Driven Identification of Diterpene Glycosides with α‑Glucosidase,,daily-42495318.md
10.1021/acsomega.6c03580,From Simplified Pretreatment to Sensitive Analysis: An Immobilization-Free Catho,,daily-42495327.md
10.1021/acsomega.5c11967,Study on the Green Extraction Process of Lignin and the Effect of its Synthesize,,daily-42495328.md
10.1021/acsomega.6c02556,Sustainable Extraction of Collagen from Tannery Raw Trimmings Using Ginger Peel-,,daily-42495380.md
10.1016/j.fochx.2026.104207,Optimizing the rice wine process of P olygonatum sibiricum Red. using response s,,daily-42495697.md
10.5435/JAAOSGlobal-D-25-00250,Association of Perioperative Cannabis Use With Postoperative Opioid Consumption,,daily-42495974.md
10.1002/advs.76742,Herbicide Metabolic Resistance in Poaceae Plants via the GA-GID1/DELLA-DOF2-P450,,daily-42496075.md
10.3390/proteomes14030032,A One Health Framework for Proteomics Across the Tree of Life to Advance Food Se,,daily-42496272.md
10.3390/epigenomes10030048,Evolution of Epigenetic Regulation in Plant Reproduction,,daily-42496536.md
10.1007/s00203-026-05065-4,Morphological and molecular characterization of Cordyceps javanica (Frieder. & B,,daily-42496694.md
10.1007/s00299-026-03902-w,The mitogen-activated protein kinase GhMPK3 participates in ethylene signaling r,,daily-42496714.md
10.1007/s00299-026-03917-3,Phosphorylation networks as regulatory hubs in plant stress signaling: kinase dy,,daily-42496748.md
10.1007/s12010-026-05841-4,"Decoding Antimicrobial Activities of Peppermint (Mentha Piperita), Tea Tree (Mel",,daily-42496826.md
10.1126/sciadv.aeg5141,Spiral-potato-like nanostructure COF enabling nearly unidirectional zinc deposit,,daily-42497263.md
10.1038/s41477-026-02329-1,The deSUMOylase SPF2 and the cohesin regulators SGO2 and CTF18 suppress crossove,,daily-42498793.md
10.1007/s10787-026-02340-0,Anti-inflammatory evaluation of HPLC-GC quantified phytochemicals from Acalypha,,daily-42498902.md
10.14814/phy2.71025,Capillary endothelial cell heterogeneity in skeletal muscle of female and male m,,daily-42499302.md
10.1002/vms3.71088,"Green Tea Extract, Keratin Hydrolysate and Vitamin C Exert Anti-Ageing Effects T",,daily-42499304.md
10.18699/vjgb-26-64,Development of purple-grain triticale,,daily-42499383.md
10.55730/1300-0144.6224,Omega-3-rich fish oil lipid emulsions prevent sepsis-driven mesenteric hypoperfu,,daily-42499445.md
10.1016/j.dib.2026.113075,Data on the uptake of Integrated Pest Management (IPM) practices in European agr,,daily-42499557.md
10.1039/d6na00276e,Rice straw-derived activated carbon/ZnO nanocomposite as a high-performance elec,,daily-42499689.md
10.1093/ismeco/ycag161,Multi-omics resolved integration reveals microbial niche separation in soil aggr,,daily-42499785.md
10.1016/j.fochx.2026.104224,Starch-based intelligent indicator membranes with triple antioxidant activity fo,,daily-42500044.md
10.3389/fonc.2026.1801640,"Integrating polyphenols and exercise in cancer prevention, treatment, and rehabi",,daily-42500289.md
10.3389/fpls.2026.1859834,Invasive Asian water moss (Salvinia cucullata) biochar modulates selected stevio,,daily-42500470.md
10.32604/or.2026.080024,Cancer Drug Development in Never-Smoker Lung Cancer: Targeted and Immune-Based T,,daily-42500583.md
10.1093/nsr/nwag217,Smart symbiotic lithium-sulfur batteries under extremely low-temperature conditi,,daily-42500739.md
10.1093/nar/gkag714,Integrated multi-omics profiling reveals dynamic regulation of light-induced chl,,daily-42500823.md
10.1007/s10822-026-00901-7,Immunomodulatory activity of Inula viscosa (L.) compounds identified via LC-ESI-,,daily-42501144.md
10.1007/s11033-026-12355-z,Reverse genetics platform for tomato mottle mosaic virus: infectious clone const,,daily-42501154.md
10.1007/s11103-026-01750-6,ZmSK1 encodes a sucrose synthase essential for starch synthesis and endosperm de,,daily-42501173.md
10.1186/s12917-026-05625-2,Liquid phytase as a complete substitute for supplemental inorganic phosphorus in,,daily-42502161.md
10.1016/j.isci.2026.116854,Single-cell transcriptomics reveals epithelial-stromal crosstalk underlying fibr,,daily-42502412.md
10.1093/hr/uhag124,Role of the MtLUX- MtRVE1 regulatory module in auxin-mediated root development a,,daily-42502611.md
10.1177/11779322261472433,Tracing the Evolutionary Dynamics and the Transcriptional Partitioning of Terpen,,daily-42502708.md
10.1002/fsn3.72155,Development of Functional Soybean-Enriched Cheese: Identification of Novel Angio,,daily-42502806.md
10.1016/j.fochx.2026.104217,Volatile aroma profiles and associated microbiota of Yunnan Shiping sour-pulp-fe,,daily-42502862.md
10.1016/j.fochx.2026.104208,Organic cultivation on the Yungui plateau improves green tea flavor while reduci,,daily-42502872.md
10.1016/j.fochx.2026.104204,Development and characterization of starch films functionalized by Oxalis triang,,daily-42502873.md
10.1016/j.fochx.2026.104211,"Effects of organic acids on purple potato wine brewing: methanol, higher alcohol",,daily-42502876.md
10.1007/s00425-026-05089-6,Integrated miRNA-mRNA-degradome analysis unveils the key regulatory mechanism of,,daily-42503062.md
10.1111/plb.70270,Inheritance of somatic mutations and epigenetic variations in plants,,daily-42503229.md
10.1016/j.jplph.2026.154851,Flavonoid remodeling and functional characterization of CrHPPD during salt stres,,daily-42503246.md
10.1016/j.intimp.2026.117190,PLOD2 promotes colorectal cancer progression and immune escape via attenuating C,,daily-42503264.md
10.1016/j.plaphy.2026.111579,The CCCH-type zinc finger protein SZF12 negatively regulates salt stress toleran,,daily-42503270.md
10.1016/j.plaphy.2026.111585,Multifunctional roles of the rice mannose-binding lectin OsMBL1 in biotic and ab,,daily-42503271.md
10.1016/j.plaphy.2026.111576,"Thidiazuron-induced growth and developmental changes reshape metabolic, photosyn",,daily-42503272.md
10.1016/j.plaphy.2026.111572,Trehalose signal promotes flowering through MlTPS1-MlNFYC9 regulation module in,,daily-42503273.md
10.3390/antiox15070853,Redox Regulation of Plant-Root-Knot Nematode Interactions: From ROS-Mediated Imm,,daily-42510584.md
10.3390/biology15141171,Lactoferrin Gene Expression and Antioxidant Activity in Tomato,,daily-42510717.md
10.3389/fvets.2026.1837338,Evaluation of plant-based antimicrobials in controlling antimicrobial resistance,,daily-42583015.md
10.1111/pce.70814,OsGSK2 Phosphorylates Heat Shock Factor OsHSF7 to Regulate Rice Thermotolerance,,daily-42584075.md
10.5409/wjcp.121760,Congenital aphallia: From embryology to management - a focused minireview,,daily-42626244.md
10.1073/pnas.2625944123,Profile of C. Robin Buell,,daily-42627841.md
10.1111/ppl.71079,Contrasting Hydraulic-Photosynthetic Strategies Sustain Antarctic Vascular Plant,,daily-42629582.md
10.1111/1750-3841.71363,Methods for Maintaining and Using Lactic Acid Bacteria Starter Cultures for Comm,,daily-42629602.md
10.1094/PHYTO-02-26-0057-R,Infection of the Rice Root Xylem by Xanthomonas oryzae pv. oryzae and Inability,,daily-42629603.md
10.1002/jcsm.70370,Early Identification and Prognostic Stratification of Cancer Cachexia Using Expl,,daily-42629954.md
10.1111/ppl.71074,Regulatory Mechanisms of Benzylisoquinoline Alkaloid Biosynthesis in Coptis chin,,daily-42630119.md
10.1002/aps3.70071,Techniques and challenges in studying photosynthetic diversity in freshwater sub,,daily-42631185.md
10.1093/aob/mcag267,"The meeting of stomata, trichomes and xylem: Are leaf and wood anatomy coordinat",,daily-42631366.md
10.1002/arch.70198,RNAi Targeting MhieJHEH Disrupts Hormonal Homeostasis and Induces Systemic Metab,,daily-42633677.md
