doi,title,journal,file,source,is_oa,oa_status,oa_url,
10.1038/s41467-022-30177-y,A 3D gene expression atlas of the floral meristem based on spatial reconstruction of single nucleus RNA sequencing data,"""Nature Communications""",a-3d-gene-expression-atlas-of-the-floral-meristem-based-on-spatial-reconstructio.md,papers,TRUE,gold,https://www.nature.com/articles/s41467-022-30177-y.pdf,
10.1016/j.celrep.2022.111059,A guiding role of the Arabidopsis circadian clock in cell differentiation revealed by time-series single-cell RNA sequen,"""Cell Reports""",a-guiding-role-of-the-arabidopsis-circadian-clock-in-cell-differentiation-reveal.md,papers,TRUE,gold,http://www.cell.com/article/S2211124722008579/pdf,
10.1016/j.molp.2021.07.021,A single-cell morpho-transcriptomic map of brassinosteroid action in the Arabidopsis root,"""Molecular Plant""",a-single-cell-morpho-transcriptomic-map-of-brassinosteroid-action-in-the-arabido.md,papers,TRUE,bronze,http://www.cell.com/article/S1674205221003129/pdf,
10.1016/j.xplc.2024.100941,A single-cell transcriptome atlas reveals the trajectory of early cell fate transition during callus induction in Arabid,"""Plant Communications""",a-single-cell-transcriptome-atlas-reveals-the-trajectory-of-early-cell-fate-tran.md,papers,TRUE,gold,https://doi.org/10.1016/j.xplc.2024.100941,
10.1093/hr/uhag117,Single-nucleus RNA-seq and ATAC-seq analyses provide molecular insights into the,,alfalfa-cadmium-sc-multiomics.md,papers,TRUE,gold,https://doi.org/10.1093/hr/uhag117,
10.1016/j.devcel.2021.02.021,A single-cell analysis of the Arabidopsis vegetative shoot apex.,,arabidopsis-sam-scrna.md,papers,TRUE,bronze,http://www.cell.com/article/S1534580721001611/pdf,
10.1093/plphys/kiaf432,"Integrating 3D imaging, GWAS, and single-cell transcriptome approaches to elucid",,b3--bs1tAYpaCxa0fWZ49R6kw.md,papers,TRUE,hybrid,https://academic.oup.com/plphys/advance-article-pdf/doi/10.1093/plphys/kiaf432/64416562/kiaf432.pdf,
10.1093/plcell/koaa060,Distinct identities of leaf phloem cells revealed by single cell transcriptomics,,b3-G2N-JJNNVwoyPpAiZEWa8w.md,papers,TRUE,bronze,https://academic.oup.com/plcell/article-pdf/33/3/511/37849978/koaa060.pdf,
10.1111/pbi.70534,Mass Spectrometry Imaging Combined With Single-Cell Transcriptional Profiling Re,,b3-dUSuUm6U9HU_uM2NcC4AWg.md,papers,TRUE,gold,https://onlinelibrary.wiley.com/doi/pdfdirect/10.1111/pbi.70534,
10.1002/advs.202512295,Integrated Single-Cell and Spatial Transcriptomics Reveal Cell-Type-Specific Imm,,b3-l7tWWswvI2rZ5ba_4V2BsQ.md,papers,TRUE,gold,https://doi.org/10.1002/advs.202512295,
10.1111/pbi.70687,Cell-Specific Expression and Cellular Compartmental Regulation in Camptothecin B,,b4-B6ORjNkH1VSkcVpnv9C7xQ.md,papers,TRUE,gold,https://doi.org/10.1111/pbi.70687,
10.1093/bioinformatics/btaf528,CLUEY enables knowledge-guided clustering and cell type detection from single-ce,,b4-XRCTp9An448A-skN9f9RIQ.md,papers,TRUE,gold,https://doi.org/10.1093/bioinformatics/btaf528,
10.1016/j.xplc.2025.101580,Spatiotemporal transcriptomic and metabolomic landscapes of wild soybean seed de,,b5-EshzCwiRQQAcBvprSyR5VA.md,papers,TRUE,gold,https://doi.org/10.1016/j.xplc.2025.101580,
10.1002/advs.202416794,created: 2026-05-28,,b5-I9J_3tEggQGIGk7z9SmwOw.md,papers,TRUE,gold,https://onlinelibrary.wiley.com/doi/pdfdirect/10.1002/advs.202416794,
10.1073/pnas.2416987121,Dissecting the cellular architecture and genetic circuitry of the soybean seed.,,b5-QQGRDlevUx_vfZRV-iYuwA.md,papers,TRUE,hybrid,https://www.pnas.org/doi/pdf/10.1073/pnas.2416987121,
10.1111/jipb.13834,The comprehensive regulatory network in seed oil biosynthesis.,,b5-kf00Og92ayHkmDBpso75bw.md,papers,TRUE,bronze,https://onlinelibrary.wiley.com/doi/pdfdirect/10.1111/jipb.13834,
10.1111/nph.71137,Guard cell photorespiration controls stomata behavior and development.,,b6-HkI9coXBppIC9b6SC65oKA.md,papers,TRUE,hybrid,https://doi.org/10.1111/nph.71137,
10.1111/tpj.70902,TCP21 negatively regulates photomorphogenesis by integrating phyB- and HY5-media,,b6-JtU6BLa8oL57zgnlWnzO_Q.md,papers,TRUE,green,https://pmc.ncbi.nlm.nih.gov/articles/PMC13167141/,
10.1093/hr/uhaf293,Integrated multiomics analysis reveals the molecular mechanism of light intensit,,b6-O0Kt-jSykCafIUhbNCEB3g.md,papers,TRUE,gold,https://doi.org/10.1093/hr/uhaf293,
10.1016/j.xplc.2023.100676,Cell specialization and coordination in Arabidopsis leaves upon pathogenic attack revealed by scRNA-seq,"""Plant Communications""",cell-specialization-and-coordination-in-arabidopsis-leaves-upon-pathogenic-attac.md,papers,TRUE,gold,https://doi.org/10.1016/j.xplc.2023.100676,
10.1016/j.tplants.2022.09.008,Charting plant gene functions in the multi-omics and single-cell era,"""Trends in Plant Science""",charting-plant-gene-functions-in-the-multi-omics-and-single-cell-era.md,papers,TRUE,bronze,http://www.cell.com/article/S1360138522002709/pdf,1
10.1016/j.cell.2025.12.056,A circadian rheostat drives proton electrochemical gradients to optimize cell-ty,,circadian-rheostat-proton-gradient-arabidopsis.md,papers,TRUE,green,http://hdl.handle.net/10261/433958,
10.1016/j.xplc.2023.100665,Combining single-cell RNA sequencing with spatial transcriptome analysis reveals dynamic molecular maps of cambium diffe,"""Plant Communications""",combining-single-cell-rna-sequencing-with-spatial-transcriptome-analysis-reveals.md,papers,TRUE,gold,https://doi.org/10.1016/j.xplc.2023.100665,
10.1146/annurev-arplant-081720-010120,Advances and Opportunities in Single-Cell Transcriptomics for Plant Research.,,cr-annurev-arplant-0817.md,papers,TRUE,bronze,https://www.annualreviews.org/doi/pdf/10.1146/annurev-arplant-081720-010120,
10.1016/j.celrep.2019.04.054,High-Throughput Single-Cell Transcriptome Profiling of Plant Cell Types.,,cr-j-celrep-2019-04-054.md,papers,TRUE,gold,http://www.cell.com/article/S2211124719305273/pdf,
10.1016/j.devcel.2022.01.008,A single-cell Arabidopsis root atlas reveals developmental trajectories in wild-,,cr-j-devcel-2022-01-008.md,papers,TRUE,hybrid,http://www.cell.com/article/S1534580722000338/pdf,
10.1016/j.molp.2020.06.010,Global Dynamic Molecular Profiling of Stomatal Lineage Cell Development by Singl,,cr-j-molp-2020-06-010.md,papers,TRUE,bronze,http://www.cell.com/article/S167420522030188X/pdf,
10.1016/j.molp.2021.01.001,Single-nucleus RNA and ATAC sequencing reveals the impact of chromatin accessibi,,cr-j-molp-2021-01-001.md,papers,TRUE,hybrid,http://www.cell.com/article/S1674205221000010/pdf,
10.1104/pp.18.01482,Single-Cell RNA Sequencing Resolves Molecular Relationships Among Individual Pla,,cr-pp-18-01482.md,papers,TRUE,hybrid,https://doi.org/10.1104/pp.18.01482,
10.1038/s41587-023-01767-y,"Dictionary learning for integrative, multimodal and scalable single-cell analysi",,cr-s41587-023-01767-y.md,papers,TRUE,bronze,https://www.nature.com/articles/s41587-023-01767-y.pdf,2
10.1105/tpc.18.00785,Dynamics of Gene Expression in Single Root Cells of &lt;i&gt;Arabidopsis thalian,,cr-tpc-18-00785.md,papers,TRUE,hybrid,https://doi.org/10.1105/tpc.18.00785,
10.1016/j.plaphy.2026.111365,Nano-biochar regulates soil enzymatic activities and nitric oxide signaling to i,,daily-42127714.md,papers,TRUE,hybrid,https://doi.org/10.1016/j.plaphy.2026.111365,
10.1093/plcell/koag144,SlSEC1- and SlSPY-mediated O-glycosylation stabilizes the transcription factor S,,daily-42135064.md,papers,TRUE,hybrid,https://doi.org/10.1093/plcell/koag144,
10.1016/j.plaphy.2026.111422,"Rice cold tolerance: Physiological responses, molecular regulatory networks, and",,daily-42202733.md,papers,TRUE,hybrid,https://doi.org/10.1016/j.plaphy.2026.111422,
10.1111/nph.71287,Barley HvBODYGUARD1 controls cuticular specialisations regulated by SHINE transc,,daily-42203758.md,papers,TRUE,hybrid,https://doi.org/10.1111/nph.71287,
10.1111/nph.71282,Endogenous RALF peptide function is required for powdery mildew host colonizatio,,daily-42203759.md,papers,TRUE,hybrid,https://doi.org/10.1111/nph.71282,
10.1038/s42003-026-10373-y,Genomic and population analyses reveal asymmetric subgenome evolution and local ,,daily-42204246.md,papers,TRUE,gold,https://doi.org/10.1038/s42003-026-10373-y,
10.1186/s12870-026-09098-1,Integrated multi-omics analysis reveals a lipid-redox regulatory network underly,,daily-42204464.md,papers,TRUE,gold,https://doi.org/10.1186/s12870-026-09098-1,
10.1016/j.xplc.2026.101927,Plant immune dysregulation disrupts microbe-induced growth promotion and microbi,,daily-42204817.md,papers,TRUE,gold,https://doi.org/10.1016/j.xplc.2026.101927,
10.1016/j.xplc.2026.101938,GhOFP1-GhTALE-GhXTHB transcriptional cascade regulates cotton stem vascular camb,,daily-42204818.md,papers,TRUE,gold,https://doi.org/10.1016/j.xplc.2026.101938,
10.1093/jxb/erag252,Volatiles released by undamaged plants mediate the adaptive growth strategies in,,daily-42205069.md,papers,TRUE,hybrid,https://doi.org/10.1093/jxb/erag252,
10.1002/advs.202516159,A Rare Allele of ST5 From Wild Rice Enhances Salt Tolerance in Rice. ,,daily-42206449.md,papers,TRUE,gold,https://doi.org/10.1002/advs.202516159,
10.1111/pbi.70690,Staurosporine Targets Mitochondrial Regulator VdAtuA3 to Disrupt Mitochondrial H,,daily-42206753.md,papers,TRUE,gold,https://doi.org/10.1111/pbi.70690,
10.1016/j.cub.2023.08.061,Genome and transcriptome of Selaginella kraussiana reveal evolution of root apical meristems in vascular plants,"""Current Biology""",genome-and-transcriptome-of-selaginella-kraussiana-reveal-evolution-of-root-apic.md,papers,TRUE,green,https://biblio.ugent.be/publication/01HBBM8J0TF0ZPMWAGXE5RA35A/file/01HBBMJD14K8YCSAGJ6RSMV8GN.pdf,
10.1093/hr/uhaf228,Pangenomics and single-cell transcriptomics uncover the genetic basis of continu,,grape-continuous-flowering-pan-sc.md,papers,TRUE,gold,https://academic.oup.com/hr/advance-article-pdf/doi/10.1093/hr/uhaf228/64191960/uhaf228.pdf,
10.1111/tpj.15719,Identification of novel regulators required for early development of vein pattern in the cotyledons by single‐cell <scp>,"""The Plant Journal""",identification-of-novel-regulators-required-for-early-development-of-vein-patter.md,papers,TRUE,hybrid,https://onlinelibrary.wiley.com/doi/pdfdirect/10.1111/tpj.15719,
10.1007/s00709-026-02197-8,"Sieve elements. Hidden corners, fierce debates, future prospects",,ms-10-1007_s00709-026-02197-8.md,papers,TRUE,hybrid,https://link.springer.com/content/pdf/10.1007/s00709-026-02197-8.pdf,
10.1007/s10343-026-01353-7,Mechanistic Insights into the Role of Endophytic Fungi in Combating Salinity and,,ms-10-1007_s10343-026-01353-7.md,papers,TRUE,hybrid,https://link.springer.com/content/pdf/10.1007/s10343-026-01353-7.pdf,
10.1007/s10533-026-01344-w,Wildfire and post-fire management reshape soil microbial guilds and carbon dynam,,ms-10-1007_s10533-026-01344-w.md,papers,TRUE,hybrid,https://link.springer.com/content/pdf/10.1007/s10533-026-01344-w.pdf,
10.1007/s10725-026-01445-4,"Exogenous 2,4-epibrassinolide and transcriptome profiling reveal the role of bra",,ms-10-1007_s10725-026-01445-4.md,papers,TRUE,hybrid,https://doi.org/10.1007/s10725-026-01445-4,
10.1007/s10725-026-01470-3,Plant biostimulants in Hermetia illucens frass: insights into fresh and recircul,,ms-10-1007_s10725-026-01470-3.md,papers,TRUE,hybrid,https://doi.org/10.1007/s10725-026-01470-3,
10.1007/s10886-026-01718-2,Emission Dynamics of Constitutive and Herbivore-induced Plant Volatiles from Nor,,ms-10-1007_s10886-026-01718-2.md,papers,TRUE,hybrid,https://link.springer.com/content/pdf/10.1007/s10886-026-01718-2.pdf,
10.1007/s10886-026-01725-3,Synergistic Effects of Acetic Acid and Ethanol on Offspring Production and Galle,,ms-10-1007_s10886-026-01725-3.md,papers,TRUE,hybrid,https://link.springer.com/content/pdf/10.1007/s10886-026-01725-3.pdf,
10.1007/s11240-026-03493-0,Biotechnological production of secondary metabolites in Capparis spinosa L. thro,,ms-10-1007_s11240-026-03493-0.md,papers,TRUE,green,https://orbi.uliege.be/handle/2268/345577,
10.1007/s11676-026-02072-5,Advances in fire severity assessment in forest ecosystems: remote sensing metric,,ms-10-1007_s11676-026-02072-5.md,papers,TRUE,hybrid,https://link.springer.com/content/pdf/10.1007/s11676-026-02072-5.pdf,
10.1007/s11676-026-02078-z,Enzymatic hydrolysis of sugar beet pulp: bridging industrial waste valorization ,,ms-10-1007_s11676-026-02078-z.md,papers,TRUE,hybrid,https://link.springer.com/content/pdf/10.1007/s11676-026-02078-z.pdf,
10.1007/s12042-026-09478-9,Stem Water Storage Dynamics in Amazonian Palms and Dicotyledonous Trees,,ms-10-1007_s12042-026-09478-9.md,papers,TRUE,hybrid,https://link.springer.com/content/pdf/10.1007/s12042-026-09478-9.pdf,
10.1007/s12369-026-01401-2,Guidelines for Emotion Recognition in Robot-Supported Interventions in Autism,,ms-10-1007_s12369-026-01401-2.md,papers,TRUE,hybrid,https://link.springer.com/content/pdf/10.1007/s12369-026-01401-2.pdf,
10.1007/s12672-026-05298-1,Status and trends in glioblastoma lipid metabolism research: a bibliometric anal,,ms-10-1007_s12672-026-05298-1.md,papers,TRUE,gold,https://doi.org/10.1007/s12672-026-05298-1,
10.1007/s40572-026-00543-9,Encoding Justice with Data: Environmental Justice Screening Tools and the Limits,,ms-10-1007_s40572-026-00543-9.md,papers,TRUE,hybrid,https://link.springer.com/content/pdf/10.1007/s40572-026-00543-9.pdf,
10.1007/s44200-026-00109-y,What do Healthcare Professionals Think About Vascular Ageing and Why it is Not M,,ms-10-1007_s44200-026-00109-y.md,papers,TRUE,gold,https://link.springer.com/content/pdf/10.1007/s44200-026-00109-y.pdf,
10.1007/s44281-026-00106-w,Metabolic and transcriptional reprogramming during cavity formation and gum accu,,ms-10-1007_s44281-026-00106-w.md,papers,TRUE,diamond,https://link.springer.com/content/pdf/10.1007/s44281-026-00106-w.pdf,
10.1016/j.acthis.2026.152348,Developmental stage-specific localization of CK1α protein in the mouse ovary,,ms-10-1016_j-acthis-2026-152348.md,papers,TRUE,hybrid,https://doi.org/10.1016/j.acthis.2026.152348,
10.1016/j.adna.2026.03.003,Composite materials for interfacial engineering of organic solar cells,,ms-10-1016_j-adna-2026-03-003.md,papers,TRUE,hybrid,https://doi.org/10.1016/j.adna.2026.03.003,
10.1016/j.agee.2026.110475,Spatial scale dependence of plant functional diversity and its response to land-,,ms-10-1016_j-agee-2026-110475.md,papers,TRUE,hybrid,https://doi.org/10.1016/j.agee.2026.110475,
10.1016/j.apcatb.2026.127003,Entropy-engineered 2D layered double hydroxides as efficient single-component vi,,ms-10-1016_j-apcatb-2026-127003.md,papers,TRUE,hybrid,https://doi.org/10.1016/j.apcatb.2026.127003,
10.1016/j.bioactmat.2026.02.013,Intelligent plant exosomes synergize miRNAs and cisplatin for spatiotemporally p,,ms-10-1016_j-bioactmat-2026-02-013.md,papers,TRUE,gold,https://doi.org/10.1016/j.bioactmat.2026.02.013,
10.1016/j.biortech.2026.134965,Simulation of a pyrolysis plant for tropical agricultural residues: biochar yiel,,ms-10-1016_j-biortech-2026-134965.md,papers,TRUE,hybrid,https://doi.org/10.1016/j.biortech.2026.134965,
10.1016/j.bse.2026.105283,Chemical profile of the essential oil from leaves and fruit of Croton blanchetia,,ms-10-1016_j-bse-2026-105283.md,papers,TRUE,hybrid,https://doi.org/10.1016/j.bse.2026.105283,
10.1016/j.ces.2026.124171,Multi-objective optimization of fluidized bed hydrodynamics via spatial modulati,,ms-10-1016_j-ces-2026-124171.md,papers,TRUE,hybrid,https://doi.org/10.1016/j.ces.2026.124171,
10.1016/j.cnt.2026.100028,Construction of K-doped g-C3N4-based heterojunctions for efficient light-driven ,,ms-10-1016_j-cnt-2026-100028.md,papers,TRUE,hybrid,https://doi.org/10.1016/j.cnt.2026.100028,
10.1016/j.dsvis.2025.100002,Spatial semantic information model (SSIM): A review for a multi-dimensional data,,ms-10-1016_j-dsvis-2025-100002.md,papers,TRUE,hybrid,https://doi.org/10.1016/j.dsvis.2025.100002,
10.1016/j.epsr.2026.113149,A novel multi-source spatial-temporal forecasting network for power prediction o,,ms-10-1016_j-epsr-2026-113149.md,papers,TRUE,hybrid,https://doi.org/10.1016/j.epsr.2026.113149,
10.1016/j.eswa.2026.132839,Spatial -aware efficient projector for MLLMs via multi-layer feature aggregation,,ms-10-1016_j-eswa-2026-132839.md,papers,TRUE,green,https://arxiv.org/pdf/2410.10319,
10.1016/j.fm.2026.105151,Microbial succession and spoilage dynamics revealed by multi-omics in Norway lob,,ms-10-1016_j-fm-2026-105151.md,papers,TRUE,hybrid,https://doi.org/10.1016/j.fm.2026.105151,
10.1016/j.fm.2026.105163,Cross-feeding and stress response are the basis of increased fruitiness and leav,,ms-10-1016_j-fm-2026-105163.md,papers,TRUE,hybrid,https://doi.org/10.1016/j.fm.2026.105163,
10.1016/j.foreco.2026.123848,Shrub facilitation shapes the natural regeneration of Quercus petraea (Matt.) Li,,ms-10-1016_j-foreco-2026-123848.md,papers,TRUE,green,https://uvadoc.uva.es/handle/10324/84428,
10.1016/j.fuel.2026.139671,Stability and catalytic performance of Single-Atom catalysts supported on BN-ixe,,ms-10-1016_j-fuel-2026-139671.md,papers,TRUE,hybrid,https://doi.org/10.1016/j.fuel.2026.139671,
10.1016/j.isci.2026.115885,Unbiased CRISPR synthetic lethal screening for genetic vulnerabilities in a succ,,ms-10-1016_j-isci-2026-115885.md,papers,TRUE,green,https://pmc.ncbi.nlm.nih.gov/articles/PMC13194163/,
10.1016/j.jep.2026.121856,Integrated multi-omics analysis unveils biochemical mechanism of a triterpenoid-,,ms-10-1016_j-jep-2026-121856.md,papers,TRUE,green,https://doi.org/10.2139/ssrn.5402146,
10.1016/j.jia.2026.06.001,Unraveling the molecular and metabolic mechanisms of 6-benzylaminopurine-mediate,,ms-10-1016_j-jia-2026-06-001.md,papers,TRUE,gold,https://doi.org/10.1016/j.jia.2026.06.001,
10.1016/j.jpubeco.2026.105654,Rate of return regulation revisited,,ms-10-1016_j-jpubeco-2026-105654.md,papers,TRUE,hybrid,https://doi.org/10.1016/j.jpubeco.2026.105654,
10.1016/j.jshs.2025.101098,Human development and gender inequality are associated with cardiorespiratory fi,,ms-10-1016_j-jshs-2025-101098.md,papers,TRUE,diamond,https://doi.org/10.1016/j.jshs.2025.101098,
10.1016/j.jshs.2025.101099,Associations of accelerometer-measured light-intensity physical activity with mo,,ms-10-1016_j-jshs-2025-101099.md,papers,TRUE,diamond,https://doi.org/10.1016/j.jshs.2025.101099,
10.1016/j.micres.2026.128562,Mutualistic interaction between Herbaspirillum seropedicae and Trichoderma longi,,ms-10-1016_j-micres-2026-128562.md,papers,TRUE,hybrid,https://doi.org/10.1016/j.micres.2026.128562,
10.1016/j.ncrops.2025.100089,Establishment and optimization of CUT&amp;Tag for identifying transcription fact,,ms-10-1016_j-ncrops-2025-100089.md,papers,TRUE,hybrid,https://doi.org/10.1016/j.ncrops.2025.100089,
10.1016/j.optcom.2026.133388,Generation of high-OAM ultraviolet twisted light for RF-photoinjector applicatio,,ms-10-1016_j-optcom-2026-133388.md,papers,TRUE,green,https://arxiv.org/pdf/2512.08442,
10.1016/j.physd.2026.135232,Emergent spatiotemporal dynamics in large-scale brain networks with next generat,,ms-10-1016_j-physd-2026-135232.md,papers,TRUE,green,https://hdl.handle.net/2117/461894,
10.1016/j.plantsci.2026.113157,Effects of loss of CO<sub>2</sub>-Responsive CCT Protein interaction with 14-3-3,,ms-10-1016_j-plantsci-2026-113157.md,papers,TRUE,green,https://doi.org/10.2139/ssrn.5854965,
10.1016/j.plantsci.2026.113196,Predictive models for phenotyping and classification of wheat cultivar viability,,ms-10-1016_j-plantsci-2026-113196.md,papers,TRUE,hybrid,https://doi.org/10.1016/j.plantsci.2026.113196,
10.1016/j.plantsci.2026.113214,Physiological and agronomic responses of cucurbit crops to drought and combined ,,ms-10-1016_j-plantsci-2026-113214.md,papers,TRUE,hybrid,https://doi.org/10.1016/j.plantsci.2026.113214,
10.1016/j.plaphe.2026.100222,Multi-scale spatial-temporal remote sensing fusion for phenology identification ,,ms-10-1016_j-plaphe-2026-100222.md,papers,TRUE,gold,https://doi.org/10.1016/j.plaphe.2026.100222,
10.1016/j.supmat.2025.100121,Light-triggered one-pot synthesis of covalent-supramolecular double network elas,,ms-10-1016_j-supmat-2025-100121.md,papers,TRUE,gold,https://doi.org/10.1016/j.supmat.2025.100121,
10.1016/j.supmat.2026.100139,Single-molecule studies reveal that the Ca2+ ions form maximum bridges with poly,,ms-10-1016_j-supmat-2026-100139.md,papers,TRUE,gold,https://doi.org/10.1016/j.supmat.2026.100139,
10.1016/j.synbio.2026.03.013,Systematic metabolic engineering of Escherichia coli for high-level production o,,ms-10-1016_j-synbio-2026-03-013.md,papers,TRUE,gold,https://doi.org/10.1016/j.synbio.2026.03.013,
10.1016/j.synbio.2026.03.017,Synergistic engineering of monoterpenoid synthase and metabolic pathways to enha,,ms-10-1016_j-synbio-2026-03-017.md,papers,TRUE,gold,https://doi.org/10.1016/j.synbio.2026.03.017,
10.1016/j.synbio.2026.04.002,Functional characterization of four glycosyltransferases for biosynthesis of ste,,ms-10-1016_j-synbio-2026-04-002.md,papers,TRUE,gold,https://doi.org/10.1016/j.synbio.2026.04.002,
10.1016/j.synbio.2026.04.023,Unconditional de novo generation and functional validation of synthetic promoter,,ms-10-1016_j-synbio-2026-04-023.md,papers,TRUE,gold,https://doi.org/10.1016/j.synbio.2026.04.023,
10.1016/j.synbio.2026.04.031,The acetylation mechanism and engineering strategy of isocitrate lyase for optim,,ms-10-1016_j-synbio-2026-04-031.md,papers,TRUE,gold,https://doi.org/10.1016/j.synbio.2026.04.031,
10.1016/j.synbio.2026.04.038,Enhanced production of l-histidine in Escherichia coli through systematic metabo,,ms-10-1016_j-synbio-2026-04-038.md,papers,TRUE,gold,https://doi.org/10.1016/j.synbio.2026.04.038,
10.1016/j.tbs.2026.101299,From anxiety to advantage: a multi-year longitudinal evidence of behavioral and ,,ms-10-1016_j-tbs-2026-101299.md,papers,TRUE,hybrid,https://doi.org/10.1016/j.tbs.2026.101299,
10.1016/j.watbs.2025.100529,Temporal hedonic regulation of feeding behavior in rainbow trout: a role for the,,ms-10-1016_j-watbs-2025-100529.md,papers,TRUE,gold,https://doi.org/10.1016/j.watbs.2025.100529,
10.1021/jacsau.6c00381,<i>cis</i> -Selective Direct Halocyclopropanation of Alkenes Mediated by Nucleop,,ms-10-1021_jacsau-6c00381.md,papers,TRUE,gold,https://pubs.acs.org/doi/pdf/10.1021/jacsau.6c00381?ref=article_openPDF,
10.1038/s41392-026-02584-w,Regulatory T cells in cancer and inflammation,,ms-10-1038_s41392-026-02584-w.md,papers,TRUE,gold,https://www.nature.com/articles/s41392-026-02584-w.pdf,
10.1038/s41413-026-00548-y,Exploring mitochondrial functions and dysfunctions in chondrocytes: toward the i,,ms-10-1038_s41413-026-00548-y.md,papers,TRUE,gold,https://www.nature.com/articles/s41413-026-00548-y.pdf,
10.1038/s41419-026-08919-3,EZH2 deficiency suppresses colorectal cancer progression by inhibiting the misma,,ms-10-1038_s41419-026-08919-3.md,papers,TRUE,gold,https://doi.org/10.1038/s41419-026-08919-3,
10.1038/s41423-026-01435-6,Integrating host-microbiota metabolic networks: how aromatic amino acids shape i,,ms-10-1038_s41423-026-01435-6.md,papers,TRUE,hybrid,https://www.nature.com/articles/s41423-026-01435-6.pdf,
10.1038/s41467-026-73766-x,Fmp30p is a mitochondrial phosphatidylinositol hydrolase that modulates CoQ bios,,ms-10-1038_s41467-026-73766-x.md,papers,TRUE,gold,https://www.nature.com/articles/s41467-026-73766-x_reference.pdf,
10.1038/s41467-026-73885-5,Improving protein and protein interactions using pseudo-dimers derived from mono,,ms-10-1038_s41467-026-73885-5.md,papers,TRUE,gold,https://www.nature.com/articles/s41467-026-73885-5_reference.pdf,
10.1038/s41565-026-02180-7,Intracellular neuronal recordings across DNA tiles,,ms-10-1038_s41565-026-02180-7.md,papers,TRUE,hybrid,https://www.nature.com/articles/s41565-026-02180-7.pdf,
10.1038/s41598-026-54083-1,Stable state of hepatocyte chromatin during hepatitis B virus infection,,ms-10-1038_s41598-026-54083-1.md,papers,TRUE,gold,https://doi.org/10.1038/s41598-026-54083-1,
10.1038/s41598-026-54322-5,"Influence of rootstock and scion‒rootstock interactions on the growth, yield and",,ms-10-1038_s41598-026-54322-5.md,papers,TRUE,gold,https://www.nature.com/articles/s41598-026-54322-5_reference.pdf,
10.1038/s41598-026-54792-7,Staphylococcus aureus derived extracellular vesicles modulate osteoblast-like ce,,ms-10-1038_s41598-026-54792-7.md,papers,TRUE,gold,https://www.nature.com/articles/s41598-026-54792-7_reference.pdf,
10.1038/s43247-026-03600-1,Macroalgal and seagrass species generate variable amounts of recalcitrant dissol,,ms-10-1038_s43247-026-03600-1.md,papers,TRUE,gold,https://www.nature.com/articles/s43247-026-03600-1.pdf,
10.1038/s43247-026-03668-9,Coordinated volatile isoprenoid production and leaf turnover strategy protect ce,,ms-10-1038_s43247-026-03668-9.md,papers,TRUE,gold,https://www.nature.com/articles/s43247-026-03668-9.pdf,
10.1073/pnas.2522063123,Growth under pressure: The pros and cons of polyploidy induced by stress,,ms-10-1073_pnas-2522063123.md,papers,TRUE,hybrid,https://www.pnas.org/doi/pdf/10.1073/pnas.2522063123,
10.1093/femsyr/foag024,Overexpression of the MAPK Transcription Factor Gene <i>MSS11</i> Enhances Ethan,,ms-10-1093_femsyr_foag024.md,papers,TRUE,gold,https://doi.org/10.1093/femsyr/foag024,
10.1099/ijsem.0.007187,"Legionella stuttgartensis sp. nov. and Legionella nigrisilvae sp. nov., two new ",,ms-10-1099_ijsem-0-007187.md,papers,TRUE,hybrid,https://doi.org/10.1099/ijsem.0.007187,
10.1108/qmr-10-2025-0223,Buyer–seller relationships in live shopping marketplaces,,ms-10-1108_qmr-10-2025-0223.md,papers,TRUE,hybrid,https://www.emerald.com/qmr/article-pdf/doi/10.1108/QMR-10-2025-0223/11654066/qmr-10-2025-0223en.pdf,
10.1111/jipb.70300,A CLE–RLK–LBD signaling module promotes <i>de novo</i> shoot regeneration in pla,,ms-10-1111_jipb-70300.md,papers,TRUE,green,https://durham-repository.worktribe.com/5453895/1/Accepted%20Journal%20Article,
10.1128/msphere.00021-26,The bromodomain protein Bdf3 is sufficient to activate expression of a procyclin,,ms-10-1128_msphere-00021-26.md,papers,TRUE,gold,https://journals.asm.org/doi/pdf/10.1128/msphere.00021-26?download=true,
10.1158/0008-5472.32530494,Supplementary Figure 4 from The Hippo Pathway Is Dysregulated in Cancer-Associat,,ms-10-1158_0008-5472-32530494.md,papers,TRUE,gold,https://doi.org/10.1158/0008-5472.32530494,
10.1158/2159-8290.32530725,Supplementary Tables S1-S18 from Single-Cell Spatial Atlas of High-Grade Serous ,,ms-10-1158_2159-8290-32530725.md,papers,TRUE,gold,https://doi.org/10.1158/2159-8290.32530725,
10.1158/2159-8290.c.8509389,Data from A Tumor-Promoting Inflammatory &lt;i&gt;SPP1&lt;/i&gt;&lt;sup&gt;+&lt;,,ms-10-1158_2159-8290-c-8509389.md,papers,TRUE,gold,https://doi.org/10.1158/2159-8290.c.8509389,
10.1172/jci191508,Multimodal analysis of cell-free DNA identifies epigenetic biomarkers for amyotr,,ms-10-1172_jci191508.md,papers,TRUE,gold,http://www.jci.org/articles/view/191508/files/pdf,
10.1186/s12870-026-09091-8,"Species-specific, accession-specific, and common responses of foliar phytohormon",,ms-10-1186_s12870-026-09091-8.md,papers,TRUE,gold,https://link.springer.com/content/pdf/10.1186/s12870-026-09091-8.pdf,
10.1186/s12943-026-02703-9,MiR-494-5p suppresses colorectal cancer metastasis by multi-level targeting of K,,ms-10-1186_s12943-026-02703-9.md,papers,TRUE,gold,https://doi.org/10.1186/s12943-026-02703-9,
10.1186/s13048-026-02150-6,Ferroptosis and chemotherapy resistance in ovarian cancer: molecular mechanisms ,,ms-10-1186_s13048-026-02150-6.md,papers,TRUE,gold,https://doi.org/10.1186/s13048-026-02150-6,
10.1186/s42397-026-00265-1,Epigenetic insights into cottonseed oil biosynthesis: strategies for crop enhanc,,ms-10-1186_s42397-026-00265-1.md,papers,TRUE,diamond,https://link.springer.com/content/pdf/10.1186/s42397-026-00265-1.pdf,
10.1186/s43556-026-00486-5,Metabolic dysfunction-associated steatotic liver disease: pathogenesis and novel,,ms-10-1186_s43556-026-00486-5.md,papers,TRUE,diamond,https://link.springer.com/content/pdf/10.1186/s43556-026-00486-5.pdf,
10.12911/22998993/218291,Nitrogen inhibitors as a tool for improving soil nitrogen retention and maize yi,,ms-10-12911_22998993_218291.md,papers,TRUE,gold,https://www.jeeng.net/pdf-218291-140489?filename=Nitrogen-inhibitors-as-a-.pdf,
10.12912/27197050/221824,Quantifying aboveground carbon at risk and composite vulnerability in semi-arid ,,ms-10-12912_27197050_221824.md,papers,TRUE,hybrid,https://www.ecoeet.com/pdf-221824-140320?filename=Quantifying-aboveground-c.pdf,
10.1302/2046-3758.156.bjr-2025-0474.r1,"The transcriptional atlas, intercellular communication, and metabolic reprogramm",,ms-10-1302_2046-3758-156-bjr-2025-0474-r1.md,papers,TRUE,gold,https://doi.org/10.1302/2046-3758.156.bjr-2025-0474.r1,
10.1371/journal.pone.0338168,Comprehensive metabolomic characterization of defense reprogramming in Castanea ,,ms-10-1371_journal-pone-0338168.md,papers,TRUE,gold,https://doi.org/10.1371/journal.pone.0338168,
10.1371/journal.pone.0350638,"Integrating network toxicology, machine learning, and single-cell sequencing to ",,ms-10-1371_journal-pone-0350638.md,papers,TRUE,gold,https://doi.org/10.1371/journal.pone.0350638,
10.14288/1.0451800,"Biological age is a concept, not a construct : assessments of healthy aging usin",,ms-10-14288_1-0451800.md,papers,TRUE,green,http://hdl.handle.net/2429/93911,
10.14288/1.0451935,Novel gene discovery in the salicylic acid biosynthesis pathway in Nicotiana ben,,ms-10-14288_1-0451935.md,papers,TRUE,green,http://hdl.handle.net/2429/94080,
10.14288/1.0452540,Spatially resolved proteomic profiling of recurrent triple-negative breast cance,,ms-10-14288_1-0452540.md,papers,TRUE,green,https://doi.org/10.14288/1.0452540,
10.1504/ijesdf.2027.10070133,Enhancing fake news detection using light gradient boosting machine and term fre,,ms-10-1504_ijesdf-2027-10070133.md,papers,TRUE,hybrid,https://doi.org/10.1504/ijesdf.2027.10070133,
10.15190/d.2026.8,Unrevealing the Epigenetic Landscape: SOX-2 and OCT-4 methylation in acute myelo,,ms-10-15190_d-2026-8.md,papers,TRUE,diamond,https://doi.org/10.15190/d.2026.8,
10.15302/j-fase-2027718,Sustainable forage-grain ratoon rice production: interactions between planting d,,ms-10-15302_j-fase-2027718.md,papers,TRUE,hybrid,https://journal.hep.com.cn/fase/EN/PDF/10.15302/J-FASE-2027718,
10.1530/erc-25-0529,Molecular determinants of AR-enhancer interaction and cistrome reprogramming in ,,ms-10-1530_erc-25-0529.md,papers,TRUE,hybrid,https://erc.bioscientifica.com/downloadpdf/view/journals/erc/aop/ERC-25-0529/ERC-25-0529.pdf,
10.15517/wfnx9b94,Altitudinal distribution of epigeous ants (Hymenoptera: Formicidae) along the sl,,ms-10-15517_wfnx9b94.md,papers,TRUE,diamond,https://revistas.ucr.ac.cr/index.php/rrbt/article/download/278/11705,
10.15575/biodjati.v11i1.53999,Effect of PGRs and Immersion Time on the Growth of Green Jordan Fig Cuttings (Fi,,ms-10-15575_biodjati-v11i1-53999.md,papers,TRUE,gold,https://journal.uinsgd.ac.id/index.php/biodjati/article/download/53999/16507,
10.1595/205651327x17703026459384,Lanthanide Tantalum Perovskite Oxynitrides for Photocatalytic Water Splitting: E,,ms-10-1595_205651327x17703026459384.md,papers,TRUE,diamond,https://doi.org/10.1595/205651327x17703026459384,
10.17129/botsci.3804,In vitro induction of microrhizomes and microtubers as a propagation strategy fo,,ms-10-17129_botsci-3804.md,papers,TRUE,gold,https://www.botanicalsciences.com.mx/index.php/botanicalSciences/article/download/3804/5665,
10.17474/artvinofd.1932665,Doğal Yaşlı Kızılçam Meşceresinde Kontrollü Yakmaların Ağaçların Hayatta Kalma O,,ms-10-17474_artvinofd-1932665.md,papers,TRUE,diamond,https://dergipark.org.tr/tr/download/article-file/5924108,
10.17613/sb76m-v2e23,From Embedded Finance to Embedded Obligation: A Law-and-Economics Theory of Cons,,ms-10-17613_sb76m-v2e23.md,papers,TRUE,green,https://doi.org/10.17613/sb76m-v2e23,
10.17638/03195029,Dynamic Mitochondrial Protein Succinylation Induced by Nutritional Intervention ,,ms-10-17638_03195029.md,papers,TRUE,green,https://doi.org/10.17638/03195029,
10.17638/03195330,From Sparse to Dense: Label-Efficient Weakly Supervised Segmentation for Images ,,ms-10-17638_03195330.md,papers,TRUE,green,https://doi.org/10.17638/03195330,
10.18282/po5678,Nutrigenetic modulators of COMT and MAO pathways: relevance of green tea and cur,,ms-10-18282_po5678.md,papers,TRUE,hybrid,https://doi.org/10.18282/po5678,
10.18290/rpsych.2017.20.4-3en,Grandparental social support and communication with peers as predictores of resi,,ms-10-18290_rpsych-2017-20-4-3en.md,papers,TRUE,diamond,http://czasopisma.tnkul.pl/index.php/rpsych/article/download/9752/9811,
10.20517/2394-5079.2026.15,Incretin-based therapies: a new era in metabolic liver disease management,,ms-10-20517_2394-5079-2026-15.md,papers,TRUE,diamond,https://f.oaes.cc/xmlpdf/published/article/55f0e7ddab565697b77ddcdd2d9625c8/hr12015.pdf,
10.20892/j.issn.2095-3941.2026.0102,Toward the precision use of Chinese PARP inhibitors in ovarian cancer: clinical ,,ms-10-20892_j-issn-2095-3941-2026-0102.md,papers,TRUE,gold,https://www.cancerbiomed.org/content/cbm/early/2026/06/01/j.issn.2095-3941.2026.0102.full.pdf,
10.2139/ssrn.2389355,Not Only are Protectionist Measures Harmful for Economic Development but the Rec,,ms-10-2139_ssrn-2389355.md,papers,TRUE,green,http://doi.org/10.2139/ssrn.2389355,
10.21597/jist.1704888,Antimicrobial Activity of Microorganisms Isolated from Probiotic Products and Pr,,ms-10-21597_jist-1704888.md,papers,TRUE,diamond,https://dergipark.org.tr/en/download/article-file/4895427,
10.21597/jist.1746285,Changes in the Antioxidant Enzyme Activities and Physiological Responses of Sea ,,ms-10-21597_jist-1746285.md,papers,TRUE,diamond,https://dergipark.org.tr/en/download/article-file/5070840,
10.21597/jist.1781471,"Avokado Kabuğu Tozu ile Zenginleştirilmiş Bisküvilerin Besinsel, Teknolojik ve D",,ms-10-21597_jist-1781471.md,papers,TRUE,diamond,https://dergipark.org.tr/tr/download/article-file/5230228,
10.21606/drs.2026.1724,Frame excavation: Revealing and critiquing existing problem frames to improve mi,,ms-10-21606_drs-2026-1724.md,papers,TRUE,hybrid,https://dl.designresearchsociety.org/cgi/viewcontent.cgi?article=3965&context=drs-conference-papers,
10.21606/drs.2026.1993,Re-voicing Identity: Care Ethics and the Politics of Unsilencing After Total Lar,,ms-10-21606_drs-2026-1993.md,papers,TRUE,hybrid,https://dl.designresearchsociety.org/cgi/viewcontent.cgi?article=4046&context=drs-conference-papers,
10.21608/eajbsf.2017.145562,Efficac of Some Plant Extracts on Lucilia Sericata (Meigen) (Diptera: Calliphori,,ms-10-21608_eajbsf-2017-145562.md,papers,TRUE,gold,https://doi.org/10.21608/eajbsf.2017.145562,
10.22146/veg.111489,Optimasi Asam Humat Gambut dan Dosis Pemupukan untuk Peningkatan Produktivitas B,,ms-10-22146_veg-111489.md,papers,TRUE,hybrid,https://journal.ugm.ac.id/jbp/article/download/111489/44239,
10.22179/revmacn.20.479,Germinability and antioxidant metabolism in Passiflora caerulea L. seeds exposed,,ms-10-22179_revmacn-20-479.md,papers,TRUE,diamond,http://revista.macn.gob.ar/ojs/index.php/RevMus/article/download/563/479,
10.22194/jgias/26.1817,Marker-Assisted Pyramiding of Multiple Disease Resistance Genes in Market-Class ,,ms-10-22194_jgias_26-1817.md,papers,TRUE,gold,https://doi.org/10.22194/jgias/26.1817,
10.23880/cclsj-16000132,Water Lily or Camelotte Sign in Pulmonary Hydatid Cyst – An Orphan Disease,,ms-10-23880_cclsj-16000132.md,papers,TRUE,diamond,https://doi.org/10.23880/cclsj-16000132,
10.2478/johr-2026-0009,Optimization of the D-Cryoplate Technique for Cryopreservation of <i>Cannabis sa,,ms-10-2478_johr-2026-0009.md,papers,TRUE,gold,https://reference-global.com/download/article/10.2478/johr-2026-0009.pdf,
10.24919/2308-4634.2026.354077,THE IMPLEMENTATION OF MOCK-UP MAKING AND SHAPING METHODS WITHIN ARTISTIC MODELLI,,ms-10-24919_2308-4634-2026-354077.md,papers,TRUE,diamond,https://mir.dspu.edu.ua/article/download/354077/348158,
10.25258/ijddt.16.35s.18,Integrated Use of Inorganic Nutrients and Biofertilizers to Reduce Nilaparvata l,,ms-10-25258_ijddt-16-35s-18.md,papers,TRUE,bronze,https://doi.org/10.25258/ijddt.16.35s.18,
10.25258/ijddt.16.41s.119,Precision Breast Cancer Therapy: AI and MLdriven Computational and Nanotechnolog,,ms-10-25258_ijddt-16-41s-119.md,papers,TRUE,hybrid,https://doi.org/10.25258/ijddt.16.41s.119,
10.25258/ijddt.16.42s.40,"Tongue Prints: Forensic Significance, Classification, And Biometric Applications",,ms-10-25258_ijddt-16-42s-40.md,papers,TRUE,bronze,https://doi.org/10.25258/ijddt.16.42s.40,
10.25258/ijddt.16.43s.133,Anti-diabetic Potential of Andrographis Paniculata (Kalmegh): A Comprehensive Re,,ms-10-25258_ijddt-16-43s-133.md,papers,TRUE,bronze,https://doi.org/10.25258/ijddt.16.43s.133,
10.25258/ijddt.16.43s.36,Green Synthesis of Cerium Oxide Nanoparticles Using Sargassum wightii (Brown alg,,ms-10-25258_ijddt-16-43s-36.md,papers,TRUE,bronze,https://doi.org/10.25258/ijddt.16.43s.36,
10.25258/ijddt.16.43s.37,The Sustainability of Higher Education Transformation in Post-COVID-19 Pandemic:,,ms-10-25258_ijddt-16-43s-37.md,papers,TRUE,bronze,https://doi.org/10.25258/ijddt.16.43s.37,
10.25258/ijddt.16.43s.45,Efficacy of Novel Non-Steroidal Mineralocorticoid Receptor Antagonists in Patien,,ms-10-25258_ijddt-16-43s-45.md,papers,TRUE,bronze,https://doi.org/10.25258/ijddt.16.43s.45,
10.25258/ijddt.16.44s.15,Repurposing Existing Drugs For Dual Treatment of Alzheimer'S Disease and Type 2 ,,ms-10-25258_ijddt-16-44s-15.md,papers,TRUE,bronze,https://doi.org/10.25258/ijddt.16.44s.15,
10.26599/fshw.2026.9251125,Unraveling the Key Pathways through Cordycepin Prolongs Lifespan in <em>C. elega,,ms-10-26599_fshw-2026-9251125.md,papers,TRUE,diamond,https://www.sciopen.com/local/article_pdf/10.26599/FSHW.2026.9251125.pdf,
10.26599/fshw.2026.9251131,Mechanism study on the intervention of type 2 diabetes mellitus by whole bitter ,,ms-10-26599_fshw-2026-9251131.md,papers,TRUE,diamond,https://www.sciopen.com/local/article_pdf/10.26599/FSHW.2026.9251131.pdf,
10.29133/yyutbd.1804815,Efficient in vitro Micropropagation of Hemp (Cannabis sativa) genotype,,ms-10-29133_yyutbd-1804815.md,papers,TRUE,diamond,https://dergipark.org.tr/en/download/article-file/5335459,
10.29267/mxjb.2026.11.2.1-47,Hongos entomopatógenos: mecanismos de colonización endófita en plantas y roles f,,ms-10-29267_mxjb-2026-11-2-1-47.md,papers,TRUE,hybrid,https://socibiotech.com/journals/mexjbiotechnol/article/download/340/325,
10.31108/1.2026.12.2.3,STRESS RESILIENCE AS AN INTEGRAL CHARACTERISTIC AND ITS PROTECTIVE FUNCTION IN T,,ms-10-31108_1-2026-12-2-3.md,papers,TRUE,diamond,https://doi.org/10.31108/1.2026.12.2.3,
10.3168/jds.2025-27965,Effects of different milk allowances on the behavior and liveweight of Holstein-,,ms-10-3168_jds-2025-27965.md,papers,TRUE,gold,https://www.journalofdairyscience.org/article/S0022-0302(26)02879-1/pdf,
10.32598/jaehr.9.4.1226,A Simplified Approach to Evaluate Retinal Blue Light Hazard Using the Correlated,,ms-10-32598_jaehr-9-4-1226.md,papers,TRUE,diamond,http://jaehr.muk.ac.ir/article_140441_920e43b51a0af37d99f45983138a3a78.pdf,
10.32598/jaehr.9.4.1232,"Effect of Drought Stress, Soil Salinity, P. indica, and MWCNs on Biodegradation ",,ms-10-32598_jaehr-9-4-1232.md,papers,TRUE,diamond,http://jaehr.muk.ac.ir/article_137560_5298cacf683fba28f1d3fca06aa2e13d.pdf,
10.32598/jpcp.14.1.1081.1,Effectiveness of CBT and SFBT on Cognitive Avoidance and Perceived Stress in Ado,,ms-10-32598_jpcp-14-1-1081-1.md,papers,TRUE,diamond,http://jpcp.uswr.ac.ir/files/site1/user_files_261192/shahbazi-A-10-1081-1-629776f.pdf,
10.32628/ijsrst26133165,Response of Robusta Coffee (Coffea canephora Pierre ex A. Froehner) Seedlings to,,ms-10-32628_ijsrst26133165.md,papers,TRUE,diamond,https://ijsrst.com/home/article/download/IJSRST26133165/IJSRST26133165,
10.32687/1561-5936-2026-30-1-92-95,Psychological resilience and stress factors among nurses and paramedics of the e,,ms-10-32687_1561-5936-2026-30-1-92-95.md,papers,TRUE,hybrid,https://remedium-journal.ru/journal/article/download/1870/5236,
10.32725/jab.2026.007,Emerging biomedical and pharmaceutical strategies for the treatment of atheroscl,,ms-10-32725_jab-2026-007.md,papers,TRUE,gold,http://jab.zsf.jcu.cz/doi/10.32725/jab.2026.007.pdf,
10.33545/26174693.2026.v10.i6sa.8547,Eco-friendly management of blast in pearl millet,,ms-10-33545_26174693-2026-v10-i6sa-8547.md,papers,TRUE,diamond,https://www.biochemjournal.com/archives/2026/vol10issue6S/PartA/S-10-5-86-717.pdf,
10.33865/wjb.002.02.0086,"EFFECT OF FERTILIZER FACTORY WASTES ON SEED GERMINATION, PLANT GROWTH AND ROOT-K",,ms-10-33865_wjb-002-02-0086.md,papers,TRUE,diamond,https://sciplatform.com/index.php/wjb/article/download/86/PDF,
10.33899/magrj.2022.133497.1169,EFFECT OF SPRAYING WITH SALICYLIC ACID AND CALCIUM CHLORIDE ON THE YIELD CHARACT,,ms-10-33899_magrj-2022-133497-1169.md,papers,TRUE,gold,https://magrj.mosuljournals.com/article_175375_b00ef87fd433056b3dc156828edeedcb.pdf,
10.3389/fbinf.2026.1816121,Transcriptome-informed metabolic modeling reveals astrocyte-specific vulnerabili,,ms-10-3389_fbinf-2026-1816121.md,papers,TRUE,gold,https://www.frontiersin.org/journals/bioinformatics/articles/10.3389/fbinf.2026.1816121/pdf,
10.3389/fbioe.2026.1726739,SBR operational strategies for directing mixed microbial cultures toward levulin,,ms-10-3389_fbioe-2026-1726739.md,papers,TRUE,gold,https://www.frontiersin.org/journals/bioengineering-and-biotechnology/articles/10.3389/fbioe.2026.1726739/pdf,
10.3389/fcell.2026.1764812,Deciphering the cellular landscape and genetic underpinnings of fiber diameter d,,ms-10-3389_fcell-2026-1764812.md,papers,TRUE,gold,https://www.frontiersin.org/journals/cell-and-developmental-biology/articles/10.3389/fcell.2026.1764812/pdf,
10.3389/fcell.2026.1803566,"Double jeopardy: how BRCA2, TP53, and DNMT3A redefine the link between infertili",,ms-10-3389_fcell-2026-1803566.md,papers,TRUE,gold,https://doi.org/10.3389/fcell.2026.1803566,
10.3389/fcell.2026.1814812,Involvement of the pyroptosis–HMGB1 axis in systemic diseases,,ms-10-3389_fcell-2026-1814812.md,papers,TRUE,gold,https://www.frontiersin.org/journals/cell-and-developmental-biology/articles/10.3389/fcell.2026.1814812/pdf,
10.3389/fcell.2026.1872916,Editorial: Beyond energy production: exploring mitochondrial dynamics and diseas,,ms-10-3389_fcell-2026-1872916.md,papers,TRUE,gold,https://www.frontiersin.org/journals/cell-and-developmental-biology/articles/10.3389/fcell.2026.1872916/pdf,
10.3389/fcimb.2026.1784034,Association between oral microbiome alpha and beta diversity and MASLD risk: a l,,ms-10-3389_fcimb-2026-1784034.md,papers,TRUE,gold,https://www.frontiersin.org/journals/cellular-and-infection-microbiology/articles/10.3389/fcimb.2026.1784034/pdf,
10.3389/fcimb.2026.1794494,High-salt diet promotes atopic dermatitis by partially enhancing intestinal SGK1,,ms-10-3389_fcimb-2026-1794494.md,papers,TRUE,gold,https://www.frontiersin.org/journals/cellular-and-infection-microbiology/articles/10.3389/fcimb.2026.1794494/pdf,
10.3389/fclim.2026.1803685,Climate-driven shifts in soil microbiomes: implications for plant resilience in ,,ms-10-3389_fclim-2026-1803685.md,papers,TRUE,gold,https://www.frontiersin.org/journals/climate/articles/10.3389/fclim.2026.1803685/pdf,
10.3389/fcomm.2026.1830832,Algorithmic neogeneralism in streaming platforms: recommender systems and conten,,ms-10-3389_fcomm-2026-1830832.md,papers,TRUE,gold,https://www.frontiersin.org/journals/communication/articles/10.3389/fcomm.2026.1830832/pdf,
10.3389/fendo.2026.1777636,Baseline serum metabolites predict fractures in individuals who were Black and h,,ms-10-3389_fendo-2026-1777636.md,papers,TRUE,gold,https://www.frontiersin.org/journals/endocrinology/articles/10.3389/fendo.2026.1777636/pdf,
10.3389/fendo.2026.1838666,miR-30d-5p promotes beta cell recovery and immunomodulation in type 1 diabetes,,ms-10-3389_fendo-2026-1838666.md,papers,TRUE,gold,https://doi.org/10.3389/fendo.2026.1838666,
10.3389/fendo.2026.1843913,"Nonlinear association between serum insulin, visceral fat area, and kidney funct",,ms-10-3389_fendo-2026-1843913.md,papers,TRUE,gold,https://www.frontiersin.org/journals/endocrinology/articles/10.3389/fendo.2026.1843913/pdf,
10.3389/fimmu.2026.1724276,Inflammation-associated brain functional network topological disruption in femal,,ms-10-3389_fimmu-2026-1724276.md,papers,TRUE,gold,https://www.frontiersin.org/journals/immunology/articles/10.3389/fimmu.2026.1724276/pdf,
10.3389/fimmu.2026.1746043,"The SIRT1/STAT3 axis as a central regulator of immune, inflammatory, and lipid m",,ms-10-3389_fimmu-2026-1746043.md,papers,TRUE,gold,https://www.frontiersin.org/journals/immunology/articles/10.3389/fimmu.2026.1746043/pdf,
10.3389/fimmu.2026.1757924,An explainable prognostic prediction panel for sepsis based on serum amino acid ,,ms-10-3389_fimmu-2026-1757924.md,papers,TRUE,gold,https://www.frontiersin.org/journals/immunology/articles/10.3389/fimmu.2026.1757924/pdf,
10.3389/fimmu.2026.1779211,Recent advances in characterizing the immune microenvironment and biomarkers of ,,ms-10-3389_fimmu-2026-1779211.md,papers,TRUE,gold,https://www.frontiersin.org/journals/immunology/articles/10.3389/fimmu.2026.1779211/pdf,
10.3389/fimmu.2026.1818274,HPV-specific innovations and controversies in therapeutic strategies for HPV-ass,,ms-10-3389_fimmu-2026-1818274.md,papers,TRUE,gold,https://www.frontiersin.org/journals/immunology/articles/10.3389/fimmu.2026.1818274/pdf,
10.3389/fimmu.2026.1819987,Swimming ameliorates intervertebral disc degeneration accompanied by Rpl23a down,,ms-10-3389_fimmu-2026-1819987.md,papers,TRUE,gold,https://www.frontiersin.org/journals/immunology/articles/10.3389/fimmu.2026.1819987/pdf,
10.3389/fimmu.2026.1856481,Microglia-vascular interactions after spinal cord injury: regulatory mechanisms ,,ms-10-3389_fimmu-2026-1856481.md,papers,TRUE,gold,https://www.frontiersin.org/journals/immunology/articles/10.3389/fimmu.2026.1856481/pdf,
10.3389/fmars.2026.1816090,Integrating megafauna into blue carbon strategies: dugongs could enhance seagras,,ms-10-3389_fmars-2026-1816090.md,papers,TRUE,gold,https://www.frontiersin.org/journals/marine-science/articles/10.3389/fmars.2026.1816090/pdf,
10.3389/fmars.2026.1820254,Propagation of corals from the Arabian Gulf in a land-based nursery: effects of ,,ms-10-3389_fmars-2026-1820254.md,papers,TRUE,gold,https://www.frontiersin.org/journals/marine-science/articles/10.3389/fmars.2026.1820254/pdf,
10.3389/fmed.2026.1780566,Pyroptosis-immunity-microbiome axis in acute upper gastrointestinal bleeding: me,,ms-10-3389_fmed-2026-1780566.md,papers,TRUE,gold,https://www.frontiersin.org/journals/medicine/articles/10.3389/fmed.2026.1780566/pdf,
10.3389/fmed.2026.1783847,The association between poor glycemic control and PTSD in patients with diabetes,,ms-10-3389_fmed-2026-1783847.md,papers,TRUE,gold,https://www.frontiersin.org/journals/medicine/articles/10.3389/fmed.2026.1783847/pdf,
10.3389/fmicb.2026.1819523,Two novel species of genus Streptomyces isolated from eucalyptus tissues grown i,,ms-10-3389_fmicb-2026-1819523.md,papers,TRUE,gold,https://www.frontiersin.org/journals/microbiology/articles/10.3389/fmicb.2026.1819523/pdf,
10.3389/fmolb.2026.1795393,Integrative metabolomics and molecular networking reveal the progressive metabol,,ms-10-3389_fmolb-2026-1795393.md,papers,TRUE,gold,https://www.frontiersin.org/journals/molecular-biosciences/articles/10.3389/fmolb.2026.1795393/pdf,
10.3389/fonc.2026.1838256,Multidimensional exposure architecture shapes vaping-associated transcriptomic d,,ms-10-3389_fonc-2026-1838256.md,papers,TRUE,gold,https://www.frontiersin.org/journals/oncology/articles/10.3389/fonc.2026.1838256/pdf,
10.3389/fphar.2026.1746401,Allelopathic effects of four spontaneous plants from arid regions on the germina,,ms-10-3389_fphar-2026-1746401.md,papers,TRUE,gold,https://www.frontiersin.org/journals/pharmacology/articles/10.3389/fphar.2026.1746401/pdf,
10.3389/fphar.2026.1805965,"Establishing a direct interaction between the 19,20-EDP analog SA-22 and SIRT3: ",,ms-10-3389_fphar-2026-1805965.md,papers,TRUE,gold,https://www.frontiersin.org/journals/pharmacology/articles/10.3389/fphar.2026.1805965/pdf,
10.3389/fphys.2026.1811143,Sodium butyrate attenuates D-galactose-induced cellular senescence in WI-38 fibr,,ms-10-3389_fphys-2026-1811143.md,papers,TRUE,gold,https://www.frontiersin.org/journals/physiology/articles/10.3389/fphys.2026.1811143/pdf,
10.3389/fphys.2026.1820807,The functional effects of Calanus finmarchicus hydrolysate as a novel feed ingre,,ms-10-3389_fphys-2026-1820807.md,papers,TRUE,gold,https://www.frontiersin.org/journals/physiology/articles/10.3389/fphys.2026.1820807/pdf,
10.3389/fphys.2026.1828410,Circadian rhythms in glomerular filtration govern natriuresis and diuretic respo,,ms-10-3389_fphys-2026-1828410.md,papers,TRUE,gold,https://www.frontiersin.org/journals/physiology/articles/10.3389/fphys.2026.1828410/pdf,
10.3389/fpls.2026.1786650,Leaf gas films enhance metabolic responses to submergence in Cynodon dactylon,,ms-10-3389_fpls-2026-1786650.md,papers,TRUE,gold,https://www.frontiersin.org/journals/plant-science/articles/10.3389/fpls.2026.1786650/pdf,
10.3389/fpls.2026.1810324,Plant responses to cold stress: molecular and physiological adaptive mechanisms ,,ms-10-3389_fpls-2026-1810324.md,papers,TRUE,gold,https://www.frontiersin.org/journals/plant-science/articles/10.3389/fpls.2026.1810324/pdf,
10.3389/fpls.2026.1815183,Decoding plant volatile stress signals across scales: from molecular responses t,,ms-10-3389_fpls-2026-1815183.md,papers,TRUE,gold,https://www.frontiersin.org/journals/plant-science/articles/10.3389/fpls.2026.1815183/pdf,
10.3389/fpls.2026.1837848,Biostimulants and their role in increasing cereal crops’ resistance to drought s,,ms-10-3389_fpls-2026-1837848.md,papers,TRUE,gold,https://www.frontiersin.org/journals/plant-science/articles/10.3389/fpls.2026.1837848/pdf,
10.3389/fpls.2026.1845669,Integrating stress responses and secondary metabolism: the regulatory functions ,,ms-10-3389_fpls-2026-1845669.md,papers,TRUE,gold,https://www.frontiersin.org/journals/plant-science/articles/10.3389/fpls.2026.1845669/pdf,
10.3389/fpls.2026.1852363,A plastidic starch biosynthetic pathway defines columella-specific carbon metabo,,ms-10-3389_fpls-2026-1852363.md,papers,TRUE,gold,https://doi.org/10.3389/fpls.2026.1852363,
10.3389/fpubh.2026.1741504,Public health interventions to improve the mental health and mental health liter,,ms-10-3389_fpubh-2026-1741504.md,papers,TRUE,gold,https://www.frontiersin.org/journals/public-health/articles/10.3389/fpubh.2026.1741504/pdf,
10.3389/froh.2026.1795172,"Prevalence, predictors and severity of xerostomia in adult patients in general d",,ms-10-3389_froh-2026-1795172.md,papers,TRUE,gold,https://www.frontiersin.org/journals/oral-health/articles/10.3389/froh.2026.1795172/pdf,
10.3389/fsufs.2026.1771142,Improving agricultural production as a public health strategy in the United Stat,,ms-10-3389_fsufs-2026-1771142.md,papers,TRUE,gold,https://www.frontiersin.org/journals/sustainable-food-systems/articles/10.3389/fsufs.2026.1771142/pdf,
10.3389/fvets.2026.1788316,The therapeutic potential of atorvastatin in treatment of G. lamblia infected mi,,ms-10-3389_fvets-2026-1788316.md,papers,TRUE,gold,https://www.frontiersin.org/journals/veterinary-science/articles/10.3389/fvets.2026.1788316/pdf,
10.35759/janmplsci.v65-2.6,Caractérisation des élevages des petits ruminants et  pathologies associées dans,,ms-10-35759_janmplsci-v65-2-6.md,papers,TRUE,bronze,https://doi.org/10.35759/janmplsci.v65-2.6,
10.36103/ykkh6v73,USING PLANT TISSUE CULTURE TECHNIQUE TO EVALUATE FOUR GENOTYPES OF MAIZE TO SALI,,ms-10-36103_ykkh6v73.md,papers,TRUE,gold,https://jcoagri.uobaghdad.edu.iq/index.php/intro/article/download/2591/2638,
10.36899/japs.2026.2.0043,IDENTIFICATION OF THREATENED AND ENDEMIC ANGELICA GLAUCA: INSIGHT FROM DNA BARCO,,ms-10-36899_japs-2026-2-0043.md,papers,TRUE,hybrid,https://doi.org/10.36899/japs.2026.2.0043,
10.36899/japs.2026.2.0045,"GROWTH PERFORMANCE, TIBIAL BONE MORPHOMETRICS, COPPER AND ZINC STATUS IN ASEEL C",,ms-10-36899_japs-2026-2-0045.md,papers,TRUE,hybrid,https://doi.org/10.36899/japs.2026.2.0045,
10.37251/isej.v7i3.3071,Validity of a Digital Poster-Based Laboratory Guide on the Effect of Coconut Wat,,ms-10-37251_isej-v7i3-3071.md,papers,TRUE,hybrid,https://cahaya-ic.com/index.php/ISEJ/article/download/3071/1985,
10.37251/isej.v7i3.3256,Designing Biology Lab manuals Based on Local Resources to Enhance Critical Thing,,ms-10-37251_isej-v7i3-3256.md,papers,TRUE,hybrid,https://cahaya-ic.com/index.php/ISEJ/article/download/3256/1999,
10.37349/ei.2026.1003255,Epigenetic and metabolic reprogramming in autoimmune rheumatology: toward immune,,ms-10-37349_ei-2026-1003255.md,papers,TRUE,diamond,https://www.explorationpub.com//uploads/Article/A1003255/1003255.pdf,
10.3892/mmr.2026.13924,Beyond the primary site: Molecular insights and clinical implications of cancer ,,ms-10-3892_mmr-2026-13924.md,papers,TRUE,hybrid,http://www.spandidos-publications.com/10.3892/mmr.2026.13924/download,
10.3892/ol.2026.15676,Clinicopathological characterization of cervical squamous cell carcinoma with <i,,ms-10-3892_ol-2026-15676.md,papers,TRUE,diamond,http://www.spandidos-publications.com/10.3892/ol.2026.15676/download,
10.3998/sdi.3753,Title Pending 3753,,ms-10-3998_sdi-3753.md,papers,TRUE,diamond,http://dx.doi.org/10.3998/sdi.3753,
10.3998/tia.5821,Title Pending 5821,,ms-10-3998_tia-5821.md,papers,TRUE,diamond,https://journals.publishing.umich.edu/tia/article/id/5821/download/pdf/,
10.3998/tia.6951,Title Pending 6951,,ms-10-3998_tia-6951.md,papers,TRUE,diamond,https://doi.org/10.3998/tia.6951,
10.3998/tia.7151,Title Pending 7151,,ms-10-3998_tia-7151.md,papers,TRUE,diamond,https://doi.org/10.3998/tia.7151,
10.3998/tia.7246,Title Pending 7246,,ms-10-3998_tia-7246.md,papers,TRUE,diamond,https://doi.org/10.3998/tia.7246,
10.3998/tia.7813,Title Pending 7813,,ms-10-3998_tia-7813.md,papers,TRUE,diamond,https://doi.org/10.3998/tia.7813,
10.3998/tia.7983,Title Pending 7983,,ms-10-3998_tia-7983.md,papers,TRUE,diamond,https://doi.org/10.3998/tia.7983,
10.3998/tia.8087,Title Pending 8087,,ms-10-3998_tia-8087.md,papers,TRUE,diamond,https://doi.org/10.3998/tia.8087,
10.3998/tia.8172,Title Pending 8172,,ms-10-3998_tia-8172.md,papers,TRUE,diamond,https://doi.org/10.3998/tia.8172,
10.3998/tia.8661,Title Pending 8661,,ms-10-3998_tia-8661.md,papers,TRUE,diamond,https://doi.org/10.3998/tia.8661,
10.3998/tia.8888,Title Pending 8888,,ms-10-3998_tia-8888.md,papers,TRUE,diamond,https://doi.org/10.3998/tia.8888,
10.3998/tia.9011,Title Pending 9011,,ms-10-3998_tia-9011.md,papers,TRUE,diamond,https://doi.org/10.3998/tia.9011,
10.3998/tia.9281,Title Pending 9281,,ms-10-3998_tia-9281.md,papers,TRUE,diamond,https://doi.org/10.3998/tia.9281,
10.4308/hjb.33.4.1147-1156,Biopriming Potential Screening of Endophytic Bacteria to Prevent Amorphophallus ,,ms-10-4308_hjb-33-4-1147-1156.md,papers,TRUE,gold,https://journal.ipb.ac.id/hayati/article/download/69954/33383,
10.4331/wjbc.v17.i2.120297,Precore/core mutation relatedness to viral reactivation in patients undergoing t,,ms-10-4331_wjbc-v17-i2-120297.md,papers,TRUE,diamond,https://doi.org/10.4331/wjbc.v17.i2.120297,
10.46309/biodicon.2026.1853170,In vitro propagation of Alhagi maurorum (Fabaceae),,ms-10-46309_biodicon-2026-1853170.md,papers,TRUE,diamond,https://dergipark.org.tr/en/download/article-file/5557246,
10.46309/biodicon.2026.1920583,Some anatomical and palynological characteristics of Onobrychis paucijuga Bornm.,,ms-10-46309_biodicon-2026-1920583.md,papers,TRUE,diamond,https://dergipark.org.tr/en/download/article-file/5866937,
10.46889/aed.2026.2201,Association Between Non-Nutritive and Nutritive Sweetener Intake and Gastrointes,,ms-10-46889_aed-2026-2201.md,papers,TRUE,hybrid,https://athenaeumpub.com/wp-content/uploads/Association-Between-Non-Nutritive-and-Nutritive-Sweetener-Intake-and-Gastrointestinal-Cancer-A-Systematic-Review-and-Meta-Analysis.pdf,
10.47191/etj/v11i02.22,Potential for Liquefaction After The 2018 Pasigala Earthquake Due to Changes in ,,ms-10-47191_etj_v11i02-22.md,papers,TRUE,diamond,https://everant.org/index.php/etj/article/download/2576/1883,
10.51219/mccrj/tasneem-bano/464,"Human T-Lymphotropic Virus Type 1 (HTLV-1): Molecular Markers, Immunopathogenesi",,ms-10-51219_mccrj_tasneem-bano_464.md,papers,TRUE,bronze,https://doi.org/10.51219/mccrj/tasneem-bano/464,
10.51470/er.2026.8.1.20,Relationship between Haematology and environmental Stress Influence on Uda rams ,,ms-10-51470_er-2026-8-1-20.md,papers,TRUE,hybrid,https://doi.org/10.51470/er.2026.8.1.20,
10.5194/egusphere-2026-2258,Technical note: Method effects on isotope-based inference of apple tree water so,,ms-10-5194_egusphere-2026-2258.md,papers,TRUE,gold,https://egusphere.copernicus.org/preprints/2026/egusphere-2026-2258/egusphere-2026-2258.pdf,
10.5281/zenodo.17960403,"Optimal storage temperature for fresh fruits: physiological responses, quality r",,ms-10-5281_zenodo-17960403.md,papers,TRUE,green,https://doi.org/10.5281/zenodo.17960403,
10.5281/zenodo.17960404,"Optimal storage temperature for fresh fruits: physiological responses, quality r",,ms-10-5281_zenodo-17960404.md,papers,TRUE,green,https://doi.org/10.5281/zenodo.17960404,
10.5281/zenodo.18150174,"Interference RNA and microRNA in Rheumatoid Arthritis: Diagnostic Biomarkers, Ep",,ms-10-5281_zenodo-18150174.md,papers,TRUE,green,https://doi.org/10.5281/zenodo.18150174,
10.5281/zenodo.18150175,"Interference RNA and microRNA in Rheumatoid Arthritis: Diagnostic Biomarkers, Ep",,ms-10-5281_zenodo-18150175.md,papers,TRUE,green,https://doi.org/10.5281/zenodo.18150175,
10.5281/zenodo.18681631,The Decoupling Mechanism as a Boundary Condition: Geometric Resolution to the Da,,ms-10-5281_zenodo-18681631.md,papers,TRUE,green,https://doi.org/10.5281/zenodo.18681631,
10.5281/zenodo.18683466,The Decoupling Mechanism as a Boundary Condition: Geometric Resolution to the Da,,ms-10-5281_zenodo-18683466.md,papers,TRUE,green,https://doi.org/10.5281/zenodo.18683466,
10.5281/zenodo.18683680,The Decoupling Mechanism as a Boundary Condition: Geometric Resolution to the Da,,ms-10-5281_zenodo-18683680.md,papers,TRUE,green,https://doi.org/10.5281/zenodo.18683680,
10.5281/zenodo.18842827,AI Topics Module 2: Education,,ms-10-5281_zenodo-18842827.md,papers,TRUE,green,https://doi.org/10.5281/zenodo.18842827,
10.5281/zenodo.18842863,AI for Epigenetics,,ms-10-5281_zenodo-18842863.md,papers,TRUE,green,https://doi.org/10.5281/zenodo.18842863,
10.5281/zenodo.19468376,Role of Plant Growth Regulators in Vegetative Propagation,,ms-10-5281_zenodo-19468376.md,papers,TRUE,green,https://doi.org/10.5281/zenodo.19468376,
10.5281/zenodo.19468377,Role of Plant Growth Regulators in Vegetative Propagation,,ms-10-5281_zenodo-19468377.md,papers,TRUE,green,https://doi.org/10.5281/zenodo.19468377,
10.5281/zenodo.20068396,Retrieval Augmented Generation Using Multimodal Large Language Models for Real-T,,ms-10-5281_zenodo-20068396.md,papers,TRUE,green,https://ijama.in/admin/a/uploads/pdf/1778148494_IJAMA - April 2026.pdf,
10.5281/zenodo.20453404,Two families of dyadic–extremal cubic vertex–transitive graphs of girth six: a p,,ms-10-5281_zenodo-20453404.md,papers,TRUE,green,https://doi.org/10.5281/zenodo.20453404,
10.5281/zenodo.20455760,MODERN ASPECTS OF ENDOCRINE FACTORS AND CELL PHYSIOLOGY,,ms-10-5281_zenodo-20455760.md,papers,TRUE,green,https://doi.org/10.5281/zenodo.20455760,
10.5281/zenodo.20464721,Two families of dyadic–extremal cubic vertex–transitive graphs of girth six: a p,,ms-10-5281_zenodo-20464721.md,papers,TRUE,green,https://doi.org/10.5281/zenodo.20464721,
10.5281/zenodo.20470687,DRUG RESISTANCE MECHANISMS IN CANCER: GENETIC AND EPIGENETIC DRIVERS,,ms-10-5281_zenodo-20470687.md,papers,TRUE,green,https://doi.org/10.5281/zenodo.20470687,
10.5281/zenodo.20488554,Integrated Hybrid Renewable Power Plant with Hydrogen Energy Storage for Continu,,ms-10-5281_zenodo-20488554.md,papers,TRUE,green,https://doi.org/10.5281/zenodo.20488554,
10.5281/zenodo.20488555,Integrated Hybrid Renewable Power Plant with Hydrogen Energy Storage for Continu,,ms-10-5281_zenodo-20488555.md,papers,TRUE,green,https://doi.org/10.5281/zenodo.20488555,
10.5281/zenodo.20501748,Dermatophytes and the Rising Threat of Antifungal Resistance: Exploring Herbal C,,ms-10-5281_zenodo-20501748.md,papers,TRUE,green,https://doi.org/10.5281/zenodo.20501748,
10.5304/jafscd.2013.041.001,Peri-Urban Food Futures: Opportunities and Challenges to Reconfiguring Sustainab,,ms-10-5304_jafscd-2013-041-001.md,papers,TRUE,gold,https://doi.org/10.5304/jafscd.2013.041.001,
10.53502/wood-214457,Managing the invasive tree-of-heaven (Ailanthus altissima (Mill.) Swingle) in fo,,ms-10-53502_wood-214457.md,papers,TRUE,diamond,https://www.drewno-wood.pl/pdf-214457-140211?filename=Managing-the-invasive-tre.pdf,
10.53623/apga.v5i2.1178,Comparative Analysis on post-Covid Digital Competency Frameworks and Digital Ski,,ms-10-53623_apga-v5i2-1178.md,papers,TRUE,hybrid,https://www.marietta.edu/sites/default/files/documents/21st_century_skills_standards_book_2.pdf,
10.53982/aijnas.2026.11-j,Protective Effects of Fermented Coconut on Gut Microbiota Composition and Hemato,,ms-10-53982_aijnas-2026-11-j.md,papers,TRUE,diamond,https://journals.abuad.edu.ng/aijnas/article/download/1691/1226,
10.54055/ejtr.v43i.4127,Modelling Destination Loyalty in Wellness Tourism: Evidence from Portugal,,ms-10-54055_ejtr-v43i-4127.md,papers,TRUE,diamond,https://ejtr.vumk.eu/index.php/about/article/download/4127/741,
10.54254/2753-7080/2026.34077,Research on misunderstandings in cross-cultural nonverbal communication between ,,ms-10-54254_2753-7080_2026-34077.md,papers,TRUE,hybrid,https://ahr.ewapub.com/article/view/34077.pdf,
10.5559/di.34.4.04,Minority Stress and Mental Health: The Role of Self-Compassion,,ms-10-5559_di-34-4-04.md,papers,TRUE,diamond,https://hrcak.srce.hr/file/496394,
10.55640/ijmsdh-12-05-11,Association Between Neopterin And Oxidative Stress in Patients with Psoriasis,,ms-10-55640_ijmsdh-12-05-11.md,papers,TRUE,diamond,https://doi.org/10.55640/ijmsdh-12-05-11,
10.55665/troiamedj.1930193,Yaşlanma karşıtı yeni bir ufuk: karaciğerde klotho ve moleküler hedefler,,ms-10-55665_troiamedj-1930193.md,papers,TRUE,hybrid,https://dergipark.org.tr/tr/download/article-file/5912195,
10.56557/jogae/2026/v18i310651,Morphological and Anatomical Studies on Ipomoea aquatica,,ms-10-56557_jogae_2026_v18i310651.md,papers,TRUE,diamond,https://doi.org/10.56557/jogae/2026/v18i310651,
10.5705/ss.202024.0104,A Semiparametric Quantile Single-Index Model for Zero-Inflated and Overdispersed,,ms-10-5705_ss-202024-0104.md,papers,TRUE,bronze,http://dx.doi.org/10.5705/ss.202024.0104,
10.59463/rjvs.2025.4.12,Plant-Associated Photosensitization in a Pasture-Raised Gypsy Mare Grazing Hyper,,ms-10-59463_rjvs-2025-4-12.md,papers,TRUE,bronze,https://doi.org/10.59463/rjvs.2025.4.12,
10.59463/rjvs.2025.4.25,Phytochemical profile and main bioactive constituents of the plant Nigella sativ,,ms-10-59463_rjvs-2025-4-25.md,papers,TRUE,bronze,https://doi.org/10.59463/rjvs.2025.4.25,
10.59463/rjvs.2025.4.30,From plant to gut: ussing chamber as a method for studying natural SGLT1 inhibit,,ms-10-59463_rjvs-2025-4-30.md,papers,TRUE,bronze,https://doi.org/10.59463/rjvs.2025.4.30,
10.59707/hymryawo7926,The State of the Art and the Future of Precision Medicine: A Comprehensive Liter,,ms-10-59707_hymryawo7926.md,papers,TRUE,diamond,https://hymr.highyieldmed.org/index.php/HYMR/article/download/60/130,
10.63222/pijar.v3i1.55,Optimizing Ex Vitro Acclimatization of Vanilla planifolia: Dynamics Effects of S,,ms-10-63222_pijar-v3i1-55.md,papers,TRUE,hybrid,https://ejournal.puspitur.com/pijar/article/download/55/29,
10.64898/2026.05.27.727026,S-nitrosylation of protein kinase A is required for its activation by GPCRs,,ms-10-64898_2026-05-27-727026.md,papers,TRUE,green,https://www.biorxiv.org/content/biorxiv/early/2026/05/31/2026.05.27.727026.full.pdf,
10.64898/2026.05.27.728152,Top-down and bottom-up landscape processes influence the formation of microbial ,,ms-10-64898_2026-05-27-728152.md,papers,TRUE,green,https://www.biorxiv.org/content/biorxiv/early/2026/05/30/2026.05.27.728152.full.pdf,
10.64898/2026.05.27.728164,Engineering xylose metabolism for diverse polyhydroxyalkanoates synthesis in Hal,,ms-10-64898_2026-05-27-728164.md,papers,TRUE,green,https://www.biorxiv.org/content/biorxiv/early/2026/06/01/2026.05.27.728164.full.pdf,
10.64898/2026.05.27.728175,SCD-dependent lipid metabolism licenses alternative macrophage activation and ma,,ms-10-64898_2026-05-27-728175.md,papers,TRUE,green,https://doi.org/10.64898/2026.05.27.728175,
10.64898/2026.05.28.726140,Ultra-efficient High Resolution 3D Reconstruction of Spatial Omics Data with Neu,,ms-10-64898_2026-05-28-726140.md,papers,TRUE,green,https://doi.org/10.64898/2026.05.28.726140,
10.64898/2026.05.29.728846,Carbamylome analysis reveals regulatory roles for lysine carbamylation in β-cell,,ms-10-64898_2026-05-29-728846.md,papers,TRUE,green,https://www.biorxiv.org/content/biorxiv/early/2026/05/31/2026.05.29.728846.full.pdf,
10.64898/2026.06.01.729395,Vermeer: Autoregressive generative modeling of microscopy predicts protein local,,ms-10-64898_2026-06-01-729395.md,papers,TRUE,green,https://doi.org/10.64898/2026.06.01.729395,
10.65693/irss.2026.v7i1.53,Role of The Operating Room Technician in Implementing Surgical Counting and Its ,,ms-10-65693_irss-2026-v7i1-53.md,papers,TRUE,gold,https://ojs.21umas.edu.ye/irss/article/download/53/30,
10.71197/jsocmed.v5i5.255,Flavonoids in Sepsis: Mechanistic Modulation of Inflammatory Pathways and Therap,,ms-10-71197_jsocmed-v5i5-255.md,papers,TRUE,diamond,https://jsocmed.org/go/article/download/255/406,
10.71454/pa.004.06.0309,Antileishmanial and Antibacterial Activities of Aminobenzothiazole Sulfonamides,,ms-10-71454_pa-004-06-0309.md,papers,TRUE,bronze,https://plantanimalia.com/index.php/journal/article/download/304/341,
10.71454/pa.004.06.0309a,Integrated Ecological Strategies for the Management of Fruit Flies (&lt;i&gt;Bac,,ms-10-71454_pa-004-06-0309a.md,papers,TRUE,bronze,https://plantanimalia.com/index.php/journal/article/download/309/342,
10.71454/pa.004.06.0311,Correlation and Regression Analysis for Yield and its Associated Traits in Hexap,,ms-10-71454_pa-004-06-0311.md,papers,TRUE,bronze,https://plantanimalia.com/index.php/journal/article/download/311/345,
10.1016/j.xplc.2026.101919,Natural variation in OsbHLH150 confers chilling tolerance in rice by increasing ,,osbhlh150-rice-chilling-tolera.md,papers,TRUE,gold,https://doi.org/10.1016/j.xplc.2026.101919,
10.1111/nph.70160,created: 2026-05-28,,pakchoi-root-sc-multiomics-salt.md,papers,TRUE,hybrid,https://onlinelibrary.wiley.com/doi/pdfdirect/10.1111/nph.70160,
10.1016/j.cell.2014.02.055,The Intrinsic Apoptosis Pathway Mediates the Pro-Longevity Response to Mitochondrial ROS in C. elegans,"""Cell""",pdf-j-cell-2014-02-055.md,papers,TRUE,bronze,http://www.cell.com/article/S0092867414003596/pdf,
10.1016/j.cell.2014.02.056,Structurally Distinct Ca2+ Signaling Domains of Sperm Flagella Orchestrate Tyrosine Phosphorylation and Motility,"""Cell""",pdf-j-cell-2014-02-056.md,papers,TRUE,bronze,http://www.cell.com/article/S0092867414003602/pdf,
10.1016/j.cell.2014.03.006,The Fire Within: Microbes Inflame Tumors,"""Cell""",pdf-j-cell-2014-03-006.md,papers,TRUE,bronze,http://www.cell.com/article/S0092867414002967/pdf,
10.1016/j.cell.2014.03.025,Predictive Polymer Modeling Reveals Coupled Fluctuations in Chromosome Conformation and Transcription,"""Cell""",pdf-j-cell-2014-03-025.md,papers,TRUE,bronze,http://www.cell.com/article/S0092867414003614/pdf,
10.1016/j.cell.2014.03.026,Defective Mitophagy in XPA via PARP-1 Hyperactivation and NAD+/SIRT1 Reduction,"""Cell""",pdf-j-cell-2014-03-026.md,papers,TRUE,bronze,http://www.cell.com/article/S0092867414003626/pdf,
10.1016/j.cell.2014.03.035,A Proliferative Burst during Preadolescence Establishes the Final Cardiomyocyte Number,"""Cell""",pdf-j-cell-2014-03-035.md,papers,TRUE,bronze,http://www.cell.com/article/S0092867414004103/pdf,
10.1016/j.cell.2014.03.036,Reconstruction of the Mouse Otocyst and Early Neuroblast Lineage at Single-Cell Resolution,"""Cell""",pdf-j-cell-2014-03-036.md,papers,TRUE,bronze,http://www.cell.com/article/S0092867414004115/pdf,
10.1016/j.cell.2014.03.037,Enhanced Protein Degradation by Branched Ubiquitin Chains,"""Cell""",pdf-j-cell-2014-03-037.md,papers,TRUE,bronze,http://www.cell.com/article/S0092867414004127/pdf,
10.1016/j.cell.2014.03.038,GroEL/ES Chaperonin Modulates the Mechanism and Accelerates the Rate of TIM-Barrel Domain Folding,"""Cell""",pdf-j-cell-2014-03-038.md,papers,TRUE,bronze,http://www.cell.com/article/S0092867414004139/pdf,
10.1016/j.cell.2014.03.040,A Chromatin-Dependent Role of the Fragile X Mental Retardation Protein FMRP in the DNA Damage Response,"""Cell""",pdf-j-cell-2014-03-040.md,papers,TRUE,bronze,http://www.cell.com/article/S0092867414004152/pdf,
10.1016/j.cell.2014.03.054,Population Genomics Reveal Recent Speciation and Rapid Evolutionary Adaptation in Polar Bears,"""Cell""",pdf-j-cell-2014-03-054.md,papers,TRUE,bronze,http://www.cell.com/article/S0092867414004887/pdf,
10.1016/j.cell.2014.04.009,Successful Execution of Working Memory Linked to Synchronized High-Frequency Gamma Oscillations,"""Cell""",pdf-j-cell-2014-04-009.md,papers,TRUE,bronze,http://www.cell.com/article/S009286741400484X/pdf,
10.1016/j.cell.2014.04.014,Tic-TACs: Refreshing Hair Growth,"""Cell""",pdf-j-cell-2014-04-014.md,papers,TRUE,bronze,http://www.cell.com/article/S0092867414004929/pdf,
10.1016/j.cell.2014.04.015,Initiation of Translation by Cricket Paralysis Virus IRES Requires Its Translocation in the Ribosome,"""Cell""",pdf-j-cell-2014-04-015.md,papers,TRUE,hybrid,http://www.cell.com/article/S0092867414004930/pdf,
10.1016/j.cell.2014.04.016,Tissue-Specific Signals Control Reversible Program of Localization and Functional Polarization of Macrophages,"""Cell""",pdf-j-cell-2014-04-016.md,papers,TRUE,bronze,http://www.cell.com/article/S0092867414004942/pdf,
10.1016/j.cell.2014.04.017,Programming and Inheritance of Parental DNA Methylomes in Mammals,"""Cell""",pdf-j-cell-2014-04-017.md,papers,TRUE,bronze,http://www.cell.com/article/S0092867414005340/pdf,
10.1016/j.cell.2014.04.022,The Biggest Challenges Facing Young Scientists,"""Cell""",pdf-j-cell-2014-04-022.md,papers,TRUE,bronze,https://www.cell.com/article/S0092867414005406/pdf,
10.1016/j.cell.2014.04.023,From Connections to Function: The Mouse Brain Connectome Atlas,"""Cell""",pdf-j-cell-2014-04-023.md,papers,TRUE,bronze,http://www.cell.com/article/S0092867414005418/pdf,
10.1016/j.cell.2014.04.024,Reconstructing Complex Tissues from Single-Cell Analyses,"""Cell""",pdf-j-cell-2014-04-024.md,papers,TRUE,bronze,http://www.cell.com/article/S009286741400542X/pdf,
10.1016/j.cell.2014.04.025,Proliferation at the Heart of Preadolescence,"""Cell""",pdf-j-cell-2014-04-025.md,papers,TRUE,bronze,http://www.cell.com/article/S0092867414005431/pdf,
10.1016/j.cell.2014.04.027,SnapShot: Epithelial Tight Junctions,"""Cell""",pdf-j-cell-2014-04-027.md,papers,TRUE,bronze,https://doi.org/10.1016/j.cell.2014.04.027,
10.1093/plcell/koag153,Teamwork Makes the Dream Work: IPA1 and OsNPR1 work together to enhance immunity in rice,"""The Plant Cell""",pdf-koag153.md,papers,TRUE,hybrid,https://doi.org/10.1093/plcell/koag153,
10.1111/nph.71298,<i>EMF2</i>,"""New Phytologist""",pdf-nph-71298.md,papers,TRUE,hybrid,https://doi.org/10.1111/nph.71298,
10.1111/pbi.70695,High‐Contiguity Haplotype‐Resolved Genome Assembly of the Hexaploid,"""Plant Biotechnology Journal""",pdf-pbi-70695.md,papers,TRUE,gold,https://doi.org/10.1111/pbi.70695,
10.1104/pp.107.111740,Firefly Luciferase Complementation Imaging Assay for Protein-Protein Interactions in Plants,"""Plant Physiology""",pdf-pp-107-111740.md,papers,TRUE,hybrid,https://academic.oup.com/plphys/article-pdf/146/2/323/38101282/plphys_v146_2_368.pdf,
10.1111/ppl.70937,Capturing Early‐Stage Chilling Response in Field‐Grown Sorghum and Maize by Integrating Aerial Phenotyping and Metabolom,"""Physiologia Plantarum""",pdf-ppl-70937.md,papers,TRUE,hybrid,https://doi.org/10.1111/ppl.70937,
10.1002/tpg2.70260,Correction to “Genome‐wide analysis of theAP2/ERF gene family in,"""The Plant Genome""",pdf-tpg2-70260.md,papers,TRUE,gold,https://doi.org/10.1002/tpg2.70260,
10.1111/tpj.70959,Transcription of photosynthetic genes in the plant chloroplast: lessons from bacteria,"""The Plant Journal""",pdf-tpj-70959.md,papers,TRUE,hybrid,https://doi.org/10.1111/tpj.70959,
10.1111/nph.70232,Single-cell transcriptomes reveal spatiotemporal heat stress response in pearl m,,pearl-millet-heat-scrna.md,papers,TRUE,bronze,https://onlinelibrary.wiley.com/doi/pdfdirect/10.1111/nph.70232,
10.1073/pnas.2018788117,Plant stem-cell organization and differentiation at single-cell resolution,"""Proceedings of the National Academy of Sciences""",plant-stem-cell-organization-and-differentiation-at-single-cell-resolution.md,papers,TRUE,bronze,https://www.pnas.org/doi/full/10.1073/pnas.2018788117,
10.1111/pbi.70546,Transcription Profiling of Potato Leaves in Response to Heat Stress at Single-Ce,,potato-leaf-heat-scrna.md,papers,TRUE,gold,https://doi.org/10.1111/pbi.70546,
10.1093/bioinformatics/15.4.305,ESPript: analysis of multiple sequence alignments in PostScript.,,ref-15-4-305.md,papers,TRUE,bronze,https://academic.oup.com/bioinformatics/article-pdf/15/4/305/48835070/bioinformatics_15_4_305.pdf,
10.1080/15476286.2019.1586139,Role of alternative polyadenylation dynamics in acute myeloid leukaemia at singl,,ref-15476286-2019-1586139.md,papers,TRUE,bronze,https://www.tandfonline.com/doi/pdf/10.1080/15476286.2019.1586139?needAccess=true,
10.1080/15592324.2015.1011949,Cortex proliferation in the root is a protective mechanism against abiotic stres,,ref-15592324-2015-1011949.md,papers,TRUE,bronze,https://www.tandfonline.com/doi/pdf/10.1080/15592324.2015.1011949?needAccess=true,
10.1080/15592324.2020.1820681,Trichostatin A and sodium butyrate promotes plant regeneration in common wheat.,,ref-15592324-2020-1820681.md,papers,TRUE,bronze,https://www.tandfonline.com/doi/pdf/10.1080/15592324.2020.1820681?needAccess=true,
10.1080/15592324.2020.1848086,Superoxide anion generation response to wound in Arabidopsis hypocotyl cutting.,,ref-15592324-2020-1848086.md,papers,TRUE,bronze,https://www.tandfonline.com/doi/pdf/10.1080/15592324.2020.1848086?needAccess=true,
10.1590/1807-3107bor-2018.vol32.0066,Root canal preparation using micro-computed tomography analysis: a literature re,,ref-1807-3107bor-2018-vol32-0.md,papers,TRUE,diamond,https://www.scielo.br/j/bor/a/bx9wBFmyzB4DJ9SKfhQyWqc/?format=pdf&lang=en,
10.1093/BIB/BBZ062,Clustering and classification methods for single-cell RNA-sequencing data.,,ref-BBZ062.md,papers,TRUE,bronze,https://academic.oup.com/bib/article-pdf/21/4/1196/33677680/bbz062.pdf,
10.1371/journal.pgen.1006759,Correction: Visualizing the structure of RNA-seq expression data using grade of ,,ref-Correction--Visualizing-the-st.md,papers,TRUE,gold,https://journals.plos.org/plosgenetics/article/file?id=10.1371/journal.pgen.1006759&type=printable,
10.1093/nar/gkz1020,PlantRegMap ：绘制工厂中的功能监管图。,,ref-PlantRegMap--charting-function.md,papers,TRUE,gold,https://academic.oup.com/nar/article-pdf/48/D1/D1104/31697811/gkz1020.pdf,
10.1016/S0014-5793(00)01675-6,化学抑制剂：植物细胞周期研究的工具,,ref-S0014-5793-00-01675-6.md,papers,TRUE,bronze,https://onlinelibrary.wiley.com/doi/pdfdirect/10.1016/S0014-5793%2800%2901675-6,
10.1016/S0092-8674(00)80115-4,稻草人基因调节不对称的细胞分裂，这对于产生桡骨,,ref-S0092-8674-00-80115-4.md,papers,TRUE,bronze,http://www.cell.com/article/S0092867400801154/pdf,
10.1016/S0092-8674(00)81536-6,狼人是拟南芥中的MYB相关蛋白，是表皮细胞的位置依赖性调节因子,,ref-S0092-8674-00-81536-6.md,papers,TRUE,bronze,http://www.cell.com/article/S0092867400815366/pdf,
10.1016/S0960-9822(98)70176-9,根表皮中的位置信息在胚胎发育过程中定义，并在,,ref-S0960-9822-98-70176-9.md,papers,TRUE,bronze,http://www.cell.com/article/S0960982298701769/pdf,
10.1093/plcell/koac047,玉米单核转录组全面描述了控制moveme的信号网络,,ref-The-maize-single‐nucleus-trans.md,papers,TRUE,bronze,https://academic.oup.com/plcell/article-pdf/34/5/1890/43463219/koac047.pdf,
10.1002/advs.202307835,scmFormer通过Multi-Task Trans整合大规模单细胞蛋白质组学和转录组学数据,,ref-advs-202307835.md,papers,TRUE,gold,https://onlinelibrary.wiley.com/doi/pdfdirect/10.1002/advs.202307835,
10.1146/annurev-arplant-042817-040549,分生组织大小的控制。,,ref-annurev-arplant-042817-04.md,papers,TRUE,bronze,https://www.annualreviews.org/doi/pdf/10.1146/annurev-arplant-042817-040549,
10.4028/b-XDTcg5,第十二届国际材料科学与工程年会（ ICMSE ）,,ref-b-XDTcg5.md,papers,TRUE,hybrid,https://doi.org/10.4028/b-xdtcg5,
10.1093/bib/bbaa097,SMNN ：通过监督相互最近邻对单细胞RNA-seq数据的批量效应校正,,ref-bbaa097.md,papers,TRUE,green,https://www.ncbi.nlm.nih.gov/pmc/articles/8324985,
10.1093/bib/bbz096,单细胞RNA测序数据集的单细胞分类器的评估。,,ref-bbz096.md,papers,TRUE,hybrid,https://academic.oup.com/bib/article-pdf/21/5/1581/36543433/bbz096.pdf,
10.1093/bioinformatics/btac117,大规模的高性能单细胞基因调控网络推断： Inferelator 3.0。,,ref-btac117.md,papers,TRUE,hybrid,https://doi.org/10.1093/bioinformatics/btac117,
10.1093/bioinformatics/bti042,全基因组中端转录谱揭示了人体组织中的表达水平关系,,ref-bti042.md,papers,TRUE,bronze,https://academic.oup.com/bioinformatics/article-pdf/21/5/650/48962300/bioinformatics_21_5_650.pdf,
10.1093/bioinformatics/btp324,使用Burrows-Wheeler变换进行快速准确的短读对齐。,,ref-btp324.md,papers,TRUE,hybrid,https://academic.oup.com/bioinformatics/article-pdf/25/14/1754/48994219/bioinformatics_25_14_1754.pdf,
10.1093/bioinformatics/btp352,序列对齐/映射格式和SAMtools。,,ref-btp352.md,papers,TRUE,hybrid,https://academic.oup.com/bioinformatics/article-pdf/25/16/2078/48994296/bioinformatics_25_16_2078.pdf,
10.1093/bioinformatics/btp437,从部分观察重建时空基因表达数据。,,ref-btp437.md,papers,TRUE,bronze,https://academic.oup.com/bioinformatics/article-pdf/25/19/2581/434150/btp437.pdf,
10.1093/bioinformatics/btp616,edgeR ：用于数字基因表达数据差异表达分析的生物导体包。,,ref-btp616.md,papers,TRUE,hybrid,https://academic.oup.com/bioinformatics/article-pdf/26/1/139/48851299/bioinformatics_26_1_139.pdf,
10.1093/bioinformatics/btq033,BEDTools ：用于比较基因组特征的灵活实用程序套件。,,ref-btq033.md,papers,TRUE,hybrid,https://academic.oup.com/bioinformatics/article-pdf/26/6/841/48854754/bioinformatics_26_6_841.pdf,
10.1093/bioinformatics/btr330,变体调用格式和VCFtools。,,ref-btr330.md,papers,TRUE,hybrid,https://academic.oup.com/bioinformatics/article-pdf/27/15/2156/48863483/bioinformatics_27_15_2156.pdf,
10.1093/bioinformatics/btu170,Trimmomatic ： Illumina序列数据的灵活修剪器。,,ref-btu170.md,papers,TRUE,hybrid,https://academic.oup.com/bioinformatics/article-pdf/30/15/2114/48924714/bioinformatics_30_15_2114.pdf,
10.1093/bioinformatics/btw313,复杂的热图揭示了多维基因组数据中的模式和相关性。,,ref-btw313.md,papers,TRUE,bronze,https://academic.oup.com/bioinformatics/article-pdf/32/18/2847/24406805/btw313.pdf,
10.1093/bioinformatics/btw354,MultiQC ：在单个报告中汇总多个工具和样品的分析结果。,,ref-btw354.md,papers,TRUE,hybrid,https://academic.oup.com/bioinformatics/article-pdf/32/19/3047/25072524/btw354.pdf,
10.1093/bioinformatics/btx194,SCODE ：一种来自单细胞RNA-Seq的有效调控网络推断算法，在不同的,,ref-btx194.md,papers,TRUE,hybrid,https://academic.oup.com/bioinformatics/article-pdf/33/15/2314/25158052/btx194.pdf,
10.1093/bioinformatics/bty026,特征特定分位数归一化使分子亚型的跨平台分类成为可能,,ref-bty026.md,papers,TRUE,bronze,https://academic.oup.com/bioinformatics/article-pdf/34/11/1868/25121531/bty026.pdf,
10.1093/bioinformatics/bty560,fastp ：超快的多合一FASTQ预处理器。,,ref-bty560.md,papers,TRUE,hybrid,https://academic.oup.com/bioinformatics/article-pdf/34/17/i884/25702346/bty560.pdf,
10.1093/bioinformatics/btz701,scDAPA ：从单细胞RNA-seq检测和可视化动态替代多聚腺苷酸化,,ref-btz701.md,papers,TRUE,bronze,https://academic.oup.com/bioinformatics/article-pdf/36/4/1262/38712506/btz701.pdf,
10.1242/dev.01186,拟南芥的不对称叶片发育和叶片扩张由KANADI和YABBY ACTI介导,,ref-dev-01186.md,papers,TRUE,bronze,https://journals.biologists.com/dev/article-pdf/131/12/2997/1505234/2997.pdf,
10.1242/dev.019349,ACAULIS5通过预防细胞过早死亡来控制拟南芥木质部规格。,,ref-dev-019349.md,papers,TRUE,bronze,https://journals.biologists.com/dev/article-pdf/135/15/2573/1534322/2573.pdf,
10.1242/dev.136283,拟南芥侧根的出现依赖于生长素的转录因子LBD29调节,,ref-dev-136283.md,papers,TRUE,bronze,https://dev.biologists.org/content/develop/143/18/3340.full.pdf,
10.1242/dev.142331,拟南芥中熊皮转录因子对根冠成熟和细胞脱离的控制。,,ref-dev-142331.md,papers,TRUE,bronze,https://dev.biologists.org/content/develop/143/21/4063.full.pdf,
10.1242/dev.198614,Developmental single-cell transcriptomics in the Lytechinus variegatus sea urchi,,ref-dev-198614.md,papers,TRUE,bronze,https://journals.biologists.com/dev/article-pdf/148/19/dev198614/2106711/dev198614.pdf,
10.1002/dvdy.10239,Regeneration or scarring: an immunologic perspective.,,ref-dvdy-10239.md,papers,TRUE,bronze,https://onlinelibrary.wiley.com/doi/pdfdirect/10.1002/dvdy.10239,
10.7554/eLife.03271,Irreversible fate commitment in the Arabidopsis stomatal lineage requires a FAMA,,ref-eLife-03271.md,papers,TRUE,gold,https://elifesciences.org/articles/03271.bib,
10.7554/eLife.17214,POWERDRESS interacts with HISTONE DEACETYLASE 9 to promote aging in <i>Arabidops,,ref-eLife-17214.md,papers,TRUE,gold,https://doi.org/10.7554/elife.17214,
10.7554/eLife.26792.024,created: 2026-05-28,,ref-eLife-26792-024.md,papers,TRUE,gold,https://doi.org/10.7554/elife.26792.024,
10.14806/ej.17.1.200,Cutadapt removes adapter sequences from high-throughput sequencing reads,,ref-ej-17-1-200.md,papers,TRUE,bronze,https://journal.embnet.org/index.php/embnetjournal/article/download/200/458,
10.15252/embj.2023113639,WRKY transcription factors and OBERON histone-binding proteins form complexes to,,ref-embj-2023113639.md,papers,TRUE,green,https://pmc.ncbi.nlm.nih.gov/articles/PMC10548177/pdf/EMBJ-42-e113639.pdf,
10.1093/jxb/erac048,Selection for early shoot vigour in wheat increases root hair length but reduces,,ref-erac048.md,papers,TRUE,hybrid,https://academic.oup.com/jxb/article-pdf/73/8/2499/43392209/erac048.pdf,
10.1093/jxb/erae107,Single-cell transcriptomics reveals heterogeneity in plant responses to the envi,,ref-erae107.md,papers,TRUE,green,https://biblio.ugent.be/publication/01J3021SMGMJRDGNMBDD38PH0K/file/01J302JEYVWKXKHYFZSAVS3665.pdf,
10.1093/jxb/erm335,Roles of the bundle sheath cells in leaves of C3 plants.,,ref-erm335.md,papers,TRUE,bronze,https://academic.oup.com/jxb/article-pdf/59/7/1663/1793026/erm335.pdf,
10.1093/jxb/erq154,Involvement of Arabidopsis histone deacetylase HDA6 in ABA and salt stress respo,,ref-erq154.md,papers,TRUE,hybrid,https://academic.oup.com/jxb/article-pdf/61/12/3345/16926356/erq154.pdf,
10.1093/jxb/erv265,Novel imaging-based phenotyping strategies for dissecting crosstalk in plant dev,,ref-erv265.md,papers,TRUE,bronze,https://academic.oup.com/jxb/article-pdf/66/16/4947/18044873/erv265.pdf,
10.1093/jxb/erv562,Histone deacetylase HDA9 negatively regulates salt and drought stress responsive,,ref-erv562.md,papers,TRUE,bronze,https://academic.oup.com/jxb/article-pdf/67/6/1703/19422087/erv562.pdf,
10.1093/jxb/erw213,YUCCA-mediated auxin biogenesis is required for cell fate transition occurring d,,ref-erw213.md,papers,TRUE,green,https://www.ncbi.nlm.nih.gov/pmc/articles/5301932,
10.12688/f1000research.24956.2,gprofiler2 -- an R package for gene list functional enrichment analysis and name,,ref-f1000research-24956-2.md,papers,TRUE,gold,https://f1000research.com/articles/9-709/v2/pdf,
10.12688/f1000research.73600.2,Doublet identification in single-cell sequencing data using <i>scDblFinder</i>.,,ref-f1000research-73600-2.md,papers,TRUE,gold,https://f1000research.com/articles/10-979/v2/pdf,
10.3389/fgene.2022.863253,Signatures of mRNA Alternative Polyadenylation in <i>Arabidopsis</i> Leaf Develo,,ref-fgene-2022-863253.md,papers,TRUE,gold,https://www.frontiersin.org/articles/10.3389/fgene.2022.863253/pdf,
10.3389/fpls.2013.00018,Arabidopsis 2010 and beyond-big science with a small weed.,,ref-fpls-2013-00018.md,papers,TRUE,gold,https://www.frontiersin.org/articles/10.3389/fpls.2013.00018/pdf,
10.3389/fpls.2015.00206,A quantitative analysis of stem cell homeostasis in the Arabidopsis columella ro,,ref-fpls-2015-00206.md,papers,TRUE,gold,https://www.frontiersin.org/articles/10.3389/fpls.2015.00206/pdf,
10.3389/fpls.2017.00447,Using a Structural Root System Model to Evaluate and Improve the Accuracy of Roo,,ref-fpls-2017-00447.md,papers,TRUE,gold,https://www.frontiersin.org/articles/10.3389/fpls.2017.00447/pdf,
10.3389/fpls.2022.866054,Divergence in the Regulation of the Salt Tolerant Response Between <i>Arabidopsi,,ref-fpls-2022-866054.md,papers,TRUE,gold,https://www.frontiersin.org/articles/10.3389/fpls.2022.866054/pdf,
10.3389/fpls.2022.914635,Deciphering the Multi-Chromosomal Mitochondrial Genome of <i>Populus simonii</i>,,ref-fpls-2022-914635.md,papers,TRUE,gold,https://doi.org/10.3389/fpls.2022.914635,
10.3389/fpls.2023.1185377,Opportunities and challenges in the application of single-cell and spatial trans,,ref-fpls-2023-1185377.md,papers,TRUE,gold,https://www.frontiersin.org/articles/10.3389/fpls.2023.1185377/pdf,
10.1101/gad.1331305,Transcription switches for protoxylem and metaxylem vessel formation.,,ref-gad-1331305.md,papers,TRUE,diamond,http://genesdev.cshlp.org/content/19/16/1855.full.pdf,
10.1101/gad.1819909,Signals and prepatterns: new insights into organ polarity in plants.,,ref-gad-1819909.md,papers,TRUE,diamond,http://genesdev.cshlp.org/content/23/17/1986.full.pdf,
10.1101/gad.305504,Mosaic analyses using marked activation and deletion clones dissect Arabidopsis ,,ref-gad-305504.md,papers,TRUE,diamond,http://genesdev.cshlp.org/content/18/16/1964.full.pdf,
10.1186/gb-2008-9-9-r137,Model-based analysis of ChIP-Seq (MACS).,,ref-gb-2008-9-9-r137.md,papers,TRUE,gold,https://genomebiology.biomedcentral.com/counter/pdf/10.1186/gb-2008-9-9-r137,
10.1534/genetics.104.033142,"Reversible histone acetylation and deacetylation mediate genome-wide, promoter-d",,ref-genetics-104-033142.md,papers,TRUE,bronze,https://academic.oup.com/genetics/article-pdf/169/1/337/42060297/genetics0337.pdf,
10.1534/genetics.114.164350,fastSTRUCTURE: variational inference of population structure in large SNP data s,,ref-genetics-114-164350.md,papers,TRUE,bronze,https://www.genetics.org/content/genetics/197/2/573.full.pdf,
10.1093/gigascience/giab008,Twelve years of SAMtools and BCFtools.,,ref-giab008.md,papers,TRUE,gold,https://academic.oup.com/gigascience/article-pdf/10/2/giab008/36332246/giab008.pdf,
10.1093/nar/gkad521,Spatially resolved transcriptomic analysis of the germinating barley grain.,,ref-gkad521.md,papers,TRUE,gold,https://academic.oup.com/nar/advance-article-pdf/doi/10.1093/nar/gkad521/50685662/gkad521.pdf,
10.1093/nar/gkh340,MUSCLE: multiple sequence alignment with high accuracy and high throughput.,,ref-gkh340.md,papers,TRUE,bronze,https://academic.oup.com/nar/article-pdf/32/5/1792/7055030/gkh340.pdf,
10.1093/nar/gkr591,Measuring cell identity in noisy biological systems.,,ref-gkr591.md,papers,TRUE,gold,https://academic.oup.com/nar/article-pdf/39/21/9093/16778478/gkr591.pdf,
10.1093/nar/gks042,Differential expression analysis of multifactor RNA-Seq experiments with respect,,ref-gks042.md,papers,TRUE,gold,https://academic.oup.com/nar/article-pdf/40/10/4288/25335174/gks042.pdf,
10.1093/nar/gku555,Single-cell RNA-seq: advances and future challenges.,,ref-gku555.md,papers,TRUE,gold,https://doi.org/10.1093/nar/gku555,
10.1093/nar/gkx382,"agriGO v2.0: a GO analysis toolkit for the agricultural community, 2017 update.",,ref-gkx382.md,papers,TRUE,gold,https://academic.oup.com/nar/article-pdf/45/W1/W122/23741100/gkx382.pdf,
10.1093/nar/gkz781,Cell-type-specific analysis of alternative polyadenylation using single-cell tra,,ref-gkz781.md,papers,TRUE,gold,https://academic.oup.com/nar/article-pdf/47/19/10027/30314322/gkz781.pdf,
10.1101/gr.1239303,Cytoscape: a software environment for integrated models of biomolecular interact,,ref-gr-1239303.md,papers,TRUE,bronze,https://genome.cshlp.org/content/13/11/2498.full.pdf,
10.1101/gr.161034.113,From single-cell to cell-pool transcriptomes: stochasticity in gene expression a,,ref-gr-161034-113.md,papers,TRUE,bronze,http://genome.cshlp.org/content/24/3/496.full.pdf,
10.1101/gr.209601.116,UMI-tools: modeling sequencing errors in Unique Molecular Identifiers to improve,,ref-gr-209601-116.md,papers,TRUE,bronze,http://genome.cshlp.org/content/27/3/491.full.pdf,
10.1101/gr.210757.116,Genome-wide dynamics of alternative polyadenylation in rice.,,ref-gr-210757-116.md,papers,TRUE,bronze,http://genome.cshlp.org/content/26/12/1753.full.pdf,
10.1101/gr.271346.120,Analysis of alternative polyadenylation from single-cell RNA-seq using scDaPars ,,ref-gr-271346-120.md,papers,TRUE,green,https://www.ncbi.nlm.nih.gov/pmc/articles/8494218,
10.3390/ijms25147668,Genome-Wide Analysis of the WOX Family and Its Expression Pattern in Root Develo,,ref-ijms25147668.md,papers,TRUE,gold,https://www.mdpi.com/1422-0067/25/14/7668/pdf?version=1721289045,
10.1111/j.1365-313X.2007.03370.x,Degradation of the cyclin-dependent kinase inhibitor KRP1 is regulated by two di,,ref-j-1365-313X-2007-03370-x.md,papers,TRUE,bronze,https://onlinelibrary.wiley.com/doi/pdfdirect/10.1111/j.1365-313X.2007.03370.x,
10.1111/j.1365-313X.2008.03641.x,The DOF transcription factor OBP1 is involved in cell cycle regulation in Arabid,,ref-j-1365-313X-2008-03641-x.md,papers,TRUE,bronze,https://onlinelibrary.wiley.com/doi/pdfdirect/10.1111/j.1365-313X.2008.03641.x,
10.1111/j.1365-313X.2009.04086.x,The development of Arabidopsis as a model plant.,,ref-j-1365-313X-2009-04086-x.md,papers,TRUE,bronze,https://onlinelibrary.wiley.com/doi/pdfdirect/10.1111/j.1365-313X.2009.04086.x,
10.12945/j.aorta.2016.16.014,The Mystery of the Z-Score.,,ref-j-aorta-2016-16-014.md,papers,TRUE,hybrid,http://www.thieme-connect.de/products/ejournals/pdf/10.12945/j.aorta.2016.16.014.pdf,
10.1016/j.ccell.2020.06.012,Emergence of a High-Plasticity Cell State during Lung Cancer Evolution.,,ref-j-ccell-2020-06-012.md,papers,TRUE,bronze,http://www.cell.com/article/S1535610820303160/pdf,
10.1016/j.cell.2008.02.001,Plant stem cell niches: standing the test of time.,,ref-j-cell-2008-02-001.md,papers,TRUE,bronze,http://www.cell.com/article/S0092867408002006/pdf,
10.1016/j.cell.2009.04.018,BASL controls asymmetric cell division in Arabidopsis.,,ref-j-cell-2009-04-018.md,papers,TRUE,bronze,http://www.cell.com/article/S0092867409004437/pdf,
10.1016/j.cell.2014.01.020,Nonstochastic reprogramming from a privileged somatic cell state.,,ref-j-cell-2014-01-020.md,papers,TRUE,bronze,http://www.cell.com/article/S0092867414000725/pdf,
10.1016/j.cell.2014.02.057,Transit-amplifying cells orchestrate stem cell activity and tissue regeneration.,,ref-j-cell-2014-02-057.md,papers,TRUE,bronze,http://www.cell.com/article/S0092867414004164/pdf,
10.1016/j.cell.2015.05.002,Highly Parallel Genome-wide Expression Profiling of Individual Cells Using Nanol,,ref-j-cell-2015-05-002.md,papers,TRUE,bronze,http://www.cell.com/article/S0092867415005498/pdf,
10.1016/j.cell.2016.04.038,Cistrome and Epicistrome Features Shape the Regulatory DNA Landscape.,,ref-j-cell-2016-04-038.md,papers,TRUE,bronze,http://www.cell.com/article/S0092867416304810/pdf,
10.1016/j.cell.2016.04.046,Root Regeneration Triggers an Embryo-like Sequence Guided by Hormonal Interactio,,ref-j-cell-2016-04-046.md,papers,TRUE,bronze,http://www.cell.com/article/S0092867416304913/pdf,
10.1016/j.cell.2019.01.005,The Root Cap Cuticle: A Cell Wall Structure for Seedling Establishment and Later,,ref-j-cell-2019-01-005.md,papers,TRUE,bronze,http://www.cell.com/article/S0092867419300388/pdf,
10.1016/j.cell.2019.01.006,Optimal-Transport Analysis of Single-Cell Gene Expression Identifies Development,,ref-j-cell-2019-01-006.md,papers,TRUE,bronze,http://www.cell.com/article/S009286741930039X/pdf,
10.1016/j.cell.2019.03.006,A Jasmonate Signaling Network Activates Root Stem Cells and Promotes Regeneratio,,ref-j-cell-2019-03-006.md,papers,TRUE,bronze,http://www.cell.com/article/S0092867419302685/pdf,
10.1016/j.cell.2019.04.015,Re-activation of Stem Cell Pathways for Pattern Restoration in Plant Wound Heali,,ref-j-cell-2019-04-015.md,papers,TRUE,hybrid,http://www.cell.com/article/S0092867419304015/pdf,
10.1016/j.cell.2020.07.032,Genome-Scale Imaging of the 3D Organization and Transcriptional Activity of Chro,,ref-j-cell-2020-07-032.md,papers,TRUE,bronze,http://www.cell.com/article/S0092867420309405/pdf,
10.1016/j.cell.2022.04.003,Spatiotemporal transcriptomic atlas of mouse organogenesis using DNA nanoball-pa,,ref-j-cell-2022-04-003.md,papers,TRUE,hybrid,http://www.cell.com/article/S0092867422003993/pdf,
10.1016/j.celrep.2014.06.033,A genome-scale resource for the functional characterization of Arabidopsis trans,,ref-j-celrep-2014-06-033.md,papers,TRUE,gold,http://www.cell.com/article/S2211124714005178/pdf,
10.1016/j.celrep.2019.06.041,Molecular Mechanisms Driving Switch Behavior in Xylem Cell Differentiation.,,ref-j-celrep-2019-06-041.md,papers,TRUE,gold,http://www.cell.com/article/S2211124719308071/pdf,
10.1016/j.celrep.2023.112676,Single-cell profiling of Arabidopsis leaves to Pseudomonas syringae infection.,,ref-j-celrep-2023-112676.md,papers,TRUE,gold,http://www.cell.com/article/S2211124723006873/pdf,
10.1016/j.cels.2017.08.009,Stem Cell Differentiation as a Non-Markov Stochastic Process.,,ref-j-cels-2017-08-009.md,papers,TRUE,hybrid,http://www.cell.com/article/S2405471217303423/pdf,
10.1016/j.chom.2023.08.019,Cell-type-specific responses to fungal infection in plants revealed by single-ce,,ref-j-chom-2023-08-019.md,papers,TRUE,hybrid,https://ars.els-cdn.com/content/image/1-s2.0-S193131282300344X-fx1_lrg.jpg,
10.1016/j.crstbi.2024.100136,Structure-function analyses reveal <i>Arabidopsis thaliana</i> HDA7 to be an ina,,ref-j-crstbi-2024-100136.md,papers,TRUE,gold,https://doi.org/10.1016/j.crstbi.2024.100136,
10.1016/j.cub.2011.02.020,AP2/ERF转录因子WIND1控制拟南芥细胞去分化,,ref-j-cub-2011-02-020.md,papers,TRUE,bronze,http://www.cell.com/article/S0960982211002119/pdf,
10.1016/j.cub.2015.12.047,Rules and Self-Organizing Properties of Post-embryonic Plant Organ Cell Division,,ref-j-cub-2015-12-047.md,papers,TRUE,bronze,http://www.cell.com/article/S096098221501578X/pdf,
10.1016/j.cub.2016.07.070,Plant Stem Cells.,,ref-j-cub-2016-07-070.md,papers,TRUE,bronze,http://www.cell.com/article/S0960982216308648/pdf,
10.1016/j.cub.2017.03.014,Strigolactone- and Karrikin-Independent SMXL Proteins Are Central Regulators of ,,ref-j-cub-2017-03-014.md,papers,TRUE,bronze,http://www.cell.com/article/S096098221730283X/pdf,
10.1016/j.devcel.2011.06.016,The cellular basis for animal regeneration.,,ref-j-devcel-2011-06-016.md,papers,TRUE,bronze,http://www.cell.com/article/S1534580711002504/pdf,
10.1016/j.devcel.2012.12.013,A bHLH complex controls embryonic vascular tissue establishment and indeterminat,,ref-j-devcel-2012-12-013.md,papers,TRUE,bronze,http://www.cell.com/article/S1534580712005874/pdf,
10.1016/j.devcel.2015.01.025,"Transcriptome dynamics of the stomatal lineage: birth, amplification, and termin",,ref-j-devcel-2015-01-025.md,papers,TRUE,bronze,http://www.cell.com/article/S1534580715000684/pdf,
10.1016/j.devcel.2016.10.012,High-Resolution Expression Map of the Arabidopsis Root Reveals Alternative Splic,,ref-j-devcel-2016-10-012.md,papers,TRUE,bronze,http://www.cell.com/article/S153458071630750X/pdf,
10.1016/j.devcel.2019.02.022,Spatiotemporal Developmental Trajectories in the Arabidopsis Root Revealed Using,,ref-j-devcel-2019-02-022.md,papers,TRUE,bronze,http://www.cell.com/article/S1534580719301455/pdf,
10.1016/j.devcel.2020.07.003,Chromatin Accessibility Dynamics and a Hierarchical Transcriptional Regulatory N,,ref-j-devcel-2020-07-003.md,papers,TRUE,bronze,http://www.cell.com/article/S1534580720305517/pdf,
10.1016/j.devcel.2020.12.015,Single-cell RNA sequencing of developing maize ears facilitates functional analy,,ref-j-devcel-2020-12-015.md,papers,TRUE,bronze,http://www.cell.com/article/S1534580720310212/pdf,
10.1016/j.devcel.2022.01.013,Plant glutamate receptors mediate a bet-hedging strategy between regeneration an,,ref-j-devcel-2022-01-013.md,papers,TRUE,green,https://www.ncbi.nlm.nih.gov/pmc/articles/8891089,
10.1016/j.devcel.2022.04.011,The single-cell stereo-seq reveals region-specific cell subtypes and transcripto,,ref-j-devcel-2022-04-011.md,papers,TRUE,bronze,http://www.cell.com/article/S1534580722002519/pdf,
10.1016/j.devcel.2024.12.019,Glutathione accelerates the cell cycle and cellular reprogramming in plant regen,,ref-j-devcel-2024-12-019.md,papers,TRUE,green,https://pmc.ncbi.nlm.nih.gov/articles/PMC12278113/pdf/nihms-2091722.pdf,
10.1016/j.gecco.2024.e02863,Responses of belowground fine root biomass and morphology in Robinia pseudoacaci,,ref-j-gecco-2024-e02863.md,papers,TRUE,gold,https://doi.org/10.1016/j.gecco.2024.e02863,
10.1016/j.gpb.2020.07.004,Evaluation of Cell Type Annotation R Packages on Single-cell RNA-seq Data.,,ref-j-gpb-2020-07-004.md,papers,TRUE,gold,https://doi.org/10.1016/j.gpb.2020.07.004,
10.1016/j.gpb.2022.09.005,"A Survey on Methods for Predicting Polyadenylation Sites from DNA Sequences, Bul",,ref-j-gpb-2022-09-005.md,papers,TRUE,gold,https://doi.org/10.1016/j.gpb.2022.09.005,
10.1016/j.molcel.2015.04.005,The technology and biology of single-cell RNA sequencing.,,ref-j-molcel-2015-04-005.md,papers,TRUE,bronze,http://www.cell.com/article/S1097276515002610/pdf,
10.1016/j.molcel.2015.05.005,Advances and applications of single-cell sequencing technologies.,,ref-j-molcel-2015-05-005.md,papers,TRUE,bronze,http://www.cell.com/article/S109727651500341X/pdf,
10.1016/j.molcel.2017.01.023,Comparative Analysis of Single-Cell RNA Sequencing Methods.,,ref-j-molcel-2017-01-023.md,papers,TRUE,bronze,http://www.cell.com/article/S1097276517300497/pdf,
10.1016/j.molcel.2017.06.003,Single-Cell Alternative Splicing Analysis with Expedition Reveals Splicing Dynam,,ref-j-molcel-2017-06-003.md,papers,TRUE,green,https://www.ncbi.nlm.nih.gov/pmc/articles/5540791,
10.1016/j.molcel.2018.07.022,A Growing Toolbox to Image Gene Expression in Single Cells: Sensitive Approaches,,ref-j-molcel-2018-07-022.md,papers,TRUE,bronze,http://www.cell.com/article/S1097276518305914/pdf,
10.1016/j.molp.2020.10.012,Single-Cell Transcriptome Analysis in Plants: Advances and Challenges.,,ref-j-molp-2020-10-012.md,papers,TRUE,bronze,http://www.cell.com/article/S1674205220303798/pdf,
10.1016/j.molp.2021.05.028,Reconstruction of lateral root formation through single-cell RNA sequencing reve,,ref-j-molp-2021-05-028.md,papers,TRUE,bronze,http://www.cell.com/article/S1674205221001891/pdf,
10.1016/j.molp.2022.10.016,MINI-EX: Integrative inference of single-cell gene regulatory networks in plants,,ref-j-molp-2022-10-016.md,papers,TRUE,bronze,http://www.cell.com/article/S1674205222003689/pdf,
10.1016/j.molp.2022.10.019,Differentiation trajectories and biofunctions of symbiotic and un-symbiotic fate,,ref-j-molp-2022-10-019.md,papers,TRUE,bronze,http://www.cell.com/article/S1674205222003719/pdf,
10.1016/j.molp.2022.10.021,Cell-specific pathways recruited for symbiotic nodulation in the Medicago trunca,,ref-j-molp-2022-10-021.md,papers,TRUE,bronze,http://www.cell.com/article/S1674205222003732/pdf,
10.1016/j.molp.2023.03.005,High-resolution anatomical and spatial transcriptome analyses reveal two types o,,ref-j-molp-2023-03-005.md,papers,TRUE,bronze,http://www.cell.com/article/S1674205223000692/pdf,
10.1016/j.molp.2026.03.005,WIND1 controls cell fate transition through coordinately integrating histone ace,,ref-j-molp-2026-03-005.md,papers,TRUE,hybrid,https://doi.org/10.1016/j.molp.2026.03.005,
10.1016/j.pbi.2019.09.003,A single-cell view of tissue regeneration in plants.,,ref-j-pbi-2019-09-003.md,papers,TRUE,hybrid,https://doi.org/10.1016/j.pbi.2019.09.003,
10.1016/J.PBI.2020.04.002,The promise of single-cell genomics in plants.,,ref-j-pbi-2020-04-002.md,papers,TRUE,green,https://www.ncbi.nlm.nih.gov/pmc/articles/7971421,
10.1016/j.plantsci.2019.01.011,Review: New sensors and data-driven approaches-A path to next generation phenomi,,ref-j-plantsci-2019-01-011.md,papers,TRUE,hybrid,https://doi.org/10.1016/j.plantsci.2019.01.011,
10.1016/j.tig.2017.05.002,Uncovering Gene Regulatory Networks Controlling Plant Cell Differentiation.,,ref-j-tig-2017-05-002.md,papers,TRUE,green,https://www.ncbi.nlm.nih.gov/pmc/articles/5522350,
10.1016/j.tplants.2018.07.004,Deep Learning for Plant Stress Phenotyping: Trends and Future Perspectives.,,ref-j-tplants-2018-07-004.md,papers,TRUE,bronze,http://www.cell.com/article/S1360138518301572/pdf,
10.1016/j.tplants.2019.03.007,To Divide or Differentiate: It Is about Scaffolding.,,ref-j-tplants-2019-03-007.md,papers,TRUE,green,https://www.ncbi.nlm.nih.gov/pmc/articles/7181405,
10.1016/j.tplants.2019.10.008,Single-Cell Transcriptomics: A High-Resolution Avenue for Plant Functional Genom,,ref-j-tplants-2019-10-008.md,papers,TRUE,hybrid,http://www.cell.com/article/S1360138519302729/pdf,
10.1016/j.tplants.2021.08.016,Crafting a blueprint for single-cell RNA sequencing.,,ref-j-tplants-2021-08-016.md,papers,TRUE,bronze,http://www.cell.com/article/S1360138521002478/pdf,
10.1016/j.xplc.2020.100136,Developmental and genomic architecture of plant embryogenesis: from model plant ,,ref-j-xplc-2020-100136.md,papers,TRUE,gold,https://www.sciencedirect.com/science/article/pii/S2590346220301796?via%3Dihub,
10.1016/j.xplc.2022.100508,"Single-cell and spatial multi-omics in the plant sciences: Technical advances, a",,ref-j-xplc-2022-100508.md,papers,TRUE,gold,https://doi.org/10.1016/j.xplc.2022.100508,
10.1016/j.xplc.2024.100984,Single-cell transcriptome atlases of soybean root and mature nodule reveal new r,,ref-j-xplc-2024-100984.md,papers,TRUE,gold,https://doi.org/10.1016/j.xplc.2024.100984,
10.1074/jbc.M207570200,Cell cycle-regulated gene expression in Arabidopsis.,,ref-jbc-M207570200.md,papers,TRUE,hybrid,http://www.jbc.org/article/S002192581972050X/pdf,
10.1074/jbc.M409024200,"Curcumin, a novel p300/CREB-binding protein-specific inhibitor of acetyltransfer",,ref-jbc-M409024200.md,papers,TRUE,hybrid,http://www.jbc.org/article/S0021925820694054/pdf,
10.1242/jcs.228551,The plant stomatal lineage at a glance.,,ref-jcs-228551.md,papers,TRUE,bronze,https://jcs.biologists.org/content/joces/132/8/jcs228551.full.pdf,
10.1111/jipb.13272,WHIRLY1 recruits the histone deacetylase HDA15 repressing leaf senescence and fl,,ref-jipb-13272.md,papers,TRUE,hybrid,https://onlinelibrary.wiley.com/doi/pdfdirect/10.1111/jipb.13272,
10.1371/journal.pbio.0040143,Whole-genome analysis of the SHORT-ROOT developmental pathway in Arabidopsis.,,ref-journal-pbio-0040143.md,papers,TRUE,green,https://figshare.com/articles/Whole_Genome_Analysis_of_the_SHORT_ROOT_Developmental_Pathway_in_Arabidopsis_/153525,
10.1371/journal.pcbi.1009466,Optimal transport analysis reveals trajectories in steady-state systems.,,ref-journal-pcbi-1009466.md,papers,TRUE,gold,https://doi.org/10.1371/journal.pcbi.1009466,
10.1371/journal.pgen.1002446,A gene regulatory network for root epidermis cell differentiation in Arabidopsis,,ref-journal-pgen-1002446.md,papers,TRUE,gold,https://journals.plos.org/plosgenetics/article/file?id=10.1371/journal.pgen.1002446&type=printable,
10.1371/journal.pgen.1010473,MYB44-ENAP1/2 restricts HDT4 to regulate drought tolerance in Arabidopsis.,,ref-journal-pgen-1010473.md,papers,TRUE,gold,https://journals.plos.org/plosgenetics/article/file?id=10.1371/journal.pgen.1010473&type=printable,
10.1371/journal.pone.0157022,SARTools: A DESeq2- and EdgeR-Based R Pipeline for Comprehensive Differential An,,ref-journal-pone-0157022.md,papers,TRUE,gold,https://journals.plos.org/plosone/article/file?id=10.1371/journal.pone.0157022&type=printable,
10.1371/journal.pone.0217196,Alternative polyadenylation of single cells delineates cell types and serves as ,,ref-journal-pone-0217196.md,papers,TRUE,gold,https://doi.org/10.1371/journal.pone.0217196,
10.1093/plphys/kiad030,Alternative 3'-untranslated regions regulate high-salt tolerance of Spartina alt,,ref-kiad030.md,papers,TRUE,bronze,https://academic.oup.com/plphys/article-pdf/191/4/2570/49789722/kiad030.pdf,
10.1093/plcell/koab243,Interactions between SQUAMOSA and SHORT VEGETATIVE PHASE MADS-box proteins regul,,ref-koab243.md,papers,TRUE,hybrid,https://academic.oup.com/plcell/article-pdf/33/12/3621/42297589/koab243.pdf,
10.1093/plcell/koac167,Leaf cell-specific and single-cell transcriptional profiling reveals a role for ,,ref-koac167.md,papers,TRUE,hybrid,https://academic.oup.com/plcell/article-pdf/34/9/3261/45528838/koac167.pdf,
10.1093/plcell/koad028,PAT1-type GRAS-domain proteins control regeneration by activating DOF3.4 to driv,,ref-koad028.md,papers,TRUE,bronze,https://academic.oup.com/plcell/article-pdf/35/5/1513/50048862/koad028.pdf,
10.1093/plcell/koad255,Transcriptional activation by WRKY23 and derepression by removal of bHLH041 coor,,ref-koad255.md,papers,TRUE,green,https://pmc.ncbi.nlm.nih.gov/articles/PMC10734573/pdf/koad255.pdf,
10.1093/plcell/koae003,"Best practices for the execution, analysis, and data storage of plant single-cel",,ref-koae003.md,papers,TRUE,hybrid,https://academic.oup.com/plcell/advance-article-pdf/doi/10.1093/plcell/koae003/56168407/koae003.pdf,
10.1093/aob/mcz160,The SAUR41 subfamily of SMALL AUXIN UP RNA genes is abscisic acid inducible to m,,ref-mcz160.md,papers,TRUE,bronze,https://academic.oup.com/aob/article-pdf/125/5/805/33125962/mcz160.pdf,
10.1038/msb.2010.53,Targeted interactomics reveals a complex core cell cycle machinery in Arabidopsi,,ref-msb-2010-53.md,papers,TRUE,gold,https://doi.org/10.1038/msb.2010.53,
10.1038/msb.2013.40,A map of cell type-specific auxin responses.,,ref-msb-2013-40.md,papers,TRUE,gold,https://onlinelibrary.wiley.com/doi/pdfdirect/10.1038/msb.2013.40,
10.15252/msb.20156198,Single-cell polyadenylation site mapping reveals 3' isoform choice variability.,,ref-msb-20156198.md,papers,TRUE,gold,https://onlinelibrary.wiley.com/doi/pdfdirect/10.15252/msb.20156198,
10.1093/molbev/msw054,MEGA7: Molecular Evolutionary Genetics Analysis Version 7.0 for Bigger Datasets.,,ref-msw054.md,papers,TRUE,bronze,https://academic.oup.com/mbe/article-pdf/33/7/1870/38653085/mbe_33_7_1870.pdf,
10.1038/nature07597,Organ regeneration does not require a functional stem cell niche in plants.,,ref-nature07597.md,papers,TRUE,green,https://www.ncbi.nlm.nih.gov/pmc/articles/2649681,
10.1038/nbt.2859,The dynamics and regulators of cell fate decisions are revealed by pseudotempora,,ref-nbt-2859.md,papers,TRUE,green,https://www.ncbi.nlm.nih.gov/pmc/articles/4122333,
10.1038/nbt.3519,Near-optimal probabilistic RNA-seq quantification.,,ref-nbt-3519.md,papers,TRUE,green,https://zotero.org/groups/5435545/items/NFKEB9HK,
10.1038/ng.3937,Cis and trans determinants of epigenetic silencing by Polycomb repressive comple,,ref-ng-3937.md,papers,TRUE,green,https://www.pure.ed.ac.uk/ws/files/44027871/Goodrich_NG_main_submission_and_supplementary_2017.pdf,
10.1038/ng.548,Variance component model to account for sample structure in genome-wide associat,,ref-ng-548.md,papers,TRUE,bronze,https://www.nature.com/articles/ng.548.pdf,
10.1038/nmeth.4407,Massively parallel single-nucleus RNA-seq with DroNc-seq.,,ref-nmeth-4407.md,papers,TRUE,bronze,https://www.nature.com/articles/nmeth.4407.pdf,
10.1038/nmeth.4463,SCENIC: single-cell regulatory network inference and clustering.,,ref-nmeth-4463.md,papers,TRUE,bronze,https://www.nature.com/articles/nmeth.4463.pdf,
10.1111/nph.13687,50 years of Arabidopsis research: highlights and future directions.,,ref-nph-13687.md,papers,TRUE,green,https://www.osti.gov/servlets/purl/1335407,
10.1111/nph.17469,Integration of genome wide association studies and co-expression networks reveal,,ref-nph-17469.md,papers,TRUE,bronze,https://onlinelibrary.wiley.com/doi/pdfdirect/10.1111/nph.17469,
10.1111/nph.17594,"WIND transcription factors orchestrate wound-induced callus formation, vascular ",,ref-nph-17594.md,papers,TRUE,bronze,https://onlinelibrary.wiley.com/doi/pdfdirect/10.1111/nph.17594,
10.1111/nph.18775,RRS1 shapes robust root system to enhance drought resistance in rice.,,ref-nph-18775.md,papers,TRUE,bronze,https://onlinelibrary.wiley.com/doi/pdfdirect/10.1111/nph.18775,
10.1111/nph.19676,Plant root mechanisms and their effects on carbon and nutrient accumulation in d,,ref-nph-19676.md,papers,TRUE,hybrid,https://onlinelibrary.wiley.com/doi/pdfdirect/10.1111/nph.19676,
10.1111/nph.70160,Single-cell multiome reveals root hair-specific responses to salt stress.,,ref-nph-70160.md,papers,TRUE,hybrid,https://onlinelibrary.wiley.com/doi/pdfdirect/10.1111/nph.70160,
10.1111/nph.70171,Regeneration and defense: unveiling the molecular interplay in plants.,,ref-nph-70171.md,papers,TRUE,hybrid,https://onlinelibrary.wiley.com/doi/pdfdirect/10.1111/nph.70171,
10.1111/nph.70220,Exploring the untapped potential of single-cell and spatial omics in plant biolo,,ref-nph-70220.md,papers,TRUE,hybrid,https://onlinelibrary.wiley.com/doi/pdfdirect/10.1111/nph.70220,
10.1111/pbi.12893,"PeCHYR1, a ubiquitin E3 ligase from Populus euphratica, enhances drought toleran",,ref-pbi-12893.md,papers,TRUE,gold,https://onlinelibrary.wiley.com/doi/pdfdirect/10.1111/pbi.12893,
10.1111/pbi.13696,The wheat AGL6-like MADS-box gene is a master regulator for floral organ identit,,ref-pbi-13696.md,papers,TRUE,gold,https://onlinelibrary.wiley.com/doi/pdfdirect/10.1111/pbi.13696,
10.1111/pbi.13891,Single-cell transcriptome atlas reveals developmental trajectories and a novel m,,ref-pbi-13891.md,papers,TRUE,gold,https://doi.org/10.1111/pbi.13891,
10.1111/pbi.13893,PlantPhoneDB: A manually curated pan-plant database of ligand-receptor pairs inf,,ref-pbi-13893.md,papers,TRUE,gold,https://onlinelibrary.wiley.com/doi/pdfdirect/10.1111/pbi.13893,
10.1111/pbi.14097,Single-cell RNA sequencing profiles reveal cell type-specific transcriptional re,,ref-pbi-14097.md,papers,TRUE,gold,https://onlinelibrary.wiley.com/doi/pdfdirect/10.1111/pbi.14097,
10.1111/pbi.14306,ScRNA-seq reveals dark- and light-induced differentially expressed gene atlases ,,ref-pbi-14306.md,papers,TRUE,gold,https://onlinelibrary.wiley.com/doi/pdfdirect/10.1111/pbi.14306,
10.1111/pce.12691,Joint genetic and network analyses identify loci associated with root growth und,,ref-pce-12691.md,papers,TRUE,bronze,https://onlinelibrary.wiley.com/doi/pdfdirect/10.1111/pce.12691,
10.1093/pcp/pct167,Members of the NPF3 transporter subfamily encode pathogen-inducible nitrate/nitr,,ref-pct167.md,papers,TRUE,bronze,https://academic.oup.com/pcp/article-pdf/55/1/162/17185797/pct167.pdf,
10.1093/pcp/pcu020,A unique HEAT repeat-containing protein SHOOT GRAVITROPISM6 is involved in vacuo,,ref-pcu020.md,papers,TRUE,hybrid,https://academic.oup.com/pcp/article-pdf/55/4/811/17185594/pcu020.pdf,
10.1093/pcp/pcv110,Calpain-Mediated Positional Information Directs Cell Wall Orientation to Sustain,,ref-pcv110.md,papers,TRUE,bronze,https://academic.oup.com/pcp/article-pdf/56/9/1855/17912806/pcv110.pdf,
10.1093/pcp/pcx172,A Conceptual Framework for Cell Identity Transitions in Plants.,,ref-pcx172.md,papers,TRUE,bronze,https://academic.oup.com/pcp/article-pdf/59/4/696/26684211/pcx172.pdf,
10.7717/peerj.15587,Response of <i>in situ</i> root phenotypes to potassium stress in cotton.,,ref-peerj-15587.md,papers,TRUE,gold,https://doi.org/10.7717/peerj.15587,
10.1093/pnasnexus/pgad002,Histone deacetylation regulates de novo shoot regeneration.,,ref-pgad002.md,papers,TRUE,gold,https://academic.oup.com/pnasnexus/advance-article-pdf/doi/10.1093/pnasnexus/pgad002/48524761/pgad002.pdf,
10.1093/aobpla/plab056,RhizoVision Explorer: open-source software for root image analysis and measureme,,ref-plab056.md,papers,TRUE,gold,https://academic.oup.com/aobpla/article-pdf/13/6/plab056/41139147/plab056.pdf,
10.3390/plants13213108,Plant Growth Regulators: An Overview of WOX Gene Family.,,ref-plants13213108.md,papers,TRUE,gold,https://www.mdpi.com/2223-7747/13/21/3108/pdf?version=1730719691,
10.3390/plants9050615,Gravity-Sensing Tissues for Gravitropism Are Required for ,,ref-plants9050615.md,papers,TRUE,gold,https://www.mdpi.com/2223-7747/9/5/615/pdf?version=1590649316,
10.1073/pnas.0510607103,Transcriptional and posttranscriptional regulation of transcription factor expre,,ref-pnas-0510607103.md,papers,TRUE,green,https://www.ncbi.nlm.nih.gov/pmc/articles/2111400,
10.1073/pnas.0706984104,Identification of acyltransferases required for cutin biosynthesis and productio,,ref-pnas-0706984104.md,papers,TRUE,green,https://www.ncbi.nlm.nih.gov/pmc/articles/2084344,
10.1073/pnas.0709559105,Cell-specific nitrogen responses mediate developmental plasticity.,,ref-pnas-0709559105.md,papers,TRUE,green,https://www.ncbi.nlm.nih.gov/pmc/articles/2206617,
10.1073/pnas.0900843106,Gene expression map of the Arabidopsis shoot apical meristem stem cell niche.,,ref-pnas-0900843106.md,papers,TRUE,green,https://www.ncbi.nlm.nih.gov/pmc/articles/2660727,
10.1073/pnas.1210789109,Arabidopsis lateral organ boundaries negatively regulates brassinosteroid accumu,,ref-pnas-1210789109.md,papers,TRUE,bronze,https://www.pnas.org/content/pnas/109/51/21146.full.pdf,
10.1073/pnas.1507691112,The MYB36 transcription factor orchestrates Casparian strip formation.,,ref-pnas-1507691112.md,papers,TRUE,bronze,https://www.pnas.org/content/pnas/112/33/10533.full.pdf,
10.1073/pnas.1515576112,MYB36 regulates the transition from proliferation to differentiation in the Arab,,ref-pnas-1515576112.md,papers,TRUE,bronze,https://www.pnas.org/content/pnas/112/39/12099.full.pdf,
10.1073/pnas.1707400114,Framework for gradual progression of cell ontogeny in the &lt;i&gt;Arabidopsis&l,,ref-pnas-1707400114.md,papers,TRUE,bronze,https://www.pnas.org/content/pnas/114/42/E8922.full.pdf,
10.1073/pnas.1820882116,EXPANSIN A1-mediated radial swelling of pericycle cells positions anticlinal cel,,ref-pnas-1820882116.md,papers,TRUE,bronze,https://www.pnas.org/content/pnas/116/17/8597.full.pdf,
10.1073/pnas.2003346117,Wounding-induced changes in cellular pressure and localized auxin signalling spa,,ref-pnas-2003346117.md,papers,TRUE,bronze,https://www.pnas.org/content/pnas/117/26/15322.full.pdf,
10.1073/pnas.2005256118,The <i>Arabidopsis</i> GRAS-type SCL28 transcription factor controls the mitotic,,ref-pnas-2005256118.md,papers,TRUE,green,https://www.ncbi.nlm.nih.gov/pmc/articles/8017936,
10.1073/pnas.2201350119,Root angle is controlled by &lt;i&gt;EGT1&lt;/i&gt; in cereal crops employing an,,ref-pnas-2201350119.md,papers,TRUE,hybrid,https://doi.org/10.1073/pnas.2201350119,
10.1073/pnas.2310163120,Spatial transcriptomics reveals light-induced chlorenchyma cells involved in pro,,ref-pnas-2310163120.md,papers,TRUE,green,https://pmc.ncbi.nlm.nih.gov/articles/PMC10515167/pdf/pnas.202310163.pdf,
10.1073/pnas.250473797,Genetic evidence for the in planta role of phloem-specific plasma membrane sucro,,ref-pnas-250473797.md,papers,TRUE,green,https://www.ncbi.nlm.nih.gov/pmc/articles/17686,
10.1104/pp.010323,"AtREM1, a member of a new family of B3 domain-containing genes, is preferentiall",,ref-pp-010323.md,papers,TRUE,bronze,https://academic.oup.com/plphys/article-pdf/128/2/418/38686747/plphys_v128_2_418.pdf,
10.1104/pp.104.055756,"Arabidopsis thickvein mutation affects vein thickness and organ vascularization,",,ref-pp-104-055756.md,papers,TRUE,bronze,https://academic.oup.com/plphys/article-pdf/138/2/767/37825858/plphys_v138_2_767.pdf,
10.1104/pp.105.060541,Compilation of mRNA polyadenylation signals in Arabidopsis revealed a new signal,,ref-pp-105-060541.md,papers,TRUE,bronze,https://academic.oup.com/plphys/article-pdf/138/3/1457/37828028/plphys_v138_3_1457.pdf,
10.1104/pp.105.065045,Protein geranylgeranyltransferase I is involved in specific aspects of abscisic ,,ref-pp-105-065045.md,papers,TRUE,bronze,https://academic.oup.com/plphys/article-pdf/139/2/722/37838037/plphys_v139_2_722.pdf,
10.1104/pp.105.070565,The Arabidopsis zinc finger-homeodomain genes encode proteins with unique bioche,,ref-pp-105-070565.md,papers,TRUE,green,https://www.ncbi.nlm.nih.gov/pmc/articles/1400567,
10.1104/pp.106.076604,AINTEGUMENTA contributes to organ polarity and regulates growth of lateral organ,,ref-pp-106-076604.md,papers,TRUE,bronze,https://academic.oup.com/plphys/article-pdf/141/3/977/37849616/plphys_v141_3_977.pdf,
10.1104/pp.106.087262,Combining expression and comparative evolutionary analysis. The COBRA gene famil,,ref-pp-106-087262.md,papers,TRUE,hybrid,https://academic.oup.com/plphys/article-pdf/143/1/172/37063597/plphys_v143_1_172.pdf,
10.1104/pp.107.111674,The Arabidopsis histone deacetylases HDA6 and HDA19 contribute to the repression,,ref-pp-107-111674.md,papers,TRUE,green,https://www.ncbi.nlm.nih.gov/pmc/articles/2230551,
10.1104/pp.109.1.7,Root Architecture and Plant Productivity.,,ref-pp-109-1-7.md,papers,TRUE,bronze,https://academic.oup.com/plphys/article-pdf/109/1/7/35533131/plphys_v109_1_7.pdf,
10.1104/pp.109.142505,Arabidopsis LON2 is necessary for peroxisomal function and sustained matrix prot,,ref-pp-109-142505.md,papers,TRUE,hybrid,https://academic.oup.com/plphys/article-pdf/151/3/1354/37114772/plphys_v151_3_1354.pdf,
10.1104/pp.110.165126,"Short-Root regulates primary, lateral, and adventitious root development in Arab",,ref-pp-110-165126.md,papers,TRUE,hybrid,https://doi.org/10.1104/pp.110.165126,
10.1104/pp.111.183178,Genome-wide direct target analysis reveals a role for SHORT-ROOT in root vascula,,ref-pp-111-183178.md,papers,TRUE,hybrid,http://www.plantphysiol.org/content/plantphysiol/157/3/1221.full.pdf,
10.1104/pp.111.186221,RooTrak: automated recovery of three-dimensional plant root architecture in soil,,ref-pp-111-186221.md,papers,TRUE,green,https://www.ncbi.nlm.nih.gov/pmc/articles/3271750,
10.1104/pp.112.198341,"Auxin and epigenetic regulation of SKP2B, an F-box that represses lateral root f",,ref-pp-112-198341.md,papers,TRUE,hybrid,http://www.plantphysiol.org/content/plantphysiol/160/2/749.full.pdf,
10.1104/pp.112.201822,Identification of an Arabidopsis fatty alcohol:caffeoyl-Coenzyme A acyltransfera,,ref-pp-112-201822.md,papers,TRUE,hybrid,http://www.plantphysiol.org/content/plantphysiol/160/1/237.full.pdf,
10.1104/pp.113.233916,The optimal lateral root branching density for maize depends on nitrogen and pho,,ref-pp-113-233916.md,papers,TRUE,hybrid,http://www.plantphysiol.org/content/plantphysiol/166/2/590.full.pdf,
10.1104/pp.114.238873,The Emerging Role of Reactive Oxygen Species Signaling during Lateral Root Devel,,ref-pp-114-238873.md,papers,TRUE,bronze,http://www.plantphysiol.org/content/plantphysiol/165/3/1105.full.pdf,
10.1104/pp.124.4.1658,An enhancer trap line associated with a D-class cyclin gene in Arabidopsis.,,ref-pp-124-4-1658.md,papers,TRUE,bronze,https://academic.oup.com/plphys/article-pdf/124/4/1658/38676716/plphys_v124_4_1658.pdf,
10.1104/pp.15.01483,Seed Dormancy in Arabidopsis Is Controlled by Alternative Polyadenylation of DOG,,ref-pp-15-01483.md,papers,TRUE,bronze,http://www.plantphysiol.org/content/plantphysiol/170/2/947.full.pdf,
10.1104/pp.17.01332,The Distinct Roles of Class I and II RPD3-Like Histone Deacetylases in Salinity ,,ref-pp-17-01332.md,papers,TRUE,bronze,http://www.plantphysiol.org/content/plantphysiol/175/4/1760.full.pdf,
10.1104/pp.18.00463,"A Comprehensive Toolkit for Inducible, Cell Type-Specific Gene Expression in Ara",,ref-pp-18-00463.md,papers,TRUE,hybrid,http://www.plantphysiol.org/content/plantphysiol/178/1/40.full.pdf,
10.1104/pp.19.00943,PlantAPAdb: A Comprehensive Database for Alternative Polyadenylation Sites in Pl,,ref-pp-19-00943.md,papers,TRUE,hybrid,https://doi.org/10.1104/pp.19.00943,
10.4161/psb.5.10.13168,Role of histone deacetylases HDA6 and HDA19 in ABA and abiotic stress response.,,ref-psb-5-10-13168.md,papers,TRUE,bronze,https://www.tandfonline.com/doi/pdf/10.4161/psb.5.10.13168?needAccess=true,
10.1093/gpbjnl/qzae026,Opportunities and Challenges in Advancing Plant Research with Single-cell Omics.,,ref-qzae026.md,papers,TRUE,gold,https://academic.oup.com/gpb/article-pdf/22/2/qzae026/58531229/qzae026.pdf,
10.1002/reg2.33,The art of fin regeneration in zebrafish.,,ref-reg2-33.md,papers,TRUE,hybrid,https://onlinelibrary.wiley.com/doi/pdfdirect/10.1002/reg2.33,
10.1186/s13059-017-1382-0,SCANPY: large-scale single-cell gene expression data analysis.,,ref-s13059-017-1382-0.md,papers,TRUE,gold,https://genomebiology.biomedcentral.com/track/pdf/10.1186/s13059-017-1382-0,
10.1186/s13059-018-1496-z,Single-cell RNAseq for the study of isoforms-how is that possible?,,ref-s13059-018-1496-z.md,papers,TRUE,gold,https://genomebiology.biomedcentral.com/track/pdf/10.1186/s13059-018-1496-z,
10.1038/s41586-018-0837-0,High levels of auxin signalling define the stem-cell organizer of the vascular c,,ref-s41586-018-0837-0.md,papers,TRUE,green,http://hdl.handle.net/10138/325525,
10.1038/s41587-019-0068-4,Characterization of cell fate probabilities in single-cell data with Palantir.,,ref-s41587-019-0068-4.md,papers,TRUE,green,https://www.ncbi.nlm.nih.gov/pmc/articles/7549125,
10.1126/science.aaa6090,"RNA imaging. Spatially resolved, highly multiplexed RNA profiling in single cell",,ref-science-aaa6090.md,papers,TRUE,green,http://nrs.harvard.edu/urn-3:HUL.InstRepos:17467198,
10.1126/science.aar3131,Single-cell reconstruction of developmental trajectories during zebrafish embryo,,ref-science-aar3131.md,papers,TRUE,bronze,https://www.science.org/cms/asset/a5cc9ab2-2b02-4fca-a7ca-c6e92cf6c1a9/pap.pdf,
10.1126/science.aar5780,The dynamics of gene expression in vertebrate embryogenesis at single-cell resol,,ref-science-aar5780.md,papers,TRUE,green,https://www.ncbi.nlm.nih.gov/pmc/articles/6038144,
10.1126/science.aat5691,Three-dimensional intact-tissue sequencing of single-cell transcriptional states,,ref-science-aat5691.md,papers,TRUE,bronze,https://www.science.org/cms/asset/2755249e-a59e-45c9-b260-49ef59e0d929/pap.pdf,
10.1126/science.aax0249,Single-cell transcriptional diversity is a hallmark of developmental potential.,,ref-science-aax0249.md,papers,TRUE,green,http://hdl.handle.net/1887/3181938,
10.1126/science.aay4970,Vascular transcription factors guide plant epidermal responses to limiting phosp,,ref-science-aay4970.md,papers,TRUE,green,https://biblio.ugent.be/publication/8676802,
10.1093/mp/ssq018,Histone acetyltransferase AtGCN5/HAG1 is a versatile regulator of developmental ,,ref-ssq018.md,papers,TRUE,bronze,http://www.cell.com/article/S1674205214605190/pdf,
10.1199/tab.0120,The Arabidopsis cell division cycle.,,ref-tab-0120.md,papers,TRUE,bronze,https://bioone.org/journals/The-Arabidopsis-Book/volume-2009/issue-7/tab.0120/The-Arabidopsis-Cell-Division-Cycle/10.1199/tab.0120.pdf,
10.1105/tpc.006791,Arabidopsis E2Fc functions in cell division and is degraded by the ubiquitin-SCF,,ref-tpc-006791.md,papers,TRUE,bronze,https://academic.oup.com/plcell/article-pdf/14/12/3057/35426168/plcell_v14_12_3057.pdf,
10.1105/tpc.010434,Cell pattern in the Arabidopsis root epidermis determined by lateral inhibition ,,ref-tpc-010434.md,papers,TRUE,green,https://www.ncbi.nlm.nih.gov/pmc/articles/150583,
10.1105/tpc.104.028514,HISTONE DEACETYLASE19 is involved in jasmonic acid and ethylene signaling of pat,,ref-tpc-104-028514.md,papers,TRUE,green,http://dx.doi.org/10.1105/tpc.104.028514,
10.1105/tpc.105.031724,Transcriptional profile of the Arabidopsis root quiescent center.,,ref-tpc-105-031724.md,papers,TRUE,bronze,https://academic.oup.com/plcell/article-pdf/17/7/1908/36880497/plcell_v17_7_1908.pdf,
10.1105/tpc.106.044834,"SIAMESE, a plant-specific cell cycle regulator, controls endoreplication onset i",,ref-tpc-106-044834.md,papers,TRUE,bronze,https://academic.oup.com/plcell/article-pdf/18/11/3145/36905923/plcell_v18_11_3145.pdf,
10.1105/tpc.107.056069,High-resolution whole-mount imaging of three-dimensional tissue organization and,,ref-tpc-107-056069.md,papers,TRUE,bronze,https://academic.oup.com/plcell/article-pdf/20/6/1494/36914421/plcell_v20_6_1494.pdf,
10.1105/tpc.109.068072,SUMO E3 ligase HIGH PLOIDY2 regulates endocycle onset and meristem maintenance i,,ref-tpc-109-068072.md,papers,TRUE,hybrid,https://academic.oup.com/plcell/article-pdf/21/8/2284/36923807/plcell_v21_8_2284.pdf,
10.1105/tpc.110.073924,How a plant builds leaves.,,ref-tpc-110-073924.md,papers,TRUE,green,https://www.ncbi.nlm.nih.gov/pmc/articles/2879743,
10.1105/tpc.110.076083,TDIF peptide signaling regulates vascular stem cell proliferation via the WOX4 h,,ref-tpc-110-076083.md,papers,TRUE,bronze,https://academic.oup.com/plcell/article-pdf/22/8/2618/36931470/plcell_v22_8_2618.pdf,
10.1105/tpc.112.096107,Genome-wide control of polyadenylation site choice by CPSF30 in Arabidopsis.,,ref-tpc-112-096107.md,papers,TRUE,bronze,http://www.plantcell.org/content/plantcell/24/11/4376.full.pdf,
10.1105/tpc.114.133496,The root hair ,,ref-tpc-114-133496.md,papers,TRUE,green,https://www.ncbi.nlm.nih.gov/pmc/articles/4311213,
10.1105/tpc.114.133793,Cell differentiation and development in Arabidopsis are associated with changes ,,ref-tpc-114-133793.md,papers,TRUE,hybrid,http://www.plantcell.org/content/plantcell/26/12/4821.full.pdf,
10.1105/tpc.16.00575,The Arabidopsis LAZY1 Family Plays a Key Role in Gravity Signaling within Statoc,,ref-tpc-16-00575.md,papers,TRUE,green,https://www.ncbi.nlm.nih.gov/pmc/articles/5590491,
10.1105/tpc.16.00863,A Two-Step Model for de Novo Activation of <i>WUSCHEL</i> during Plant Shoot Reg,,ref-tpc-16-00863.md,papers,TRUE,bronze,http://www.plantcell.org/content/plantcell/29/5/1073.full.pdf,
10.1105/tpc.17.00983,A Spatiotemporal DNA Endoploidy Map of the Arabidopsis Root Reveals Roles for th,,ref-tpc-17-00983.md,papers,TRUE,bronze,http://www.plantcell.org/content/plantcell/30/10/2330.full.pdf,
10.1105/tpc.19.00279,Celebrating 20 Years of Genetic Discoveries in Legume Nodulation and Symbiotic N,,ref-tpc-19-00279.md,papers,TRUE,bronze,http://www.plantcell.org/content/plantcell/32/1/15.full.pdf,
10.1111/tpj.12118,AtLAZY1 is a signaling component required for gravitropism of the Arabidopsis th,,ref-tpj-12118.md,papers,TRUE,bronze,https://onlinelibrary.wiley.com/doi/pdfdirect/10.1111/tpj.12118,
10.1111/tpj.12129,A chemical complementation approach reveals genes and interactions of flavonoids,,ref-tpj-12129.md,papers,TRUE,bronze,https://onlinelibrary.wiley.com/doi/pdfdirect/10.1111/tpj.12129,
10.1111/tpj.13047,Extracting multiple interacting root systems using X-ray microcomputed tomograph,,ref-tpj-13047.md,papers,TRUE,hybrid,https://onlinelibrary.wiley.com/doi/pdfdirect/10.1111/tpj.13047,
10.1111/tpj.13470,DRO1 influences root system architecture in Arabidopsis and Prunus species.,,ref-tpj-13470.md,papers,TRUE,hybrid,https://onlinelibrary.wiley.com/doi/pdfdirect/10.1111/tpj.13470,
10.1111/tpj.13611,Role of cleavage and polyadenylation specificity factor 100: anchoring poly(A) s,,ref-tpj-13611.md,papers,TRUE,bronze,https://onlinelibrary.wiley.com/doi/pdfdirect/10.1111/tpj.13611,
10.1111/tpj.14209,Differential alternative polyadenylation contributes to the developmental diverg,,ref-tpj-14209.md,papers,TRUE,bronze,https://onlinelibrary.wiley.com/doi/pdfdirect/10.1111/tpj.14209,
10.1111/tpj.14670,SUPPRESSOR OF MAX2 1-LIKE 5 promotes secondary phloem formation during radial st,,ref-tpj-14670.md,papers,TRUE,hybrid,https://onlinelibrary.wiley.com/doi/pdfdirect/10.1111/tpj.14670,
10.1111/tpj.16437,Spatial transcriptomics drives a new era in plant research.,,ref-tpj-16437.md,papers,TRUE,hybrid,https://onlinelibrary.wiley.com/doi/pdfdirect/10.1111/tpj.16437,
10.1038/nprot.2007.199,Arabidopsis mesophyll protoplasts: a versatile cell system for transient gene ex,,ref3-10-1038-nprot-2007-199.md,papers,TRUE,bronze,https://www.nature.com/articles/nprot.2007.199.pdf,
10.1111/nph.17617,PIN-mediated polar auxin transport regulations in plant tropic responses.,,ref3-10-1111-nph-17617.md,papers,TRUE,hybrid,https://onlinelibrary.wiley.com/doi/pdfdirect/10.1111/nph.17617,
10.1016/j.jgg.2021.06.001,Single-cell transcriptome atlas of the leaf and root of rice seedlings.,,ref4-10-1016-j-jgg-2021-06-001.md,papers,TRUE,hybrid,https://doi.org/10.1016/j.jgg.2021.06.001,
10.1002/advs.202507818,Spatiotemporal Transcriptomic Atlas Reveals the Regulatory Mechanisms Underlying,,rice-blast-sc-spatial.md,papers,TRUE,gold,https://doi.org/10.1002/advs.202507818,
10.1111/nph.71285,Cross-stage single-cell and spatial metabolome analyses reveal periderm speciali,,salvia-tanshinone-sc-spatial.md,papers,TRUE,hybrid,https://doi.org/10.1111/nph.71285,
10.1111/acel.70179,Alternative Polyadenylation Contributes to Fibroblast Senescence in Pulmonary Fibrosis,"""Aging Cell""",sel-acel-70179.md,papers,TRUE,gold,https://doi.org/10.1111/acel.70179,
10.1002/advs.202416794,Transcriptome‐Wide Association Uncovers LncRNAs Controlling Seed Weight in Soybean,"""Advanced Science""",sel-advs-202416794.md,papers,TRUE,gold,https://onlinelibrary.wiley.com/doi/pdfdirect/10.1002/advs.202416794,
10.1002/advs.75436,Issue Information: (Adv. Sci. 29/2026),"""Advanced Science""",sel-advs-75436.md,papers,TRUE,gold,https://doi.org/10.1002/advs.75436,
10.1093/jnci/djae258,"Response to Hu, Zhou, and Sun","""JNCI: Journal of the National Cancer Institute""",sel-djae258.md,papers,TRUE,bronze,https://academic.oup.com/jnci/advance-article-pdf/doi/10.1093/jnci/djae258/59809625/djae258.pdf,
10.12688/f1000research.24956.1,gprofiler2 -- an R package for gene list functional enrichment analysis and namespace conversion toolset g:Profiler,"""F1000Research""",sel-f1000research-24956-1.md,papers,TRUE,gold,https://f1000research.com/articles/9-709/v1/pdf,
10.1093/plphys/kiab537,Shoot and root single cell sequencing reveals tissue- and daytime-specific transcriptome profiles,"""Plant Physiology""",shoot-and-root-single-cell-sequencing-reveals-tissue-and-daytime-specific-trans.md,papers,TRUE,hybrid,https://academic.oup.com/plphys/article-pdf/188/2/861/43393183/kiab537.pdf,
10.1016/j.xplc.2024.100978,Single-cell network analysis reveals gene expression programs for Arabidopsis root development and metabolism,"""Plant Communications""",single-cell-network-analysis-reveals-gene-expression-programs-for-arabidopsis-ro.md,papers,TRUE,gold,https://doi.org/10.1016/j.xplc.2024.100978,
10.1186/s13059-023-03032-6,Single-cell resolution analysis reveals the preparation for reprogramming the fate of stem cell niche in cotton lateral ,"""Genome Biology""",single-cell-resolution-analysis-reveals-the-preparation-for-reprogramming-the-fa.md,papers,TRUE,gold,https://genomebiology.biomedcentral.com/counter/pdf/10.1186/s13059-023-03032-6,
10.1016/j.xplc.2023.100554,Single-cell RNA landscape of the special fiber initiation process in Bombax ceiba,"""Plant Communications""",single-cell-rna-landscape-of-the-special-fiber-initiation-process-in-bombax-ceib.md,papers,TRUE,gold,https://doi.org/10.1016/j.xplc.2023.100554,
10.1111/pbi.13656,Single‐cell RNA‐seq describes the transcriptome landscape and identifies critical transcription factors in the leaf blad,"""Plant Biotechnology Journal""",single-cell-rna-seq-describes-the-transcriptome-landscape-and-identifies-critica.md,papers,TRUE,gold,https://doi.org/10.1111/pbi.13656,
10.1111/nph.17992,Single‐cell RNA‐sequencing of,"""New Phytologist""",single-cell-rna-sequencing-of-i-nicotiana-attenuata-i.md,papers,TRUE,green,https://www.ncbi.nlm.nih.gov/pmc/articles/9305527,
10.1111/pbi.13918,Single‐cell <scp>RNA</scp>‐seq reveals fate determination control of an individual fibre cell initiation in cotton (<i>G,"""Plant Biotechnology Journal""",single-cell-scp-rna-scp-seq-reveals-fate-determination-control-of-an-individu.md,papers,TRUE,gold,https://onlinelibrary.wiley.com/doi/pdfdirect/10.1111/pbi.13918,
10.1016/j.xplc.2023.100717,Single-cell transcriptome analysis dissects lncRNA-associated gene networks in Arabidopsis,"""Plant Communications""",single-cell-transcriptome-analysis-dissects-lncrna-associated-gene-networks-in-a.md,papers,TRUE,gold,https://doi.org/10.1016/j.xplc.2023.100717,
10.1038/s41477-023-01544-4,Time series single-cell transcriptional atlases reveal cell fate differentiation driven by light in Arabidopsis seedling,"""Nature Plants""",time-series-single-cell-transcriptional-atlases-reveal-cell-fate-differentiation.md,papers,TRUE,hybrid,https://www.nature.com/articles/s41477-023-01544-4.pdf,
10.1111/pbi.70672,Spatiotemporal Metabolome and Single-Nucleus Transcriptome Integration Illuminat,,tobacco-leaf-angle-sc-spatial.md,papers,TRUE,gold,https://doi.org/10.1111/pbi.70672,
10.1016/j.xplc.2023.100740,Transcriptional landscape of cotton roots in response to salt stress at single-cell resolution,"""Plant Communications""",transcriptional-landscape-of-cotton-roots-in-response-to-salt-stress-at-single-c.md,papers,TRUE,gold,https://doi.org/10.1016/j.xplc.2023.100740,
10.1038/s41477-019-0522-9,Transcriptional regulatory framework for vascular cambium development in Arabidopsis roots,"""Nature Plants""",transcriptional-regulatory-framework-for-vascular-cambium-development-in-arabido.md,papers,TRUE,green,https://doi.org/10.17863/cam.43155,
10.1016/j.cj.2026.03.017,Single-nucleus RNA sequencing reveals transcriptional response of wheat roots an,,wheat-salt-snrna.md,papers,TRUE,diamond,https://doi.org/10.1016/j.cj.2026.03.017,
10.1038/s41467-025-67587-7,蓝光增强ZmCRY1s与GL2互作调控玉米表皮蜡质组成,,zmcry1-gl2-wax-maize.md,papers,TRUE,gold,https://doi.org/10.1038/s41467-025-67587-7,
10.1093/plcell/koag144,SlSEC1- and SlSPY-mediated O-glycosylation stabilizes the transcription factor S,,daily-42135064.md,daily,TRUE,hybrid,https://doi.org/10.1093/plcell/koag144,
10.3389/fpls.2026.1810781,Deciphering the role of receptor-like kinases in the adaptation of Orinus specie,,daily-42137203.md,daily,TRUE,gold,https://doi.org/10.3389/fpls.2026.1810781,
10.1038/s41598-026-52821-z,"Irrigation-nutrient synergy improves productivity, soil fertility, and input use",,daily-42141108.md,daily,TRUE,gold,https://www.nature.com/articles/s41598-026-52821-z_reference.pdf,
10.64898/2026.05.04.722566,Linking sugar sensing to immunity in plants via O-glycosylation,,daily-42146548.md,daily,TRUE,green,https://www.biorxiv.org/content/biorxiv/early/2026/05/07/2026.05.04.722566.full.pdf,
10.1016/j.biortech.2026.134917,Optimizing solid-state fermentation of Trichoderma harzianum in packed-bed biore,,daily-42155776.md,daily,TRUE,hybrid,https://doi.org/10.1016/j.biortech.2026.134917,
10.1016/j.envpol.2026.128382,Ultrafine polystyrene nanoplastics penetrate roots and induce organelle damage a,,daily-42162827.md,daily,TRUE,hybrid,https://doi.org/10.1016/j.envpol.2026.128382,
10.1111/ppl.70937,Capturing Early-Stage Chilling Response in Field-Grown Sorghum and Maize by Inte,,daily-42165101.md,daily,TRUE,hybrid,https://doi.org/10.1111/ppl.70937,
10.1105/tpc.113.111229,A small heat shock protein from Arabidopsis thaliana regulates glyceraldehyde-3-,,daily-42171763.md,daily,TRUE,green,https://www.ncbi.nlm.nih.gov/pmc/articles/3784589,
10.1186/s13568-026-02077-7,Impact of altitude and temperature variation on microbial communities and fermen,,daily-42189357.md,daily,TRUE,gold,https://doi.org/10.1186/s13568-026-02077-7,
10.3389/fmicb.2017.00067,Effects of Replacing Whole-Crop Maize Silage with ,,daily-42193826.md,daily,TRUE,gold,https://www.frontiersin.org/articles/10.3389/fmicb.2017.00067/pdf,
10.1016/j.cmi.2016.09.017,Preliminary Evaluation of Gemini-Surfactant-Based Formulations for Antifungal Se,,daily-42197122.md,daily,TRUE,green,http://www.clinicalmicrobiologyandinfection.com/article/S1198743X16304232/pdf,
10.1104/pp.107.111740,,,daily-42197717.md,daily,TRUE,hybrid,https://academic.oup.com/plphys/article-pdf/146/2/323/38101282/plphys_v146_2_368.pdf,
10.1002/aah.10177,Dietary Substitution of Soybean Meal With ,,daily-42200157.md,daily,TRUE,bronze,https://onlinelibrary.wiley.com/doi/pdfdirect/10.1002/aah.10177,
10.1242/dev.205745,Computational model of flower pattern evolution predicts spontaneous emergence o,,daily-42206349.md,daily,TRUE,hybrid,https://doi.org/10.1242/dev.205745,
10.1002/advs.202516159,A Rare Allele of ST5 From Wild Rice Enhances Salt Tolerance in Rice,,daily-42206449.md,daily,TRUE,gold,https://doi.org/10.1002/advs.202516159,
10.1021/acs.jafc.6c02800,Mechanistic Model for Simulating Pesticide Uptake into Maize Pollen,,daily-42207581.md,daily,TRUE,hybrid,https://doi.org/10.1021/acs.jafc.6c02800,
10.1016/j.micpath.2026.108590,Unleashing the biocontrol and plant growth promoting potential of native rhizosp,,daily-42208692.md,daily,TRUE,hybrid,https://doi.org/10.1016/j.micpath.2026.108590,
10.1038/s41598-026-54360-z,"Thrombin is increased in diabetic retinal pathology in the STZ mice model, and i",,daily-42209585.md,daily,TRUE,gold,https://www.nature.com/articles/s41598-026-54360-z_reference.pdf,
10.1186/s12870-026-09070-z,Genome-wide analysis of the PRT gene family in rice reveals that OsPRT7 plays a ,,daily-42210059.md,daily,TRUE,gold,https://doi.org/10.1186/s12870-026-09070-z,
10.1186/s12870-026-09083-8,Microhabitat-driven acclimation links functional and germination traits in the n,,daily-42210088.md,daily,TRUE,gold,https://doi.org/10.1186/s12870-026-09083-8,
10.1111/nph.71298,"EMF2 deficiency disrupts epigenetic and chromatin organization landscapes, block",,daily-42210433.md,daily,TRUE,hybrid,https://doi.org/10.1111/nph.71298,
10.1016/j.xplc.2026.101939,AtMYB2 downstream targets AtMYB48 and AtbHLH68 redundantly regulate cambial cell,,daily-42210603.md,daily,TRUE,gold,https://doi.org/10.1016/j.xplc.2026.101939,
10.1111/mpp.70253,RNAi-Mediated Attenuation of CsCalS7-Related Transcripts Mitigates Callose Accum,,daily-42210679.md,daily,TRUE,gold,https://doi.org/10.1111/mpp.70253,
10.1016/j.mtbio.2026.103206,Time-sequentially released bilayer sandwich cerium oxide nanoparticles on femtos,,daily-42211067.md,daily,TRUE,gold,https://doi.org/10.1016/j.mtbio.2026.103206,
10.3389/fpls.2026.1818796,Fungal foe: exploring cotton's physiological responses to Verticillium wilt,,daily-42211466.md,daily,TRUE,gold,https://doi.org/10.3389/fpls.2026.1818796,
10.3389/fpls.2026.1833397,Regulating growth and stress responses in Abies beshanzuensis seedlings: integra,,daily-42211474.md,daily,TRUE,gold,https://doi.org/10.3389/fpls.2026.1833397,
10.3389/fpls.2026.1815995,Mechanisms behind idr1-1 mutation conferring osmotic-stress tolerance to rice se,,daily-42211481.md,daily,TRUE,gold,https://www.frontiersin.org/journals/plant-science/articles/10.3389/fpls.2026.1815995/pdf,
10.3390/molecules28166103,Ultra-sensitive determination of carcinogenic aflatoxins in food matrices using ,,daily-42211791.md,daily,TRUE,gold,https://www.mdpi.com/1420-3049/28/16/6103/pdf?version=1692263121,
10.1093/plcell/koag153,Teamwork Makes the Dream Work: IPA1 and OsNPR1 work together to enhance immunity,,daily-42212499.md,daily,TRUE,hybrid,https://doi.org/10.1093/plcell/koag153,
10.1002/tpg2.70260,Correction to ,,daily-42212518.md,daily,TRUE,gold,https://doi.org/10.1002/tpg2.70260,
10.1111/pbi.70695,High-Contiguity Haplotype-Resolved Genome Assembly of the Hexaploid Actinidia va,,daily-42212613.md,daily,TRUE,gold,https://doi.org/10.1111/pbi.70695,
10.1007/s00216-026-06577-0,Proteoform analysis by mass spectrometry reveals post-translational processing o,,daily-42213123.md,daily,TRUE,hybrid,https://link.springer.com/content/pdf/10.1007/s00216-026-06577-0.pdf,
10.1007/s11103-026-01723-9,Exl1 from Pectobacterium activates a jasmonate-dependent immune network in Arabi,,daily-42213207.md,daily,TRUE,hybrid,https://link.springer.com/content/pdf/10.1007/s11103-026-01723-9.pdf,
10.1016/j.celrep.2026.117371,Barceloneic acid A enables Metarhizium robertsii to establish parasitism in inse,,daily-42213785.md,daily,TRUE,gold,https://doi.org/10.1016/j.celrep.2026.117371,
10.1126/sciadv.adz4776,Excess nitric oxide alters cellular pH to restrict salicylic acid movement and s,,daily-42213848.md,daily,TRUE,gold,https://doi.org/10.1126/sciadv.adz4776,
10.1016/j.plaphy.2026.111438,A LEA2 domain-containing protein PpLEA37 promotes seed germination under salinit,,daily-42214172.md,daily,TRUE,hybrid,https://doi.org/10.1016/j.plaphy.2026.111438,
10.1111/tpj.70959,Transcription of photosynthetic genes in the plant chloroplast: lessons from bac,,daily-42214356.md,daily,TRUE,hybrid,https://doi.org/10.1111/tpj.70959,
10.1186/s12864-026-12942-1,Identification of the AkLOX gene family in Amorphophallus konjac and analysis of,,daily-42215866.md,daily,TRUE,gold,https://doi.org/10.1186/s12864-026-12942-1,
10.1186/s12866-026-05209-y,Specific monitoring of viable plant growth-promoting Bacillus velezensis PH-023 ,,daily-42215877.md,daily,TRUE,gold,https://doi.org/10.1186/s12866-026-05209-y,
10.1186/s40168-026-02439-0,Biosynthesized selenium nanoparticles increase soybean resistance to root rot by,,daily-42216058.md,daily,TRUE,gold,https://doi.org/10.1186/s40168-026-02439-0,
10.1186/s12870-026-09084-7,Integration of ATAC-seq and RNA-seq profiling reveals an epigenetic regulator of,,daily-42216123.md,daily,TRUE,gold,https://doi.org/10.1186/s12870-026-09084-7,
10.1111/nph.71302,Thioredoxin system modulates metabolic and stomatal responses to elevated CO2 in,,daily-42216313.md,daily,TRUE,hybrid,https://doi.org/10.1111/nph.71302,
10.1111/febs.70594,Wee1 kinase differentially regulates maize CDKA2;1a and CDKB1;1,,daily-42216427.md,daily,TRUE,hybrid,https://doi.org/10.1111/febs.70594,
10.1111/pbi.70689,Interactional Endocytosis and Transmembrane Transport Promote Cellular Internali,,daily-42216478.md,daily,TRUE,gold,https://doi.org/10.1111/pbi.70689,
10.1111/mpp.70275,The Role of Two Glycoalkaloid Metabolism Genes in α-Tomatine Biosynthesis and Ba,,daily-42216500.md,daily,TRUE,gold,https://doi.org/10.1111/mpp.70275,
10.31083/JIN49065,Tea Polyphenols Protect the Blood-Brain Barrier Structure in the Hippocampus of ,,daily-42216644.md,daily,TRUE,gold,https://storage.imrpress.com/IMR/2054078702980751400/application/1757-448X-25-5-49065.pdf,
10.1093/plcell/koag105,Correction to: Emergence and evolution of canonical microRNAs: A case study in A,,daily-42216690.md,daily,TRUE,hybrid,https://doi.org/10.1093/plcell/koag105,
10.1111/1750-3841.71171,Optimizing Spinach Shelf Life and Nutritional Quality Using Targeted LED Light T,,daily-42216706.md,daily,TRUE,hybrid,https://doi.org/10.1111/1750-3841.71171,
10.1007/s11274-026-05055-0,Potential of Serratia sp. KF23 in stimulating soybean growth and alleviating the,,daily-42217142.md,daily,TRUE,hybrid,https://link.springer.com/content/pdf/10.1007/s11274-026-05055-0.pdf,
10.1016/j.plaphy.2026.111437,Genetic diversity and regulatory mechanism of anthocyanin-related glutathione S-,,daily-42217425.md,daily,TRUE,hybrid,https://doi.org/10.1016/j.plaphy.2026.111437,
10.1016/j.plaphy.2026.111225,Distinct fatty acid and phenolic signatures define serotonin and melatonin seed ,,daily-42217426.md,daily,TRUE,hybrid,https://doi.org/10.1016/j.plaphy.2026.111225,
10.1016/j.ecoenv.2026.120324,CYP2A13 upregulation contributes to lung tumorigenesis upon NNK exposure,,daily-42217486.md,daily,TRUE,gold,https://doi.org/10.1016/j.ecoenv.2026.120324,
10.1016/j.ecoenv.2026.120322,Phenolic acids in root exudates mediate laccase-induced formation of estrogen pr,,daily-42217488.md,daily,TRUE,gold,https://doi.org/10.1016/j.ecoenv.2026.120322,
10.1016/j.bpsc.2026.05.012,Responses of the Neurobiological Craving Signature to smoking versus alternative,,daily-42217754.md,daily,TRUE,hybrid,https://doi.org/10.1016/j.bpsc.2026.05.012,
10.3168/jds.2025-28026,Effects of rumen-protected methionine on lactating F1 Holstein x Gyr cows grazin,,daily-42217785.md,daily,TRUE,gold,https://www.journalofdairyscience.org/article/S0022-0302(26)02861-4/pdf,
10.1038/s41598-026-53047-9,Bifunctional epoxy coatings containing new nano-hybrid based on lignin for decor,,daily-42218189.md,daily,TRUE,gold,https://www.nature.com/articles/s41598-026-53047-9.pdf,
10.1038/s41598-026-49740-4,"Interactive roles of mineralogy, microbial community composition and litter qual",,daily-42218210.md,daily,TRUE,gold,https://doi.org/10.1038/s41598-026-49740-4,
10.1038/s41598-026-55425-9,"Insights into the antibacterial, antifungal, and antiparasitic activities of fun",,daily-42218238.md,daily,TRUE,gold,https://www.nature.com/articles/s41598-026-55425-9_reference.pdf,
10.1038/s41598-026-55131-6,Native rhizobia nodulating soybean (Glycine max (L.) Merr.) performs better than,,daily-42218251.md,daily,TRUE,gold,https://www.nature.com/articles/s41598-026-55131-6_reference.pdf,
10.1038/s41598-026-55620-8,Effect of Agrobacterium tumefaciens on papaya whitefly Trialeurodes variabilis p,,daily-42218263.md,daily,TRUE,gold,https://doi.org/10.1038/s41598-026-55620-8,
10.1038/s41598-026-55509-6,Soil health and economic evaluations of direct seeded rice through metabolomic a,,daily-42218265.md,daily,TRUE,gold,https://www.nature.com/articles/s41598-026-55509-6_reference.pdf,
10.1038/s41598-026-55665-9,Effect of salicylic acid and silicon on physiological parameters and anatomical ,,daily-42218306.md,daily,TRUE,gold,https://www.nature.com/articles/s41598-026-55665-9_reference.pdf,
10.1186/s12870-026-09121-5,Deciphering the mechanism of selenium-induced resistance to TR4 in bananas via p,,daily-42218383.md,daily,TRUE,gold,https://doi.org/10.1186/s12870-026-09121-5,
10.1186/s12870-026-09151-z,Identification and transcriptome analysis of a major locus for eye depth in tetr,,daily-42218392.md,daily,TRUE,gold,https://doi.org/10.1186/s12870-026-09151-z,
10.1186/s12870-026-09056-x,Functional characterization of PpGS2 promoter in response to hormonal and enviro,,daily-42218394.md,daily,TRUE,gold,https://doi.org/10.1186/s12870-026-09056-x,
10.1186/s12864-026-12987-2,scTrends: automated classification and strength quantification of gene expressio,,daily-42218405.md,daily,TRUE,gold,https://doi.org/10.1186/s12864-026-12987-2,
10.1186/s13068-026-02778-y,"Wastewater-to-biofuels and bioproducts through integrated anaerobic digestion, b",,daily-42218480.md,daily,TRUE,gold,https://doi.org/10.1186/s13068-026-02778-y,
10.1186/s40462-026-00664-8,Greater pollen-mediated gene flow among than within populations of a bumblebee-p,,daily-42218497.md,daily,TRUE,gold,https://doi.org/10.1186/s40462-026-00664-8,
10.1186/s12967-026-08339-z,Toosendanin suppresses acute myeloid leukemia by targeting DDX5/c-Myc axis to in,,daily-42218538.md,daily,TRUE,gold,https://doi.org/10.1186/s12967-026-08339-z,
10.1093/bib/bbag270,CLCNet: a contrastive learning and chromosome-aware network for genomic predicti,,daily-42218721.md,daily,TRUE,gold,https://doi.org/10.1093/bib/bbag270,
10.1007/s00425-026-05035-6,Untangling the biochemical warfare of plant defence mechanisms against Meloidogy,,daily-42218724.md,daily,TRUE,hybrid,https://link.springer.com/content/pdf/10.1007/s00425-026-05035-6.pdf,
10.1007/s00432-026-06524-7,Residential radon exposure and lung cancer histology and stage: a population-bas,,daily-42218725.md,daily,TRUE,gold,https://doi.org/10.1007/s00432-026-06524-7,
10.1094/PHYTO-11-25-0365-R,Wheat Diseases and Pests in Pakistan: A Nationwide Assessment,,daily-42218777.md,daily,TRUE,gold,https://doi.org/10.31220/agrirxiv.2025.00366,
10.1094/MPMI-12-25-0174-R,Pathogen Species-Specific Differences in Induction of the Maize Polyubiquitin Ge,,daily-42218787.md,daily,TRUE,gold,https://doi.org/10.1094/mpmi-12-25-0174-r,
10.1111/ppl.70952,Pit Membrane Thickness Determines Differences in Embolism Resistance Among Brass,,daily-42219231.md,daily,TRUE,hybrid,https://doi.org/10.1111/ppl.70952,
10.1507/endocrj.EJ26-0148,"Intracrine androgen metabolism in the meibomian gland: regulation, circadian con",,daily-42219372.md,daily,TRUE,diamond,https://doi.org/10.1507/endocrj.ej26-0148,
10.1111/pbi.70700,Spatially Resolved ABA Signalling Reveals Dual Role in Tomato Yield,,daily-42220070.md,daily,TRUE,gold,https://doi.org/10.1111/pbi.70700,
10.1002/advs.75873,Histone Modification Complex JMJ704-HDA709 Negatively Regulates Salinity Toleran,,daily-42220093.md,daily,TRUE,gold,https://doi.org/10.1002/advs.75873,
10.1111/tpj.70969,Chloroplast glycerolipid metabolism during maintenance and under stress,,daily-42220160.md,daily,TRUE,hybrid,https://onlinelibrary.wiley.com/doi/pdfdirect/10.1111/tpj.70969,
10.1016/j.eehl.2026.100247,Production of rhizosphere reactive oxygen species by root-surface iron plaque du,,daily-42220625.md,daily,TRUE,diamond,https://doi.org/10.1016/j.eehl.2026.100247,
10.5409/wjcp.v15.i2.112843,Food protein-induced enterocolitis syndrome in children: An updated review on pa,,daily-42220934.md,daily,TRUE,diamond,https://doi.org/10.5409/wjcp.v15.i2.112843,
10.1016/j.fochx.2026.103942,Assembly of resistant starch type 5 in two amylose matrices: effects of fatty ac,,daily-42221232.md,daily,TRUE,gold,https://doi.org/10.1016/j.fochx.2026.103942,
10.3389/fmicb.2026.1788341,Potassium-solubilizing bacteria from tropical forest soils enhance potassium and,,daily-42221480.md,daily,TRUE,gold,https://doi.org/10.3389/fmicb.2026.1788341,
10.3389/fmicb.2026.1836902,Genomic and microecological insights into the biocontrol mechanisms of Bacillus ,,daily-42221488.md,daily,TRUE,gold,https://doi.org/10.3389/fmicb.2026.1836902,
10.3389/fpls.2026.1845603,Pan-genome analysis of soybean terpene synthase identifies GmTPS20 as a defense-,,daily-42221884.md,daily,TRUE,gold,https://doi.org/10.3389/fpls.2026.1845603,
10.1111/tpj.16983,A comprehensive SPET-based linkage mapping for berry texture and defective seed ,,daily-42221885.md,daily,TRUE,hybrid,https://onlinelibrary.wiley.com/doi/pdfdirect/10.1111/tpj.16983,
10.3389/fpls.2026.1827521,Monitoring plant moisture content and optimizing irrigation prescriptions based ,,daily-42221886.md,daily,TRUE,gold,https://www.frontiersin.org/journals/plant-science/articles/10.3389/fpls.2026.1827521/pdf,
10.3389/fpls.2026.1826562,"Toward water-smart cereal production: a narrative review of agronomic, genetic, ",,daily-42221890.md,daily,TRUE,gold,https://www.frontiersin.org/journals/plant-science/articles/10.3389/fpls.2026.1826562/pdf,
10.3389/fpls.2026.1764043,Dual-platform screening of stripe rust resistance in advanced wheat breeding lin,,daily-42221891.md,daily,TRUE,gold,https://www.frontiersin.org/journals/plant-science/articles/10.3389/fpls.2026.1764043/pdf,
10.3389/fpls.2026.1778669,"Evaluation of biochar-based phosphate fertilizer for improving soil properties, ",,daily-42221894.md,daily,TRUE,gold,https://www.frontiersin.org/journals/plant-science/articles/10.3389/fpls.2026.1778669/pdf,
10.3389/fpls.2026.1772837,Comparative study on the effect of elevated levels of carbon dioxide on growth a,,daily-42221895.md,daily,TRUE,gold,https://www.frontiersin.org/journals/plant-science/articles/10.3389/fpls.2026.1772837/pdf,
10.3389/fpls.2026.1775113,Biocontrol of Kosakonia radicincitans and Paraburkholderia phytofirmans against ,,daily-42221898.md,daily,TRUE,gold,https://doi.org/10.3389/fpls.2026.1775113,
10.3389/fpls.2026.1814115,Opaque-2 induced zein reduction and lysine increase suggest a route to quality p,,daily-42221899.md,daily,TRUE,gold,https://doi.org/10.3389/fpls.2026.1814115,
10.3389/fpls.2026.1792750,"Simplicillium lamellicola (Smith) Zare & Gams, a novel hyperparasitic fungus inf",,daily-42221901.md,daily,TRUE,gold,https://doi.org/10.3389/fpls.2026.1792750,
10.3389/fpls.2026.1835554,Mechanistic insights into enhanced drought resistance of modern cultivars and dr,,daily-42221902.md,daily,TRUE,gold,https://doi.org/10.3389/fpls.2026.1835554,
10.1016/j.fochx.2025.103473,Comparative evaluation of high-pressure processing and conventional pasteurizati,,daily-42221996.md,daily,TRUE,gold,https://doi.org/10.1016/j.fochx.2025.103473,
10.1016/j.fochx.2025.103466,Prediction refined vegetable oils oxidative stability using the accelerated ther,,daily-42222003.md,daily,TRUE,gold,https://doi.org/10.1016/j.fochx.2025.103466,
10.1007/s11032-026-01682-5,Pyramiding nn1 6 and rin1 alleles to balance plant height and node number at hig,,daily-42222010.md,daily,TRUE,green,https://pmc.ncbi.nlm.nih.gov/articles/PMC13221557/,
10.1007/s11032-026-01680-7,High resolution mapping and development of diagnostic KASP markers for FHB resis,,daily-42222011.md,daily,TRUE,hybrid,https://link.springer.com/content/pdf/10.1007/s11032-026-01680-7.pdf,
10.1007/s11032-026-01679-0,Genome-wide signatures of selection and genetic diversity reveal the impact of m,,daily-42222012.md,daily,TRUE,hybrid,https://link.springer.com/content/pdf/10.1007/s11032-026-01679-0.pdf,
10.3389/frmbi.2026.1803341,Protist community sites and structure under two barn management systems at a com,,daily-42222136.md,daily,TRUE,diamond,https://www.frontiersin.org/journals/microbiomes/articles/10.3389/frmbi.2026.1803341/pdf,
10.3389/fphar.2026.1791005,Potential roles of plant metabolites and Traditional Chinese Medicine formulas i,,daily-42222143.md,daily,TRUE,gold,https://www.frontiersin.org/journals/pharmacology/articles/10.3389/fphar.2026.1791005/pdf,
10.1093/nsr/nwag184,Genome-wide association studies and QTL mapping for traits deviating from normal,,daily-42222310.md,daily,TRUE,gold,https://doi.org/10.1093/nsr/nwag184,
10.7717/peerj.21350,Investigating the agronomic performance and ecological weed-suppression effects ,,daily-42222489.md,daily,TRUE,gold,https://peerj.com/articles/21350.pdf,
10.1093/tas/txag070,Evaluation of elevated soybean meal diets with inclusion of exogenous enzymes on,,daily-42222521.md,daily,TRUE,gold,https://doi.org/10.1093/tas/txag070,
10.3389/fgene.2026.1784851,Overexpression of the FTSH gene GH_DO1G0225.1 enhances resistance against heat s,,daily-42222598.md,daily,TRUE,gold,https://www.frontiersin.org/journals/genetics/articles/10.3389/fgene.2026.1784851/pdf,
10.2147/JPR.S621916,Response to ,,daily-42222645.md,daily,TRUE,gold,https://www.dovepress.com/article/download/115563,
10.1007/s12298-026-01754-y,24-Epibrassinolide modulates antioxidant regulation and redox homeostasis in soy,,daily-42222723.md,daily,TRUE,hybrid,https://link.springer.com/content/pdf/10.1007/s12298-026-01754-y.pdf,
10.1007/s12298-026-01752-0,Molecular characterization and development of infectious clones of cotton leaf c,,daily-42222724.md,daily,TRUE,green,https://pmc.ncbi.nlm.nih.gov/articles/PMC13216414/,
10.1007/s12298-026-01720-8,The Rubisco small subunit of cucumber interacts with the cucumber mosaic virus m,,daily-42222729.md,daily,TRUE,green,https://pmc.ncbi.nlm.nih.gov/articles/PMC13216408/,
10.1186/S12870-020-02367-7,Amino acid permeases (AAP) family of amino acid transporters influences source-s,,daily-42222732.md,daily,TRUE,gold,https://bmcplantbiol.biomedcentral.com/track/pdf/10.1186/s12870-020-02367-7,
10.1007/s12298-026-01737-z,"Water deficit modulates growth, secondary metabolism, and carvacrol biosynthesis",,daily-42222733.md,daily,TRUE,hybrid,https://doi.org/10.1007/s12298-026-01737-z,
10.1007/s12298-026-01753-z,Nitrogen form substitution identifies nitrogen use efficiency management pathway,,daily-42222734.md,daily,TRUE,hybrid,https://doi.org/10.1007/s12298-026-01753-z,
10.3389/fpls.2016.02045,Genome-wide analysis of NF-Y genes and assessing their potential as miRNA target,,daily-42222735.md,daily,TRUE,gold,https://www.frontiersin.org/articles/10.3389/fpls.2016.02045/pdf,
10.1007/s12298-026-01751-1,Deciphering glyoxalase gene families and their coordinated regulation with the a,,daily-42222736.md,daily,TRUE,green,https://pmc.ncbi.nlm.nih.gov/articles/PMC13216452/,
10.1007/s12298-026-01760-0,Functional validation and regulatory analysis of three homeologous upstream sequ,,daily-42222737.md,daily,TRUE,green,https://pmc.ncbi.nlm.nih.gov/articles/PMC13216425/,
10.1021/acsomega.6c03893,Optimization of Kombucha Fermentation from Green Tea and Pineapple Juice: Chemic,,daily-42222793.md,daily,TRUE,gold,https://doi.org/10.1021/acsomega.6c03893,
10.1007/s13205-026-04738-7,Sustainable agriculture: benefits of slurry microbial fertilizer on corn yield a,,daily-42222853.md,daily,TRUE,green,https://pmc.ncbi.nlm.nih.gov/articles/PMC13219664/,
10.1111/pce.70639,Hydroxypyruvate Reductase 1 and Plastidial Glycolate/Glycerate Transporter 1 Con,,daily-42222920.md,daily,TRUE,hybrid,https://doi.org/10.1111/pce.70639,
10.1093/aob/mcag130,Shoot Apical Meristem (SAM) morphoanatomy of the Mexican cactus Mammillaria san-,,daily-42222942.md,daily,TRUE,hybrid,https://doi.org/10.1093/aob/mcag130,
10.1007/s00405-026-10235-7,Peritonsillar abscess as a clinical sign of oropharyngeal cancer - a Swedish nat,,daily-42223619.md,daily,TRUE,hybrid,https://link.springer.com/content/pdf/10.1007/s00405-026-10235-7.pdf,
10.1007/s13659-025-00568-x,"Sesamol derivatives bearing a quinazolin moiety: synthesis, antifungal efficacy ",,daily-42223756.md,daily,TRUE,diamond,https://link.springer.com/content/pdf/10.1007/s13659-025-00568-x.pdf,
10.1007/s44154-026-00313-5,Multi-omics of barley Fusarium Head Blight converge on pathogen-triggered biosyn,,daily-42223798.md,daily,TRUE,diamond,https://link.springer.com/content/pdf/10.1007/s44154-026-00313-5.pdf,
10.1371/journal.pone.0350348,Expression of Concern: Mapping Quantitative Trait Loci of Resistance to Tomato S,,daily-42224145.md,daily,TRUE,gold,https://journals.plos.org/plosone/article/file?id=10.1371/journal.pone.0350348&type=printable,
10.1371/journal.pone.0350423,Expression of Concern: Unraveling candidate genomic regions responsible for dela,,daily-42224154.md,daily,TRUE,gold,https://doi.org/10.1371/journal.pone.0350423,
10.1371/journal.pone.0349872,Local tourism experiences at World Heritage rice terrace sites in China: A compa,,daily-42224348.md,daily,TRUE,gold,https://doi.org/10.1371/journal.pone.0349872,
10.1093/aob/mcag149,Contrasting responses of pollen and fruit to whole-tree heating in two tropical ,,daily-42224402.md,daily,TRUE,hybrid,https://doi.org/10.1093/aob/mcag149,
10.1073/pnas.2528515123,Synthetic pectin-cellulose nanofiber capsule recapitulates the mechanical proper,,daily-42224583.md,daily,TRUE,hybrid,https://doi.org/10.1073/pnas.2528515123,
10.1016/j.plaphy.2026.111424,A hypomorphic mutation in the boron transporter OsBOR1 sensitizes rice panicle d,,daily-42224743.md,daily,TRUE,hybrid,https://doi.org/10.1016/j.plaphy.2026.111424,
10.1016/j.plaphy.2026.111425,GmSOD from Glycine max fine-tunes H2O2 homeostasis to coordinate antioxidant def,,daily-42224745.md,daily,TRUE,hybrid,https://doi.org/10.1016/j.plaphy.2026.111425,
10.1016/j.plaphy.2026.111429,Identification of candidate gene associated with cotton defoliation using integr,,daily-42224746.md,daily,TRUE,hybrid,https://doi.org/10.1016/j.plaphy.2026.111429,
10.1016/j.plaphy.2026.111435,"Fusarium wilt: A comprehensive review of the biology, ecology, and management of",,daily-42224747.md,daily,TRUE,hybrid,https://doi.org/10.1016/j.plaphy.2026.111435,
10.1016/j.jare.2026.05.052,The GSK2-OsHHO3 module antagonistically regulates disease resistance and drought,,daily-42225231.md,daily,TRUE,gold,https://doi.org/10.1016/j.jare.2026.05.052,
10.1093/plphys/kiag328,A miR396d-PagGRF20-PagXTH5 module balances growth and salt tolerance in poplar,,daily-42225265.md,daily,TRUE,hybrid,https://doi.org/10.1093/plphys/kiag328,
10.1093/plcell/koag157,NAC in the middle: The conserved NAC transcription factor OsCUC1 controls organ ,,daily-42225428.md,daily,TRUE,hybrid,https://doi.org/10.1093/plcell/koag157,
10.1093/plcell/koag156,How wheat SIZes the day under pathogen attack,,daily-42225429.md,daily,TRUE,hybrid,https://doi.org/10.1093/plcell/koag156,
10.1038/s41597-026-07541-4,"The Bacillus rugosus BPH-S36 genome, a symbiont enabling brown planthopper (Nila",,daily-42225647.md,daily,TRUE,gold,https://www.nature.com/articles/s41597-026-07541-4_reference.pdf,
10.1038/s41598-026-55108-5,Chemical composition and insecticidal activity of Salvia rosmarinus 'Eretto Ligu,,daily-42225702.md,daily,TRUE,gold,https://www.nature.com/articles/s41598-026-55108-5_reference.pdf,
10.17221/226/2015-swr,Influence of variation in physicochemical properties of pesticides on their adso,,daily-42225723.md,daily,TRUE,gold,https://www.agriculturejournals.cz/publicFiles/226_2015-SWR.pdf,
10.1038/s41598-026-54837-x,"Solanum incanum-mediated green synthesis and characterization of silver oxide, z",,daily-42225857.md,daily,TRUE,gold,https://www.nature.com/articles/s41598-026-54837-x_reference.pdf,
10.1038/s41598-026-55701-8,Moderate shading improves photosynthetic growth traits and phenanthrene producti,,daily-42225942.md,daily,TRUE,gold,https://doi.org/10.1038/s41598-026-55701-8,
10.1186/s12870-026-08848-5,Construction of high-density genetic map and QTL mapping of flowering traits in ,,daily-42226042.md,daily,TRUE,gold,https://doi.org/10.1186/s12870-026-08848-5,
10.1186/s40793-026-00913-8,Exploring the role of ergothioneine and mycorrhizal fungi in shaping the wheat s,,daily-42226086.md,daily,TRUE,gold,https://doi.org/10.1186/s40793-026-00913-8,
10.1186/s12870-026-09045-0,Ectopic overexpression of cucumber CsBT2 gene increases drought and salt stress ,,daily-42226098.md,daily,TRUE,gold,https://doi.org/10.1186/s12870-026-09045-0,
10.1186/s12870-026-09076-7,Halotolerant PSB enhance barley tolerance to combined salinity and phosphorus de,,daily-42226099.md,daily,TRUE,gold,https://doi.org/10.1186/s12870-026-09076-7,
10.1186/s12864-026-12964-9,VDAL enhances wheat resistance to Fusarium graminearum by modulating defense sig,,daily-42226102.md,daily,TRUE,gold,https://doi.org/10.1186/s12864-026-12964-9,
10.1186/s12870-026-09081-w,Genome-wide characterization and expression analysis of glycoside hydrolase fami,,daily-42226109.md,daily,TRUE,gold,https://doi.org/10.1186/s12870-026-09081-w,
10.1186/s12872-026-05989-1,Association of dietary patterns with all-cause and cause-specific mortality in a,,daily-42226134.md,daily,TRUE,gold,https://doi.org/10.1186/s12872-026-05989-1,
10.1186/s12986-026-01144-x,Purple sweet potato (Ipomoea batatas L. Lam) leaves extract prevents weight gain,,daily-42226237.md,daily,TRUE,gold,https://doi.org/10.1186/s12986-026-01144-x,
10.1111/nph.71308,Arabidopsis DNA repair mutants can integrate Agrobacterium T-DNA into the plant ,,daily-42226386.md,daily,TRUE,hybrid,https://doi.org/10.1111/nph.71308,
10.5713/ab.250925,"The impact of dietary inclusion of tomato pomace silage on feed utilization, hea",,daily-42226424.md,daily,TRUE,gold,https://doi.org/10.5713/ab.250925,
10.1111/jpn.70082,Evaluation of Torula Yeast (Candida utilis) Single Cell Proteins as a Partial Re,,daily-42226445.md,daily,TRUE,hybrid,https://doi.org/10.1111/jpn.70082,
10.1016/j.xplc.2026.101940,The long non-coding RNA NEXUS arose from a chromosomal structural variation enha,,daily-42226459.md,daily,TRUE,gold,https://doi.org/10.1016/j.xplc.2026.101940,
10.1080/15592324.2026.2682037,Exogenous pipecolic acid ameliorates lead-induced phytotoxicity in chili (Capsic,,daily-42226624.md,daily,TRUE,gold,https://doi.org/10.1080/15592324.2026.2682037,
10.1111/pce.70617,Overexpression of Rubisco Activase Improves Photosynthesis and Plant Growth in R,,daily-42226657.md,daily,TRUE,hybrid,https://doi.org/10.1111/pce.70617,
10.1002/jcla.70260,Impact of Different Pre-Dilution Methods on Routine Blood Test Results: A Study ,,daily-42226695.md,daily,TRUE,gold,https://doi.org/10.1002/jcla.70260,
10.1093/jxb/erae209,,,daily-42226749.md,daily,TRUE,bronze,https://academic.oup.com/jxb/advance-article-pdf/doi/10.1093/jxb/erae209/57837416/erae209.pdf,
10.1016/j.eti.2022.102336,Plant-derived chitosan nanoparticles: antibacterial and improved crop performanc,,daily-42226772.md,daily,TRUE,gold,https://doi.org/10.1016/j.eti.2022.102336,
10.1200/JOP.19.00124,Applying Lifestyle Medicine to Enhance Cancer Survivorship and Patient Well-bein,,daily-42226935.md,daily,TRUE,bronze,https://ascopubs.org/doi/pdfdirect/10.1200/JOP.19.00124,
10.1093/hr/uhag046,Chloroplast-to-apoplast relocalization of MOC1 strengthens plant vascular immuni,,daily-42227014.md,daily,TRUE,gold,https://doi.org/10.1093/hr/uhag046,
10.1111/jfd.70212,"Renal Trichodinosis in the Japanese Rice Fish, Oryzias latipes: First Report and",,daily-42227021.md,daily,TRUE,hybrid,https://doi.org/10.1111/jfd.70212,
10.1002/vms3.71015,Effects of Green Tea Extract and (+)-Catechin Hydrate on Sperm Quality and Semin,,daily-42227045.md,daily,TRUE,gold,https://doi.org/10.1002/vms3.71015,
10.1002/pro.70647,Description of the rate-limiting hydrogen tunneling mechanism for plant 9- and 1,,daily-42227275.md,daily,TRUE,hybrid,https://doi.org/10.1002/pro.70647,
10.1105/tpc.19.00971,HDA6 represses the histone acetylation modification and expression of WRKY18/40 ,,daily-42228143.md,daily,TRUE,bronze,https://academic.oup.com/plcell/article-pdf/32/8/2621/36085905/plcell_v32_8_2621.pdf,
10.1186/s12891-024-07760-z,Cuminaldehyde alleviates rat diabetic tendinopathy and improves gait behavior vi,,daily-42228158.md,daily,TRUE,gold,https://bmcmusculoskeletdisord.biomedcentral.com/counter/pdf/10.1186/s12891-024-07760-z,
10.1007/s00122-026-05274-x,A terminal deletion in wheat chromosome arm 3BS contains gene YrJ262 conferring ,,daily-42228168.md,daily,TRUE,hybrid,https://doi.org/10.1007/s00122-026-05274-x,
10.1016/j.yrtph.2018.03.019,Effects of green tea use on the metabolic profile of postmenopausal women: syste,,daily-42228178.md,daily,TRUE,hybrid,https://doi.org/10.1016/j.yrtph.2018.03.019,
10.1016/j.foodchem.2019.125116,Melatonin-mediated regulation of fruit quality and physicochemical attributes: c,,daily-42228182.md,daily,TRUE,green,https://www.osti.gov/biblio/1692238,
10.1111/nph.70796,Genome-wide association studies reveal a functional SNP and candidate genes asso,,daily-42228216.md,daily,TRUE,hybrid,https://doi.org/10.1111/nph.70796,
10.1038/s41598-021-84820-7,Incorporation of Microencapsulated Bioactive Peptides from Brewer's Spent Grain ,,daily-42228241.md,daily,TRUE,gold,https://www.nature.com/articles/s41598-021-84820-7.pdf,
10.1038/s41598-017-15794-8,Nitrogen fertilization increases soil organic carbon through distinct pathways i,,daily-42228254.md,daily,TRUE,gold,https://www.nature.com/articles/s41598-017-15794-8.pdf,
10.3390/PHARMACEUTICS17030388,Bioactive compounds for neuroinflammation and neuropathic pain management: molec,,daily-42228335.md,daily,TRUE,gold,https://www.mdpi.com/1999-4923/17/3/388/pdf?version=1742307725,
10.1093/jisesa/ieag047,Diversity analyses of corn leaf aphid Rhopalosiphum maidis (Hemiptera: Aphididae,,daily-42228521.md,daily,TRUE,gold,https://doi.org/10.1093/jisesa/ieag047,
10.1371/journal.pbio.3003811,miR408-5p and miR408-3p cooperatively reduce cadmium uptake and accumulation in ,,daily-42228685.md,daily,TRUE,gold,https://doi.org/10.1371/journal.pbio.3003811,
10.1371/journal.pone.0350738,A Lipoxygenase 3 mutation reverses growth phenotypes in an Arabidopsis Plastid L,,daily-42228718.md,daily,TRUE,gold,https://doi.org/10.1371/journal.pone.0350738,
10.1371/journal.pone.0335670,Pricing strategies of the tobacco companies in response to cigarette excise tax ,,daily-42228722.md,daily,TRUE,gold,https://doi.org/10.1371/journal.pone.0335670,
10.1371/journal.pone.0349762,"Socio-cultural components related to the cropping, harvesting, and consumption o",,daily-42228731.md,daily,TRUE,gold,https://doi.org/10.1371/journal.pone.0349762,
10.1371/journal.pone.0330962,Healthcare providers' beliefs about the health effects of nicotine and electroni,,daily-42228747.md,daily,TRUE,gold,https://doi.org/10.1371/journal.pone.0330962,
10.1371/journal.pone.0350388,Identification and characterization of two new markers for differentiating fall ,,daily-42228758.md,daily,TRUE,gold,https://doi.org/10.1371/journal.pone.0350388,
10.2196/88125,Use of the Dynamic Systems Development Method to Inform Technology-Assisted Moti,,daily-42228902.md,daily,TRUE,gold,https://doi.org/10.2196/88125,
10.1093/plphys/kiag327,Metabolic modeling predicts synergistic growth benefits between arbuscular mycor,,daily-42228914.md,daily,TRUE,hybrid,https://doi.org/10.1093/plphys/kiag327,
10.1093/aob/mcag154,Does fire-induced bud mortality reduce phenotypic variability?,,daily-42228925.md,daily,TRUE,hybrid,https://doi.org/10.1093/aob/mcag154,
10.1016/j.plaphy.2026.111432,Oxalic acid enhances wheat (Triticum aestivum L.) resilience to combined abiotic,,daily-42229215.md,daily,TRUE,hybrid,https://doi.org/10.1016/j.plaphy.2026.111432,
10.1038/s41598-026-54324-3,PIF4 enhances temperature-independent tolerance to TSWV in Nicotiana benthamiana,,daily-42230699.md,daily,TRUE,gold,https://doi.org/10.1038/s41598-026-54324-3,
10.1038/s41598-026-55875-1,Effects of herbaceous root development on soil water infiltration and hydraulic ,,daily-42230750.md,daily,TRUE,gold,https://www.nature.com/articles/s41598-026-55875-1_reference.pdf,
10.1038/s41598-026-54476-2,Weed-derived allelochemicals enhance maize performance through multidimensional ,,daily-42230861.md,daily,TRUE,gold,https://doi.org/10.1038/s41598-026-54476-2,
10.1038/s41598-026-55973-0,Management practices and elevated atmospheric CO,,daily-42230867.md,daily,TRUE,gold,https://doi.org/10.1038/s41598-026-55973-0,
10.1038/s41598-026-53386-7,Swine wastewater-cultivated Chlorella sorokiniana reduces cadmium accumulation i,,daily-42230877.md,daily,TRUE,gold,https://doi.org/10.1038/s41598-026-53386-7,
10.1038/s41598-026-56162-9,A multi-scale supervised contrastive framework for cross-domain soybean disease ,,daily-42230993.md,daily,TRUE,gold,https://doi.org/10.1038/s41598-026-56162-9,
10.1186/s12864-026-12941-2,Comparative transcriptome analysis of sesame flower organs and potential functio,,daily-42231153.md,daily,TRUE,gold,https://doi.org/10.1186/s12864-026-12941-2,
10.1186/s12870-026-09173-7,Large-scale structural variations induced by transposable elements promote popul,,daily-42231154.md,daily,TRUE,gold,https://doi.org/10.1186/s12870-026-09173-7,
10.1186/s12870-026-09118-0,Weather-dependent effects of Alternate Wetting and Drying (AWD) irrigation on ra,,daily-42231160.md,daily,TRUE,gold,https://doi.org/10.1186/s12870-026-09118-0,
10.1186/s12870-026-09156-8,Genome-wide identification of the NHX gene family in sweet cherry and functional,,daily-42231161.md,daily,TRUE,gold,https://doi.org/10.1186/s12870-026-09156-8,
10.1186/s12870-026-09166-6,Multiple inducible DNA double-strand breaks using a restriction endonuclease in ,,daily-42231171.md,daily,TRUE,gold,https://doi.org/10.1186/s12870-026-09166-6,
10.1186/s12870-026-08921-z,Characterization and comparative analysis of the complete mitochondrial genome s,,daily-42231172.md,daily,TRUE,gold,https://doi.org/10.1186/s12870-026-08921-z,
10.1186/s12870-026-09155-9,Establishment of an efficient and reliable Agrobacterium-mediated genetic transf,,daily-42231177.md,daily,TRUE,gold,https://doi.org/10.1186/s12870-026-09155-9,
10.1186/s12870-026-09102-8,Mid-winter de-acclimation triggers a stress-like response in leaves of cold-accl,,daily-42231184.md,daily,TRUE,gold,https://doi.org/10.1186/s12870-026-09102-8,
10.1186/s12870-026-09161-x,Comparative physiological and transcriptomic analysis of rapid post-midday photo,,daily-42231189.md,daily,TRUE,gold,https://doi.org/10.1186/s12870-026-09161-x,
10.1186/s13019-026-04274-8,Sex impacts outcome in minimally invasive surgery of the ascending aorta: a prop,,daily-42231440.md,daily,TRUE,gold,https://doi.org/10.1186/s13019-026-04274-8,
10.1016/j.molp.2026.05.024,Heat shock-induced zinc efflux repurposes Arabidopsis E3 ligase EMR as a molecul,,daily-42231572.md,daily,TRUE,hybrid,https://doi.org/10.1016/j.molp.2026.05.024,
10.1016/S2468-2667(22)00112-8,The disease burden attributable to tobacco use in China and its provinces from 1,,daily-42231880.md,daily,TRUE,gold,http://www.thelancet.com/article/S2468266722001128/pdf,
10.1186/s13059-017-1197-z,Antagonistic regulation of anthocyanin biosynthesis by HY5 and BPC1 in ,,daily-42231887.md,daily,TRUE,gold,https://genomebiology.biomedcentral.com/track/pdf/10.1186/s13059-017-1197-z,
10.3390/plants13192712,Spray-induced gene silencing for plant disease control: mechanistic basis and de,,daily-42231891.md,daily,TRUE,gold,https://doi.org/10.3390/plants13192712,
10.3389/fpls.2026.1874796,Correction: Enhanced nitrogen dynamics and uptake in cotton via organic liquid f,,daily-42231892.md,daily,TRUE,gold,https://www.frontiersin.org/journals/plant-science/articles/10.3389/fpls.2026.1874796/pdf,
10.3390/agronomy11020337,QTLs for heat-induced stomatal anatomy underpin gas exchange variation in field-,,daily-42231893.md,daily,TRUE,gold,https://www.mdpi.com/2073-4395/11/2/337/pdf?version=1614140937,
10.3390/plants9091147,Synergistic adaptation of rice root phosphorus uptake kinetics and leaf carbon-n,,daily-42231894.md,daily,TRUE,gold,https://www.mdpi.com/2223-7747/9/9/1147/pdf,
10.1371/journal.pone.0318571,Enhanced nitrogen dynamics and uptake in cotton via organic liquid fertilizer pa,,daily-42231896.md,daily,TRUE,gold,https://doi.org/10.1371/journal.pone.0318571,
10.1016/j.fochx.2026.104004,Comparative analysis of the quality of fortified sweet wines made from Marselan ,,daily-42232496.md,daily,TRUE,gold,https://doi.org/10.1016/j.fochx.2026.104004,
10.3382/ps.2009-00430,The effects of varying dietary electrolyte balance levels in canola meal-based d,,daily-42232725.md,daily,TRUE,hybrid,https://doi.org/10.3382/ps.2009-00430,
10.1016/j.bioactmat.2026.05.026,Curcuma-derived nanovesicle-loaded ROS-responsive hydrogels reprogram iron metab,,daily-42232745.md,daily,TRUE,gold,https://doi.org/10.1016/j.bioactmat.2026.05.026,
10.1080/02664763.2022.2041565,Asymmetric LAMP-gold nanoparticle biosensing for rapid detection of Kenyan tomat,,daily-42232924.md,daily,TRUE,green,https://pmc.ncbi.nlm.nih.gov/articles/PMC10071901/pdf/CJAS_50_2041565.pdf,
10.1093/brain/awq270,Total elbow arthroplasty for unreconstructible distal humerus fracture sequelae ,,daily-42233104.md,daily,TRUE,bronze,https://academic.oup.com/brain/article-pdf/133/10/2838/930215/awq270.pdf,
10.1590/1519-6984.297938,Evaluation of land suitability and potential production of sorghum (Sorghum bico,,daily-42233842.md,daily,TRUE,gold,https://doi.org/10.1590/1519-6984.297938,
10.1590/1519-6984.300957,Agronomic responses of rice to putative polyploid-inducing plant extracts: a scr,,daily-42233844.md,daily,TRUE,gold,https://www.scielo.br/j/bjb/a/XNZ8ZCgyZWD7QXPxzNFLQnC/?lang=en&format=pdf,
10.1590/1519-6984.302959re,"RETRATAÇÃO PARCIAL - Mapping of quality parameters of pre-processed corn, soybea",,daily-42233852.md,daily,TRUE,gold,https://doi.org/10.1590/1519-6984.302959re,
10.3390/plants15010036,Pathogen-triggered m⁶A epitranscriptomic reprogramming is linked to host defense,,daily-42234141.md,daily,TRUE,gold,https://www.mdpi.com/2223-7747/15/1/36/pdf?version=1766405938,
